index,sn_nand2,sp_nand2,sn_nor2,sp_nor2,sn_buffer_0,sp_buffer_0,sn_buffer_1,sp_buffer_1,sn_buffer_2,sp_buffer_2,sn_buffer_3,sp_buffer_3,tplh,tphl,tp,temper,alter#
1,1.0,1.0,1.0,2.0,1.0,1.0,4.0,4.0,12.0,12.0,40.0,40.0,4.127e-11,3.804e-11,3.965e-11,25.0,1
2,1.0,1.0,1.0,2.0,1.0,1.0,4.0,4.0,12.0,12.0,42.0,42.0,4.131e-11,3.812e-11,3.972e-11,25.0,1
3,1.0,1.0,1.0,2.0,1.0,1.0,4.0,4.0,12.0,12.0,44.0,44.0,4.137e-11,3.823e-11,3.98e-11,25.0,1
4,1.0,1.0,1.0,2.0,1.0,1.0,4.0,4.0,14.0,14.0,40.0,40.0,4.137e-11,3.805e-11,3.971e-11,25.0,1
5,1.0,1.0,1.0,2.0,1.0,1.0,4.0,4.0,14.0,14.0,42.0,42.0,4.141e-11,3.812e-11,3.977e-11,25.0,1
6,1.0,1.0,1.0,2.0,1.0,1.0,4.0,4.0,14.0,14.0,44.0,44.0,4.146e-11,3.819e-11,3.983e-11,25.0,1
7,1.0,1.0,1.0,2.0,1.0,1.0,4.0,4.0,16.0,16.0,40.0,40.0,4.163e-11,3.823e-11,3.993e-11,25.0,1
8,1.0,1.0,1.0,2.0,1.0,1.0,4.0,4.0,16.0,16.0,42.0,42.0,4.163e-11,3.826e-11,3.995e-11,25.0,1
9,1.0,1.0,1.0,2.0,1.0,1.0,4.0,4.0,16.0,16.0,44.0,44.0,4.165e-11,3.832e-11,3.998e-11,25.0,1
10,1.0,1.0,1.0,2.0,1.0,1.0,5.0,5.0,12.0,12.0,40.0,40.0,4.162e-11,3.86e-11,4.011e-11,25.0,1
11,1.0,1.0,1.0,2.0,1.0,1.0,5.0,5.0,12.0,12.0,42.0,42.0,4.168e-11,3.869e-11,4.019e-11,25.0,1
12,1.0,1.0,1.0,2.0,1.0,1.0,5.0,5.0,12.0,12.0,44.0,44.0,4.174e-11,3.879e-11,4.026e-11,25.0,1
13,1.0,1.0,1.0,2.0,1.0,1.0,5.0,5.0,14.0,14.0,40.0,40.0,4.162e-11,3.852e-11,4.007e-11,25.0,1
14,1.0,1.0,1.0,2.0,1.0,1.0,5.0,5.0,14.0,14.0,42.0,42.0,4.164e-11,3.857e-11,4.011e-11,25.0,1
15,1.0,1.0,1.0,2.0,1.0,1.0,5.0,5.0,14.0,14.0,44.0,44.0,4.169e-11,3.865e-11,4.017e-11,25.0,1
16,1.0,1.0,1.0,2.0,1.0,1.0,5.0,5.0,16.0,16.0,40.0,40.0,4.177e-11,3.858e-11,4.017e-11,25.0,1
17,1.0,1.0,1.0,2.0,1.0,1.0,5.0,5.0,16.0,16.0,42.0,42.0,4.176e-11,3.862e-11,4.019e-11,25.0,1
18,1.0,1.0,1.0,2.0,1.0,1.0,5.0,5.0,16.0,16.0,44.0,44.0,4.178e-11,3.867e-11,4.023e-11,25.0,1
19,1.0,1.0,1.0,2.0,1.0,1.0,6.0,6.0,12.0,12.0,40.0,40.0,4.225e-11,3.94e-11,4.082e-11,25.0,1
20,1.0,1.0,1.0,2.0,1.0,1.0,6.0,6.0,12.0,12.0,42.0,42.0,4.23e-11,3.949e-11,4.089e-11,25.0,1
21,1.0,1.0,1.0,2.0,1.0,1.0,6.0,6.0,12.0,12.0,44.0,44.0,4.235e-11,3.958e-11,4.097e-11,25.0,1
22,1.0,1.0,1.0,2.0,1.0,1.0,6.0,6.0,14.0,14.0,40.0,40.0,4.218e-11,3.925e-11,4.072e-11,25.0,1
23,1.0,1.0,1.0,2.0,1.0,1.0,6.0,6.0,14.0,14.0,42.0,42.0,4.219e-11,3.93e-11,4.075e-11,25.0,1
24,1.0,1.0,1.0,2.0,1.0,1.0,6.0,6.0,14.0,14.0,44.0,44.0,4.223e-11,3.938e-11,4.081e-11,25.0,1
25,1.0,1.0,1.0,2.0,1.0,1.0,6.0,6.0,16.0,16.0,40.0,40.0,4.223e-11,3.924e-11,4.073e-11,25.0,1
26,1.0,1.0,1.0,2.0,1.0,1.0,6.0,6.0,16.0,16.0,42.0,42.0,4.223e-11,3.927e-11,4.075e-11,25.0,1
27,1.0,1.0,1.0,2.0,1.0,1.0,6.0,6.0,16.0,16.0,44.0,44.0,4.225e-11,3.932e-11,4.078e-11,25.0,1
28,1.0,1.0,1.0,2.0,2.0,2.0,4.0,4.0,12.0,12.0,40.0,40.0,4.016e-11,3.666e-11,3.841e-11,25.0,1
29,1.0,1.0,1.0,2.0,2.0,2.0,4.0,4.0,12.0,12.0,42.0,42.0,4.023e-11,3.674e-11,3.849e-11,25.0,1
30,1.0,1.0,1.0,2.0,2.0,2.0,4.0,4.0,12.0,12.0,44.0,44.0,4.029e-11,3.685e-11,3.857e-11,25.0,1
31,1.0,1.0,1.0,2.0,2.0,2.0,4.0,4.0,14.0,14.0,40.0,40.0,4.027e-11,3.663e-11,3.845e-11,25.0,1
32,1.0,1.0,1.0,2.0,2.0,2.0,4.0,4.0,14.0,14.0,42.0,42.0,4.031e-11,3.669e-11,3.85e-11,25.0,1
33,1.0,1.0,1.0,2.0,2.0,2.0,4.0,4.0,14.0,14.0,44.0,44.0,4.034e-11,3.676e-11,3.855e-11,25.0,1
34,1.0,1.0,1.0,2.0,2.0,2.0,4.0,4.0,16.0,16.0,40.0,40.0,4.049e-11,3.676e-11,3.863e-11,25.0,1
35,1.0,1.0,1.0,2.0,2.0,2.0,4.0,4.0,16.0,16.0,42.0,42.0,4.05e-11,3.679e-11,3.865e-11,25.0,1
36,1.0,1.0,1.0,2.0,2.0,2.0,4.0,4.0,16.0,16.0,44.0,44.0,4.052e-11,3.685e-11,3.868e-11,25.0,1
37,1.0,1.0,1.0,2.0,2.0,2.0,5.0,5.0,12.0,12.0,40.0,40.0,3.997e-11,3.659e-11,3.828e-11,25.0,1
38,1.0,1.0,1.0,2.0,2.0,2.0,5.0,5.0,12.0,12.0,42.0,42.0,4.001e-11,3.667e-11,3.834e-11,25.0,1
39,1.0,1.0,1.0,2.0,2.0,2.0,5.0,5.0,12.0,12.0,44.0,44.0,4.008e-11,3.678e-11,3.843e-11,25.0,1
40,1.0,1.0,1.0,2.0,2.0,2.0,5.0,5.0,14.0,14.0,40.0,40.0,3.994e-11,3.647e-11,3.82e-11,25.0,1
41,1.0,1.0,1.0,2.0,2.0,2.0,5.0,5.0,14.0,14.0,42.0,42.0,3.997e-11,3.654e-11,3.825e-11,25.0,1
42,1.0,1.0,1.0,2.0,2.0,2.0,5.0,5.0,14.0,14.0,44.0,44.0,4e-11,3.66e-11,3.83e-11,25.0,1
43,1.0,1.0,1.0,2.0,2.0,2.0,5.0,5.0,16.0,16.0,40.0,40.0,4.005e-11,3.648e-11,3.827e-11,25.0,1
44,1.0,1.0,1.0,2.0,2.0,2.0,5.0,5.0,16.0,16.0,42.0,42.0,4.005e-11,3.652e-11,3.829e-11,25.0,1
45,1.0,1.0,1.0,2.0,2.0,2.0,5.0,5.0,16.0,16.0,44.0,44.0,4.008e-11,3.658e-11,3.833e-11,25.0,1
46,1.0,1.0,1.0,2.0,2.0,2.0,6.0,6.0,12.0,12.0,40.0,40.0,4.004e-11,3.676e-11,3.84e-11,25.0,1
47,1.0,1.0,1.0,2.0,2.0,2.0,6.0,6.0,12.0,12.0,42.0,42.0,4.009e-11,3.685e-11,3.847e-11,25.0,1
48,1.0,1.0,1.0,2.0,2.0,2.0,6.0,6.0,12.0,12.0,44.0,44.0,4.014e-11,3.695e-11,3.855e-11,25.0,1
49,1.0,1.0,1.0,2.0,2.0,2.0,6.0,6.0,14.0,14.0,40.0,40.0,3.993e-11,3.656e-11,3.825e-11,25.0,1
50,1.0,1.0,1.0,2.0,2.0,2.0,6.0,6.0,14.0,14.0,42.0,42.0,3.995e-11,3.662e-11,3.828e-11,25.0,1
51,1.0,1.0,1.0,2.0,2.0,2.0,6.0,6.0,14.0,14.0,44.0,44.0,4e-11,3.669e-11,3.834e-11,25.0,1
52,1.0,1.0,1.0,2.0,2.0,2.0,6.0,6.0,16.0,16.0,40.0,40.0,3.996e-11,3.651e-11,3.824e-11,25.0,1
53,1.0,1.0,1.0,2.0,2.0,2.0,6.0,6.0,16.0,16.0,42.0,42.0,3.996e-11,3.655e-11,3.826e-11,25.0,1
54,1.0,1.0,1.0,2.0,2.0,2.0,6.0,6.0,16.0,16.0,44.0,44.0,3.998e-11,3.661e-11,3.829e-11,25.0,1
55,1.0,1.0,1.0,2.0,3.0,3.0,4.0,4.0,12.0,12.0,40.0,40.0,4.066e-11,3.707e-11,3.886e-11,25.0,1
56,1.0,1.0,1.0,2.0,3.0,3.0,4.0,4.0,12.0,12.0,42.0,42.0,4.07e-11,3.716e-11,3.893e-11,25.0,1
57,1.0,1.0,1.0,2.0,3.0,3.0,4.0,4.0,12.0,12.0,44.0,44.0,4.076e-11,3.726e-11,3.901e-11,25.0,1
58,1.0,1.0,1.0,2.0,3.0,3.0,4.0,4.0,14.0,14.0,40.0,40.0,4.073e-11,3.704e-11,3.888e-11,25.0,1
59,1.0,1.0,1.0,2.0,3.0,3.0,4.0,4.0,14.0,14.0,42.0,42.0,4.078e-11,3.71e-11,3.894e-11,25.0,1
60,1.0,1.0,1.0,2.0,3.0,3.0,4.0,4.0,14.0,14.0,44.0,44.0,4.082e-11,3.717e-11,3.9e-11,25.0,1
61,1.0,1.0,1.0,2.0,3.0,3.0,4.0,4.0,16.0,16.0,40.0,40.0,4.096e-11,3.713e-11,3.905e-11,25.0,1
62,1.0,1.0,1.0,2.0,3.0,3.0,4.0,4.0,16.0,16.0,42.0,42.0,4.098e-11,3.719e-11,3.908e-11,25.0,1
63,1.0,1.0,1.0,2.0,3.0,3.0,4.0,4.0,16.0,16.0,44.0,44.0,4.101e-11,3.725e-11,3.913e-11,25.0,1
64,1.0,1.0,1.0,2.0,3.0,3.0,5.0,5.0,12.0,12.0,40.0,40.0,4.026e-11,3.68e-11,3.853e-11,25.0,1
65,1.0,1.0,1.0,2.0,3.0,3.0,5.0,5.0,12.0,12.0,42.0,42.0,4.031e-11,3.69e-11,3.86e-11,25.0,1
66,1.0,1.0,1.0,2.0,3.0,3.0,5.0,5.0,12.0,12.0,44.0,44.0,4.037e-11,3.699e-11,3.868e-11,25.0,1
67,1.0,1.0,1.0,2.0,3.0,3.0,5.0,5.0,14.0,14.0,40.0,40.0,4.022e-11,3.665e-11,3.844e-11,25.0,1
68,1.0,1.0,1.0,2.0,3.0,3.0,5.0,5.0,14.0,14.0,42.0,42.0,4.025e-11,3.672e-11,3.848e-11,25.0,1
69,1.0,1.0,1.0,2.0,3.0,3.0,5.0,5.0,14.0,14.0,44.0,44.0,4.029e-11,3.679e-11,3.854e-11,25.0,1
70,1.0,1.0,1.0,2.0,3.0,3.0,5.0,5.0,16.0,16.0,40.0,40.0,4.032e-11,3.665e-11,3.849e-11,25.0,1
71,1.0,1.0,1.0,2.0,3.0,3.0,5.0,5.0,16.0,16.0,42.0,42.0,4.033e-11,3.67e-11,3.851e-11,25.0,1
72,1.0,1.0,1.0,2.0,3.0,3.0,5.0,5.0,16.0,16.0,44.0,44.0,4.035e-11,3.677e-11,3.856e-11,25.0,1
73,1.0,1.0,1.0,2.0,3.0,3.0,6.0,6.0,12.0,12.0,40.0,40.0,4.013e-11,3.677e-11,3.845e-11,25.0,1
74,1.0,1.0,1.0,2.0,3.0,3.0,6.0,6.0,12.0,12.0,42.0,42.0,4.019e-11,3.686e-11,3.853e-11,25.0,1
75,1.0,1.0,1.0,2.0,3.0,3.0,6.0,6.0,12.0,12.0,44.0,44.0,4.026e-11,3.696e-11,3.861e-11,25.0,1
76,1.0,1.0,1.0,2.0,3.0,3.0,6.0,6.0,14.0,14.0,40.0,40.0,4.002e-11,3.655e-11,3.828e-11,25.0,1
77,1.0,1.0,1.0,2.0,3.0,3.0,6.0,6.0,14.0,14.0,42.0,42.0,4.006e-11,3.66e-11,3.833e-11,25.0,1
78,1.0,1.0,1.0,2.0,3.0,3.0,6.0,6.0,14.0,14.0,44.0,44.0,4.01e-11,3.669e-11,3.839e-11,25.0,1
79,1.0,1.0,1.0,2.0,3.0,3.0,6.0,6.0,16.0,16.0,40.0,40.0,4.004e-11,3.648e-11,3.826e-11,25.0,1
80,1.0,1.0,1.0,2.0,3.0,3.0,6.0,6.0,16.0,16.0,42.0,42.0,4.005e-11,3.653e-11,3.829e-11,25.0,1
81,1.0,1.0,1.0,2.0,3.0,3.0,6.0,6.0,16.0,16.0,44.0,44.0,4.007e-11,3.658e-11,3.832e-11,25.0,1
82,1.0,1.0,2.0,4.0,1.0,1.0,4.0,4.0,12.0,12.0,40.0,40.0,4.747e-11,4.234e-11,4.491e-11,25.0,1
83,1.0,1.0,2.0,4.0,1.0,1.0,4.0,4.0,12.0,12.0,42.0,42.0,4.753e-11,4.244e-11,4.498e-11,25.0,1
84,1.0,1.0,2.0,4.0,1.0,1.0,4.0,4.0,12.0,12.0,44.0,44.0,4.76e-11,4.252e-11,4.506e-11,25.0,1
85,1.0,1.0,2.0,4.0,1.0,1.0,4.0,4.0,14.0,14.0,40.0,40.0,4.76e-11,4.236e-11,4.498e-11,25.0,1
86,1.0,1.0,2.0,4.0,1.0,1.0,4.0,4.0,14.0,14.0,42.0,42.0,4.762e-11,4.241e-11,4.502e-11,25.0,1
87,1.0,1.0,2.0,4.0,1.0,1.0,4.0,4.0,14.0,14.0,44.0,44.0,4.768e-11,4.25e-11,4.509e-11,25.0,1
88,1.0,1.0,2.0,4.0,1.0,1.0,4.0,4.0,16.0,16.0,40.0,40.0,4.784e-11,4.253e-11,4.518e-11,25.0,1
89,1.0,1.0,2.0,4.0,1.0,1.0,4.0,4.0,16.0,16.0,42.0,42.0,4.787e-11,4.256e-11,4.521e-11,25.0,1
90,1.0,1.0,2.0,4.0,1.0,1.0,4.0,4.0,16.0,16.0,44.0,44.0,4.788e-11,4.26e-11,4.524e-11,25.0,1
91,1.0,1.0,2.0,4.0,1.0,1.0,5.0,5.0,12.0,12.0,40.0,40.0,4.785e-11,4.291e-11,4.538e-11,25.0,1
92,1.0,1.0,2.0,4.0,1.0,1.0,5.0,5.0,12.0,12.0,42.0,42.0,4.79e-11,4.298e-11,4.544e-11,25.0,1
93,1.0,1.0,2.0,4.0,1.0,1.0,5.0,5.0,12.0,12.0,44.0,44.0,4.795e-11,4.308e-11,4.551e-11,25.0,1
94,1.0,1.0,2.0,4.0,1.0,1.0,5.0,5.0,14.0,14.0,40.0,40.0,4.785e-11,4.281e-11,4.533e-11,25.0,1
95,1.0,1.0,2.0,4.0,1.0,1.0,5.0,5.0,14.0,14.0,42.0,42.0,4.788e-11,4.288e-11,4.538e-11,25.0,1
96,1.0,1.0,2.0,4.0,1.0,1.0,5.0,5.0,14.0,14.0,44.0,44.0,4.791e-11,4.294e-11,4.542e-11,25.0,1
97,1.0,1.0,2.0,4.0,1.0,1.0,5.0,5.0,16.0,16.0,40.0,40.0,4.797e-11,4.287e-11,4.542e-11,25.0,1
98,1.0,1.0,2.0,4.0,1.0,1.0,5.0,5.0,16.0,16.0,42.0,42.0,4.799e-11,4.291e-11,4.545e-11,25.0,1
99,1.0,1.0,2.0,4.0,1.0,1.0,5.0,5.0,16.0,16.0,44.0,44.0,4.801e-11,4.297e-11,4.549e-11,25.0,1
100,1.0,1.0,2.0,4.0,1.0,1.0,6.0,6.0,12.0,12.0,40.0,40.0,4.848e-11,4.371e-11,4.61e-11,25.0,1
101,1.0,1.0,2.0,4.0,1.0,1.0,6.0,6.0,12.0,12.0,42.0,42.0,4.852e-11,4.38e-11,4.616e-11,25.0,1
102,1.0,1.0,2.0,4.0,1.0,1.0,6.0,6.0,12.0,12.0,44.0,44.0,4.859e-11,4.389e-11,4.624e-11,25.0,1
103,1.0,1.0,2.0,4.0,1.0,1.0,6.0,6.0,14.0,14.0,40.0,40.0,4.839e-11,4.355e-11,4.597e-11,25.0,1
104,1.0,1.0,2.0,4.0,1.0,1.0,6.0,6.0,14.0,14.0,42.0,42.0,4.842e-11,4.362e-11,4.602e-11,25.0,1
105,1.0,1.0,2.0,4.0,1.0,1.0,6.0,6.0,14.0,14.0,44.0,44.0,4.846e-11,4.367e-11,4.607e-11,25.0,1
106,1.0,1.0,2.0,4.0,1.0,1.0,6.0,6.0,16.0,16.0,40.0,40.0,4.846e-11,4.354e-11,4.6e-11,25.0,1
107,1.0,1.0,2.0,4.0,1.0,1.0,6.0,6.0,16.0,16.0,42.0,42.0,4.846e-11,4.358e-11,4.602e-11,25.0,1
108,1.0,1.0,2.0,4.0,1.0,1.0,6.0,6.0,16.0,16.0,44.0,44.0,4.849e-11,4.362e-11,4.605e-11,25.0,1
109,1.0,1.0,2.0,4.0,2.0,2.0,4.0,4.0,12.0,12.0,40.0,40.0,4.582e-11,4.033e-11,4.308e-11,25.0,1
110,1.0,1.0,2.0,4.0,2.0,2.0,4.0,4.0,12.0,12.0,42.0,42.0,4.587e-11,4.044e-11,4.316e-11,25.0,1
111,1.0,1.0,2.0,4.0,2.0,2.0,4.0,4.0,12.0,12.0,44.0,44.0,4.595e-11,4.053e-11,4.324e-11,25.0,1
112,1.0,1.0,2.0,4.0,2.0,2.0,4.0,4.0,14.0,14.0,40.0,40.0,4.591e-11,4.033e-11,4.312e-11,25.0,1
113,1.0,1.0,2.0,4.0,2.0,2.0,4.0,4.0,14.0,14.0,42.0,42.0,4.594e-11,4.039e-11,4.316e-11,25.0,1
114,1.0,1.0,2.0,4.0,2.0,2.0,4.0,4.0,14.0,14.0,44.0,44.0,4.599e-11,4.047e-11,4.323e-11,25.0,1
115,1.0,1.0,2.0,4.0,2.0,2.0,4.0,4.0,16.0,16.0,40.0,40.0,4.614e-11,4.046e-11,4.33e-11,25.0,1
116,1.0,1.0,2.0,4.0,2.0,2.0,4.0,4.0,16.0,16.0,42.0,42.0,4.616e-11,4.051e-11,4.333e-11,25.0,1
117,1.0,1.0,2.0,4.0,2.0,2.0,4.0,4.0,16.0,16.0,44.0,44.0,4.618e-11,4.055e-11,4.337e-11,25.0,1
118,1.0,1.0,2.0,4.0,2.0,2.0,5.0,5.0,12.0,12.0,40.0,40.0,4.559e-11,4.027e-11,4.293e-11,25.0,1
119,1.0,1.0,2.0,4.0,2.0,2.0,5.0,5.0,12.0,12.0,42.0,42.0,4.565e-11,4.036e-11,4.301e-11,25.0,1
120,1.0,1.0,2.0,4.0,2.0,2.0,5.0,5.0,12.0,12.0,44.0,44.0,4.571e-11,4.047e-11,4.309e-11,25.0,1
121,1.0,1.0,2.0,4.0,2.0,2.0,5.0,5.0,14.0,14.0,40.0,40.0,4.557e-11,4.015e-11,4.286e-11,25.0,1
122,1.0,1.0,2.0,4.0,2.0,2.0,5.0,5.0,14.0,14.0,42.0,42.0,4.559e-11,4.021e-11,4.29e-11,25.0,1
123,1.0,1.0,2.0,4.0,2.0,2.0,5.0,5.0,14.0,14.0,44.0,44.0,4.563e-11,4.027e-11,4.295e-11,25.0,1
124,1.0,1.0,2.0,4.0,2.0,2.0,5.0,5.0,16.0,16.0,40.0,40.0,4.567e-11,4.016e-11,4.292e-11,25.0,1
125,1.0,1.0,2.0,4.0,2.0,2.0,5.0,5.0,16.0,16.0,42.0,42.0,4.568e-11,4.019e-11,4.294e-11,25.0,1
126,1.0,1.0,2.0,4.0,2.0,2.0,5.0,5.0,16.0,16.0,44.0,44.0,4.571e-11,4.024e-11,4.297e-11,25.0,1
127,1.0,1.0,2.0,4.0,2.0,2.0,6.0,6.0,12.0,12.0,40.0,40.0,4.564e-11,4.042e-11,4.303e-11,25.0,1
128,1.0,1.0,2.0,4.0,2.0,2.0,6.0,6.0,12.0,12.0,42.0,42.0,4.569e-11,4.052e-11,4.31e-11,25.0,1
129,1.0,1.0,2.0,4.0,2.0,2.0,6.0,6.0,12.0,12.0,44.0,44.0,4.575e-11,4.062e-11,4.319e-11,25.0,1
130,1.0,1.0,2.0,4.0,2.0,2.0,6.0,6.0,14.0,14.0,40.0,40.0,4.553e-11,4.022e-11,4.288e-11,25.0,1
131,1.0,1.0,2.0,4.0,2.0,2.0,6.0,6.0,14.0,14.0,42.0,42.0,4.555e-11,4.028e-11,4.292e-11,25.0,1
132,1.0,1.0,2.0,4.0,2.0,2.0,6.0,6.0,14.0,14.0,44.0,44.0,4.559e-11,4.035e-11,4.297e-11,25.0,1
133,1.0,1.0,2.0,4.0,2.0,2.0,6.0,6.0,16.0,16.0,40.0,40.0,4.555e-11,4.017e-11,4.286e-11,25.0,1
134,1.0,1.0,2.0,4.0,2.0,2.0,6.0,6.0,16.0,16.0,42.0,42.0,4.556e-11,4.021e-11,4.289e-11,25.0,1
135,1.0,1.0,2.0,4.0,2.0,2.0,6.0,6.0,16.0,16.0,44.0,44.0,4.558e-11,4.028e-11,4.293e-11,25.0,1
136,1.0,1.0,2.0,4.0,3.0,3.0,4.0,4.0,12.0,12.0,40.0,40.0,4.582e-11,4.025e-11,4.303e-11,25.0,1
137,1.0,1.0,2.0,4.0,3.0,3.0,4.0,4.0,12.0,12.0,42.0,42.0,4.588e-11,4.034e-11,4.311e-11,25.0,1
138,1.0,1.0,2.0,4.0,3.0,3.0,4.0,4.0,12.0,12.0,44.0,44.0,4.594e-11,4.044e-11,4.319e-11,25.0,1
139,1.0,1.0,2.0,4.0,3.0,3.0,4.0,4.0,14.0,14.0,40.0,40.0,4.591e-11,4.02e-11,4.306e-11,25.0,1
140,1.0,1.0,2.0,4.0,3.0,3.0,4.0,4.0,14.0,14.0,42.0,42.0,4.594e-11,4.028e-11,4.311e-11,25.0,1
141,1.0,1.0,2.0,4.0,3.0,3.0,4.0,4.0,14.0,14.0,44.0,44.0,4.6e-11,4.035e-11,4.317e-11,25.0,1
142,1.0,1.0,2.0,4.0,3.0,3.0,4.0,4.0,16.0,16.0,40.0,40.0,4.614e-11,4.032e-11,4.323e-11,25.0,1
143,1.0,1.0,2.0,4.0,3.0,3.0,4.0,4.0,16.0,16.0,42.0,42.0,4.615e-11,4.037e-11,4.326e-11,25.0,1
144,1.0,1.0,2.0,4.0,3.0,3.0,4.0,4.0,16.0,16.0,44.0,44.0,4.618e-11,4.043e-11,4.331e-11,25.0,1
145,1.0,1.0,2.0,4.0,3.0,3.0,5.0,5.0,12.0,12.0,40.0,40.0,4.541e-11,3.995e-11,4.268e-11,25.0,1
146,1.0,1.0,2.0,4.0,3.0,3.0,5.0,5.0,12.0,12.0,42.0,42.0,4.545e-11,4.004e-11,4.275e-11,25.0,1
147,1.0,1.0,2.0,4.0,3.0,3.0,5.0,5.0,12.0,12.0,44.0,44.0,4.551e-11,4.016e-11,4.284e-11,25.0,1
148,1.0,1.0,2.0,4.0,3.0,3.0,5.0,5.0,14.0,14.0,40.0,40.0,4.536e-11,3.981e-11,4.258e-11,25.0,1
149,1.0,1.0,2.0,4.0,3.0,3.0,5.0,5.0,14.0,14.0,42.0,42.0,4.54e-11,3.986e-11,4.263e-11,25.0,1
150,1.0,1.0,2.0,4.0,3.0,3.0,5.0,5.0,14.0,14.0,44.0,44.0,4.543e-11,3.993e-11,4.268e-11,25.0,1
151,1.0,1.0,2.0,4.0,3.0,3.0,5.0,5.0,16.0,16.0,40.0,40.0,4.547e-11,3.981e-11,4.264e-11,25.0,1
152,1.0,1.0,2.0,4.0,3.0,3.0,5.0,5.0,16.0,16.0,42.0,42.0,4.548e-11,3.986e-11,4.267e-11,25.0,1
153,1.0,1.0,2.0,4.0,3.0,3.0,5.0,5.0,16.0,16.0,44.0,44.0,4.551e-11,3.989e-11,4.27e-11,25.0,1
154,1.0,1.0,2.0,4.0,3.0,3.0,6.0,6.0,12.0,12.0,40.0,40.0,4.525e-11,3.991e-11,4.258e-11,25.0,1
155,1.0,1.0,2.0,4.0,3.0,3.0,6.0,6.0,12.0,12.0,42.0,42.0,4.531e-11,3.999e-11,4.265e-11,25.0,1
156,1.0,1.0,2.0,4.0,3.0,3.0,6.0,6.0,12.0,12.0,44.0,44.0,4.537e-11,4.01e-11,4.274e-11,25.0,1
157,1.0,1.0,2.0,4.0,3.0,3.0,6.0,6.0,14.0,14.0,40.0,40.0,4.513e-11,3.967e-11,4.24e-11,25.0,1
158,1.0,1.0,2.0,4.0,3.0,3.0,6.0,6.0,14.0,14.0,42.0,42.0,4.516e-11,3.974e-11,4.245e-11,25.0,1
159,1.0,1.0,2.0,4.0,3.0,3.0,6.0,6.0,14.0,14.0,44.0,44.0,4.521e-11,3.982e-11,4.251e-11,25.0,1
160,1.0,1.0,2.0,4.0,3.0,3.0,6.0,6.0,16.0,16.0,40.0,40.0,4.515e-11,3.963e-11,4.239e-11,25.0,1
161,1.0,1.0,2.0,4.0,3.0,3.0,6.0,6.0,16.0,16.0,42.0,42.0,4.517e-11,3.966e-11,4.242e-11,25.0,1
162,1.0,1.0,2.0,4.0,3.0,3.0,6.0,6.0,16.0,16.0,44.0,44.0,4.518e-11,3.969e-11,4.244e-11,25.0,1
163,2.0,1.0,1.0,2.0,1.0,1.0,4.0,4.0,12.0,12.0,40.0,40.0,3.831e-11,4.019e-11,3.925e-11,25.0,1
164,2.0,1.0,1.0,2.0,1.0,1.0,4.0,4.0,12.0,12.0,42.0,42.0,3.835e-11,4.027e-11,3.931e-11,25.0,1
165,2.0,1.0,1.0,2.0,1.0,1.0,4.0,4.0,12.0,12.0,44.0,44.0,3.842e-11,4.036e-11,3.939e-11,25.0,1
166,2.0,1.0,1.0,2.0,1.0,1.0,4.0,4.0,14.0,14.0,40.0,40.0,3.843e-11,4.02e-11,3.931e-11,25.0,1
167,2.0,1.0,1.0,2.0,1.0,1.0,4.0,4.0,14.0,14.0,42.0,42.0,3.845e-11,4.026e-11,3.935e-11,25.0,1
168,2.0,1.0,1.0,2.0,1.0,1.0,4.0,4.0,14.0,14.0,44.0,44.0,3.85e-11,4.034e-11,3.942e-11,25.0,1
169,2.0,1.0,1.0,2.0,1.0,1.0,4.0,4.0,16.0,16.0,40.0,40.0,3.867e-11,4.037e-11,3.952e-11,25.0,1
170,2.0,1.0,1.0,2.0,1.0,1.0,4.0,4.0,16.0,16.0,42.0,42.0,3.869e-11,4.04e-11,3.955e-11,25.0,1
171,2.0,1.0,1.0,2.0,1.0,1.0,4.0,4.0,16.0,16.0,44.0,44.0,3.872e-11,4.046e-11,3.959e-11,25.0,1
172,2.0,1.0,1.0,2.0,1.0,1.0,5.0,5.0,12.0,12.0,40.0,40.0,3.866e-11,4.075e-11,3.971e-11,25.0,1
173,2.0,1.0,1.0,2.0,1.0,1.0,5.0,5.0,12.0,12.0,42.0,42.0,3.871e-11,4.083e-11,3.977e-11,25.0,1
174,2.0,1.0,1.0,2.0,1.0,1.0,5.0,5.0,12.0,12.0,44.0,44.0,3.878e-11,4.093e-11,3.985e-11,25.0,1
175,2.0,1.0,1.0,2.0,1.0,1.0,5.0,5.0,14.0,14.0,40.0,40.0,3.866e-11,4.066e-11,3.966e-11,25.0,1
176,2.0,1.0,1.0,2.0,1.0,1.0,5.0,5.0,14.0,14.0,42.0,42.0,3.869e-11,4.071e-11,3.97e-11,25.0,1
177,2.0,1.0,1.0,2.0,1.0,1.0,5.0,5.0,14.0,14.0,44.0,44.0,3.874e-11,4.078e-11,3.976e-11,25.0,1
178,2.0,1.0,1.0,2.0,1.0,1.0,5.0,5.0,16.0,16.0,40.0,40.0,3.879e-11,4.072e-11,3.976e-11,25.0,1
179,2.0,1.0,1.0,2.0,1.0,1.0,5.0,5.0,16.0,16.0,42.0,42.0,3.88e-11,4.077e-11,3.978e-11,25.0,1
180,2.0,1.0,1.0,2.0,1.0,1.0,5.0,5.0,16.0,16.0,44.0,44.0,3.883e-11,4.082e-11,3.983e-11,25.0,1
181,2.0,1.0,1.0,2.0,1.0,1.0,6.0,6.0,12.0,12.0,40.0,40.0,3.927e-11,4.154e-11,4.041e-11,25.0,1
182,2.0,1.0,1.0,2.0,1.0,1.0,6.0,6.0,12.0,12.0,42.0,42.0,3.932e-11,4.163e-11,4.048e-11,25.0,1
183,2.0,1.0,1.0,2.0,1.0,1.0,6.0,6.0,12.0,12.0,44.0,44.0,3.939e-11,4.173e-11,4.056e-11,25.0,1
184,2.0,1.0,1.0,2.0,1.0,1.0,6.0,6.0,14.0,14.0,40.0,40.0,3.921e-11,4.14e-11,4.031e-11,25.0,1
185,2.0,1.0,1.0,2.0,1.0,1.0,6.0,6.0,14.0,14.0,42.0,42.0,3.922e-11,4.145e-11,4.033e-11,25.0,1
186,2.0,1.0,1.0,2.0,1.0,1.0,6.0,6.0,14.0,14.0,44.0,44.0,3.926e-11,4.152e-11,4.039e-11,25.0,1
187,2.0,1.0,1.0,2.0,1.0,1.0,6.0,6.0,16.0,16.0,40.0,40.0,3.926e-11,4.138e-11,4.032e-11,25.0,1
188,2.0,1.0,1.0,2.0,1.0,1.0,6.0,6.0,16.0,16.0,42.0,42.0,3.927e-11,4.143e-11,4.035e-11,25.0,1
189,2.0,1.0,1.0,2.0,1.0,1.0,6.0,6.0,16.0,16.0,44.0,44.0,3.93e-11,4.147e-11,4.038e-11,25.0,1
190,2.0,1.0,1.0,2.0,2.0,2.0,4.0,4.0,12.0,12.0,40.0,40.0,3.704e-11,3.879e-11,3.792e-11,25.0,1
191,2.0,1.0,1.0,2.0,2.0,2.0,4.0,4.0,12.0,12.0,42.0,42.0,3.71e-11,3.89e-11,3.8e-11,25.0,1
192,2.0,1.0,1.0,2.0,2.0,2.0,4.0,4.0,12.0,12.0,44.0,44.0,3.716e-11,3.9e-11,3.808e-11,25.0,1
193,2.0,1.0,1.0,2.0,2.0,2.0,4.0,4.0,14.0,14.0,40.0,40.0,3.714e-11,3.879e-11,3.796e-11,25.0,1
194,2.0,1.0,1.0,2.0,2.0,2.0,4.0,4.0,14.0,14.0,42.0,42.0,3.717e-11,3.885e-11,3.801e-11,25.0,1
195,2.0,1.0,1.0,2.0,2.0,2.0,4.0,4.0,14.0,14.0,44.0,44.0,3.722e-11,3.892e-11,3.807e-11,25.0,1
196,2.0,1.0,1.0,2.0,2.0,2.0,4.0,4.0,16.0,16.0,40.0,40.0,3.737e-11,3.89e-11,3.814e-11,25.0,1
197,2.0,1.0,1.0,2.0,2.0,2.0,4.0,4.0,16.0,16.0,42.0,42.0,3.738e-11,3.897e-11,3.818e-11,25.0,1
198,2.0,1.0,1.0,2.0,2.0,2.0,4.0,4.0,16.0,16.0,44.0,44.0,3.741e-11,3.9e-11,3.821e-11,25.0,1
199,2.0,1.0,1.0,2.0,2.0,2.0,5.0,5.0,12.0,12.0,40.0,40.0,3.684e-11,3.875e-11,3.78e-11,25.0,1
200,2.0,1.0,1.0,2.0,2.0,2.0,5.0,5.0,12.0,12.0,42.0,42.0,3.689e-11,3.883e-11,3.786e-11,25.0,1
201,2.0,1.0,1.0,2.0,2.0,2.0,5.0,5.0,12.0,12.0,44.0,44.0,3.696e-11,3.894e-11,3.795e-11,25.0,1
202,2.0,1.0,1.0,2.0,2.0,2.0,5.0,5.0,14.0,14.0,40.0,40.0,3.681e-11,3.861e-11,3.771e-11,25.0,1
203,2.0,1.0,1.0,2.0,2.0,2.0,5.0,5.0,14.0,14.0,42.0,42.0,3.685e-11,3.869e-11,3.777e-11,25.0,1
204,2.0,1.0,1.0,2.0,2.0,2.0,5.0,5.0,14.0,14.0,44.0,44.0,3.689e-11,3.876e-11,3.782e-11,25.0,1
205,2.0,1.0,1.0,2.0,2.0,2.0,5.0,5.0,16.0,16.0,40.0,40.0,3.693e-11,3.863e-11,3.778e-11,25.0,1
206,2.0,1.0,1.0,2.0,2.0,2.0,5.0,5.0,16.0,16.0,42.0,42.0,3.693e-11,3.866e-11,3.779e-11,25.0,1
207,2.0,1.0,1.0,2.0,2.0,2.0,5.0,5.0,16.0,16.0,44.0,44.0,3.696e-11,3.873e-11,3.785e-11,25.0,1
208,2.0,1.0,1.0,2.0,2.0,2.0,6.0,6.0,12.0,12.0,40.0,40.0,3.692e-11,3.892e-11,3.792e-11,25.0,1
209,2.0,1.0,1.0,2.0,2.0,2.0,6.0,6.0,12.0,12.0,42.0,42.0,3.696e-11,3.901e-11,3.799e-11,25.0,1
210,2.0,1.0,1.0,2.0,2.0,2.0,6.0,6.0,12.0,12.0,44.0,44.0,3.703e-11,3.908e-11,3.806e-11,25.0,1
211,2.0,1.0,1.0,2.0,2.0,2.0,6.0,6.0,14.0,14.0,40.0,40.0,3.681e-11,3.87e-11,3.776e-11,25.0,1
212,2.0,1.0,1.0,2.0,2.0,2.0,6.0,6.0,14.0,14.0,42.0,42.0,3.684e-11,3.878e-11,3.781e-11,25.0,1
213,2.0,1.0,1.0,2.0,2.0,2.0,6.0,6.0,14.0,14.0,44.0,44.0,3.687e-11,3.884e-11,3.785e-11,25.0,1
214,2.0,1.0,1.0,2.0,2.0,2.0,6.0,6.0,16.0,16.0,40.0,40.0,3.683e-11,3.865e-11,3.774e-11,25.0,1
215,2.0,1.0,1.0,2.0,2.0,2.0,6.0,6.0,16.0,16.0,42.0,42.0,3.685e-11,3.869e-11,3.777e-11,25.0,1
216,2.0,1.0,1.0,2.0,2.0,2.0,6.0,6.0,16.0,16.0,44.0,44.0,3.687e-11,3.876e-11,3.781e-11,25.0,1
217,2.0,1.0,1.0,2.0,3.0,3.0,4.0,4.0,12.0,12.0,40.0,40.0,3.737e-11,3.922e-11,3.83e-11,25.0,1
218,2.0,1.0,1.0,2.0,3.0,3.0,4.0,4.0,12.0,12.0,42.0,42.0,3.742e-11,3.932e-11,3.837e-11,25.0,1
219,2.0,1.0,1.0,2.0,3.0,3.0,4.0,4.0,12.0,12.0,44.0,44.0,3.75e-11,3.941e-11,3.845e-11,25.0,1
220,2.0,1.0,1.0,2.0,3.0,3.0,4.0,4.0,14.0,14.0,40.0,40.0,3.745e-11,3.92e-11,3.832e-11,25.0,1
221,2.0,1.0,1.0,2.0,3.0,3.0,4.0,4.0,14.0,14.0,42.0,42.0,3.749e-11,3.926e-11,3.837e-11,25.0,1
222,2.0,1.0,1.0,2.0,3.0,3.0,4.0,4.0,14.0,14.0,44.0,44.0,3.754e-11,3.934e-11,3.844e-11,25.0,1
223,2.0,1.0,1.0,2.0,3.0,3.0,4.0,4.0,16.0,16.0,40.0,40.0,3.769e-11,3.931e-11,3.85e-11,25.0,1
224,2.0,1.0,1.0,2.0,3.0,3.0,4.0,4.0,16.0,16.0,42.0,42.0,3.772e-11,3.936e-11,3.854e-11,25.0,1
225,2.0,1.0,1.0,2.0,3.0,3.0,4.0,4.0,16.0,16.0,44.0,44.0,3.773e-11,3.94e-11,3.856e-11,25.0,1
226,2.0,1.0,1.0,2.0,3.0,3.0,5.0,5.0,12.0,12.0,40.0,40.0,3.699e-11,3.895e-11,3.797e-11,25.0,1
227,2.0,1.0,1.0,2.0,3.0,3.0,5.0,5.0,12.0,12.0,42.0,42.0,3.702e-11,3.905e-11,3.804e-11,25.0,1
228,2.0,1.0,1.0,2.0,3.0,3.0,5.0,5.0,12.0,12.0,44.0,44.0,3.709e-11,3.915e-11,3.812e-11,25.0,1
229,2.0,1.0,1.0,2.0,3.0,3.0,5.0,5.0,14.0,14.0,40.0,40.0,3.695e-11,3.882e-11,3.788e-11,25.0,1
230,2.0,1.0,1.0,2.0,3.0,3.0,5.0,5.0,14.0,14.0,42.0,42.0,3.697e-11,3.889e-11,3.793e-11,25.0,1
231,2.0,1.0,1.0,2.0,3.0,3.0,5.0,5.0,14.0,14.0,44.0,44.0,3.702e-11,3.895e-11,3.799e-11,25.0,1
232,2.0,1.0,1.0,2.0,3.0,3.0,5.0,5.0,16.0,16.0,40.0,40.0,3.705e-11,3.882e-11,3.794e-11,25.0,1
233,2.0,1.0,1.0,2.0,3.0,3.0,5.0,5.0,16.0,16.0,42.0,42.0,3.706e-11,3.886e-11,3.796e-11,25.0,1
234,2.0,1.0,1.0,2.0,3.0,3.0,5.0,5.0,16.0,16.0,44.0,44.0,3.709e-11,3.892e-11,3.801e-11,25.0,1
235,2.0,1.0,1.0,2.0,3.0,3.0,6.0,6.0,12.0,12.0,40.0,40.0,3.688e-11,3.893e-11,3.79e-11,25.0,1
236,2.0,1.0,1.0,2.0,3.0,3.0,6.0,6.0,12.0,12.0,42.0,42.0,3.693e-11,3.902e-11,3.798e-11,25.0,1
237,2.0,1.0,1.0,2.0,3.0,3.0,6.0,6.0,12.0,12.0,44.0,44.0,3.699e-11,3.913e-11,3.806e-11,25.0,1
238,2.0,1.0,1.0,2.0,3.0,3.0,6.0,6.0,14.0,14.0,40.0,40.0,3.676e-11,3.871e-11,3.773e-11,25.0,1
239,2.0,1.0,1.0,2.0,3.0,3.0,6.0,6.0,14.0,14.0,42.0,42.0,3.679e-11,3.878e-11,3.778e-11,25.0,1
240,2.0,1.0,1.0,2.0,3.0,3.0,6.0,6.0,14.0,14.0,44.0,44.0,3.682e-11,3.885e-11,3.784e-11,25.0,1
241,2.0,1.0,1.0,2.0,3.0,3.0,6.0,6.0,16.0,16.0,40.0,40.0,3.677e-11,3.863e-11,3.77e-11,25.0,1
242,2.0,1.0,1.0,2.0,3.0,3.0,6.0,6.0,16.0,16.0,42.0,42.0,3.678e-11,3.869e-11,3.773e-11,25.0,1
243,2.0,1.0,1.0,2.0,3.0,3.0,6.0,6.0,16.0,16.0,44.0,44.0,3.681e-11,3.875e-11,3.778e-11,25.0,1
244,2.0,1.0,2.0,4.0,1.0,1.0,4.0,4.0,12.0,12.0,40.0,40.0,4.114e-11,4.441e-11,4.277e-11,25.0,1
245,2.0,1.0,2.0,4.0,1.0,1.0,4.0,4.0,12.0,12.0,42.0,42.0,4.118e-11,4.449e-11,4.283e-11,25.0,1
246,2.0,1.0,2.0,4.0,1.0,1.0,4.0,4.0,12.0,12.0,44.0,44.0,4.124e-11,4.458e-11,4.291e-11,25.0,1
247,2.0,1.0,2.0,4.0,1.0,1.0,4.0,4.0,14.0,14.0,40.0,40.0,4.123e-11,4.44e-11,4.282e-11,25.0,1
248,2.0,1.0,2.0,4.0,1.0,1.0,4.0,4.0,14.0,14.0,42.0,42.0,4.127e-11,4.448e-11,4.288e-11,25.0,1
249,2.0,1.0,2.0,4.0,1.0,1.0,4.0,4.0,14.0,14.0,44.0,44.0,4.132e-11,4.455e-11,4.293e-11,25.0,1
250,2.0,1.0,2.0,4.0,1.0,1.0,4.0,4.0,16.0,16.0,40.0,40.0,4.148e-11,4.457e-11,4.303e-11,25.0,1
251,2.0,1.0,2.0,4.0,1.0,1.0,4.0,4.0,16.0,16.0,42.0,42.0,4.15e-11,4.461e-11,4.306e-11,25.0,1
252,2.0,1.0,2.0,4.0,1.0,1.0,4.0,4.0,16.0,16.0,44.0,44.0,4.153e-11,4.468e-11,4.311e-11,25.0,1
253,2.0,1.0,2.0,4.0,1.0,1.0,5.0,5.0,12.0,12.0,40.0,40.0,4.148e-11,4.496e-11,4.322e-11,25.0,1
254,2.0,1.0,2.0,4.0,1.0,1.0,5.0,5.0,12.0,12.0,42.0,42.0,4.152e-11,4.504e-11,4.328e-11,25.0,1
255,2.0,1.0,2.0,4.0,1.0,1.0,5.0,5.0,12.0,12.0,44.0,44.0,4.159e-11,4.514e-11,4.337e-11,25.0,1
256,2.0,1.0,2.0,4.0,1.0,1.0,5.0,5.0,14.0,14.0,40.0,40.0,4.148e-11,4.489e-11,4.319e-11,25.0,1
257,2.0,1.0,2.0,4.0,1.0,1.0,5.0,5.0,14.0,14.0,42.0,42.0,4.152e-11,4.493e-11,4.322e-11,25.0,1
258,2.0,1.0,2.0,4.0,1.0,1.0,5.0,5.0,14.0,14.0,44.0,44.0,4.155e-11,4.5e-11,4.328e-11,25.0,1
259,2.0,1.0,2.0,4.0,1.0,1.0,5.0,5.0,16.0,16.0,40.0,40.0,4.163e-11,4.495e-11,4.329e-11,25.0,1
260,2.0,1.0,2.0,4.0,1.0,1.0,5.0,5.0,16.0,16.0,42.0,42.0,4.162e-11,4.498e-11,4.33e-11,25.0,1
261,2.0,1.0,2.0,4.0,1.0,1.0,5.0,5.0,16.0,16.0,44.0,44.0,4.164e-11,4.503e-11,4.334e-11,25.0,1
262,2.0,1.0,2.0,4.0,1.0,1.0,6.0,6.0,12.0,12.0,40.0,40.0,4.21e-11,4.577e-11,4.394e-11,25.0,1
263,2.0,1.0,2.0,4.0,1.0,1.0,6.0,6.0,12.0,12.0,42.0,42.0,4.216e-11,4.586e-11,4.401e-11,25.0,1
264,2.0,1.0,2.0,4.0,1.0,1.0,6.0,6.0,12.0,12.0,44.0,44.0,4.22e-11,4.597e-11,4.408e-11,25.0,1
265,2.0,1.0,2.0,4.0,1.0,1.0,6.0,6.0,14.0,14.0,40.0,40.0,4.204e-11,4.562e-11,4.383e-11,25.0,1
266,2.0,1.0,2.0,4.0,1.0,1.0,6.0,6.0,14.0,14.0,42.0,42.0,4.207e-11,4.567e-11,4.387e-11,25.0,1
267,2.0,1.0,2.0,4.0,1.0,1.0,6.0,6.0,14.0,14.0,44.0,44.0,4.21e-11,4.574e-11,4.392e-11,25.0,1
268,2.0,1.0,2.0,4.0,1.0,1.0,6.0,6.0,16.0,16.0,40.0,40.0,4.209e-11,4.561e-11,4.385e-11,25.0,1
269,2.0,1.0,2.0,4.0,1.0,1.0,6.0,6.0,16.0,16.0,42.0,42.0,4.208e-11,4.564e-11,4.386e-11,25.0,1
270,2.0,1.0,2.0,4.0,1.0,1.0,6.0,6.0,16.0,16.0,44.0,44.0,4.211e-11,4.57e-11,4.39e-11,25.0,1
271,2.0,1.0,2.0,4.0,2.0,2.0,4.0,4.0,12.0,12.0,40.0,40.0,3.931e-11,4.242e-11,4.087e-11,25.0,1
272,2.0,1.0,2.0,4.0,2.0,2.0,4.0,4.0,12.0,12.0,42.0,42.0,3.936e-11,4.251e-11,4.094e-11,25.0,1
273,2.0,1.0,2.0,4.0,2.0,2.0,4.0,4.0,12.0,12.0,44.0,44.0,3.943e-11,4.262e-11,4.103e-11,25.0,1
274,2.0,1.0,2.0,4.0,2.0,2.0,4.0,4.0,14.0,14.0,40.0,40.0,3.942e-11,4.239e-11,4.091e-11,25.0,1
275,2.0,1.0,2.0,4.0,2.0,2.0,4.0,4.0,14.0,14.0,42.0,42.0,3.944e-11,4.245e-11,4.094e-11,25.0,1
276,2.0,1.0,2.0,4.0,2.0,2.0,4.0,4.0,14.0,14.0,44.0,44.0,3.948e-11,4.254e-11,4.101e-11,25.0,1
277,2.0,1.0,2.0,4.0,2.0,2.0,4.0,4.0,16.0,16.0,40.0,40.0,3.965e-11,4.251e-11,4.108e-11,25.0,1
278,2.0,1.0,2.0,4.0,2.0,2.0,4.0,4.0,16.0,16.0,42.0,42.0,3.964e-11,4.256e-11,4.11e-11,25.0,1
279,2.0,1.0,2.0,4.0,2.0,2.0,4.0,4.0,16.0,16.0,44.0,44.0,3.967e-11,4.262e-11,4.114e-11,25.0,1
280,2.0,1.0,2.0,4.0,2.0,2.0,5.0,5.0,12.0,12.0,40.0,40.0,3.908e-11,4.233e-11,4.071e-11,25.0,1
281,2.0,1.0,2.0,4.0,2.0,2.0,5.0,5.0,12.0,12.0,42.0,42.0,3.915e-11,4.244e-11,4.079e-11,25.0,1
282,2.0,1.0,2.0,4.0,2.0,2.0,5.0,5.0,12.0,12.0,44.0,44.0,3.92e-11,4.254e-11,4.087e-11,25.0,1
283,2.0,1.0,2.0,4.0,2.0,2.0,5.0,5.0,14.0,14.0,40.0,40.0,3.907e-11,4.221e-11,4.064e-11,25.0,1
284,2.0,1.0,2.0,4.0,2.0,2.0,5.0,5.0,14.0,14.0,42.0,42.0,3.908e-11,4.226e-11,4.067e-11,25.0,1
285,2.0,1.0,2.0,4.0,2.0,2.0,5.0,5.0,14.0,14.0,44.0,44.0,3.913e-11,4.233e-11,4.073e-11,25.0,1
286,2.0,1.0,2.0,4.0,2.0,2.0,5.0,5.0,16.0,16.0,40.0,40.0,3.916e-11,4.223e-11,4.069e-11,25.0,1
287,2.0,1.0,2.0,4.0,2.0,2.0,5.0,5.0,16.0,16.0,42.0,42.0,3.918e-11,4.227e-11,4.073e-11,25.0,1
288,2.0,1.0,2.0,4.0,2.0,2.0,5.0,5.0,16.0,16.0,44.0,44.0,3.92e-11,4.231e-11,4.076e-11,25.0,1
289,2.0,1.0,2.0,4.0,2.0,2.0,6.0,6.0,12.0,12.0,40.0,40.0,3.913e-11,4.251e-11,4.082e-11,25.0,1
290,2.0,1.0,2.0,4.0,2.0,2.0,6.0,6.0,12.0,12.0,42.0,42.0,3.918e-11,4.257e-11,4.088e-11,25.0,1
291,2.0,1.0,2.0,4.0,2.0,2.0,6.0,6.0,12.0,12.0,44.0,44.0,3.924e-11,4.268e-11,4.096e-11,25.0,1
292,2.0,1.0,2.0,4.0,2.0,2.0,6.0,6.0,14.0,14.0,40.0,40.0,3.902e-11,4.229e-11,4.066e-11,25.0,1
293,2.0,1.0,2.0,4.0,2.0,2.0,6.0,6.0,14.0,14.0,42.0,42.0,3.905e-11,4.234e-11,4.07e-11,25.0,1
294,2.0,1.0,2.0,4.0,2.0,2.0,6.0,6.0,14.0,14.0,44.0,44.0,3.909e-11,4.242e-11,4.075e-11,25.0,1
295,2.0,1.0,2.0,4.0,2.0,2.0,6.0,6.0,16.0,16.0,40.0,40.0,3.904e-11,4.223e-11,4.063e-11,25.0,1
296,2.0,1.0,2.0,4.0,2.0,2.0,6.0,6.0,16.0,16.0,42.0,42.0,3.907e-11,4.229e-11,4.068e-11,25.0,1
297,2.0,1.0,2.0,4.0,2.0,2.0,6.0,6.0,16.0,16.0,44.0,44.0,3.907e-11,4.233e-11,4.07e-11,25.0,1
298,2.0,1.0,2.0,4.0,3.0,3.0,4.0,4.0,12.0,12.0,40.0,40.0,3.916e-11,4.233e-11,4.075e-11,25.0,1
299,2.0,1.0,2.0,4.0,3.0,3.0,4.0,4.0,12.0,12.0,42.0,42.0,3.922e-11,4.242e-11,4.082e-11,25.0,1
300,2.0,1.0,2.0,4.0,3.0,3.0,4.0,4.0,12.0,12.0,44.0,44.0,3.929e-11,4.253e-11,4.091e-11,25.0,1
301,2.0,1.0,2.0,4.0,3.0,3.0,4.0,4.0,14.0,14.0,40.0,40.0,3.927e-11,4.229e-11,4.078e-11,25.0,1
302,2.0,1.0,2.0,4.0,3.0,3.0,4.0,4.0,14.0,14.0,42.0,42.0,3.93e-11,4.235e-11,4.083e-11,25.0,1
303,2.0,1.0,2.0,4.0,3.0,3.0,4.0,4.0,14.0,14.0,44.0,44.0,3.935e-11,4.244e-11,4.089e-11,25.0,1
304,2.0,1.0,2.0,4.0,3.0,3.0,4.0,4.0,16.0,16.0,40.0,40.0,3.949e-11,4.24e-11,4.095e-11,25.0,1
305,2.0,1.0,2.0,4.0,3.0,3.0,4.0,4.0,16.0,16.0,42.0,42.0,3.951e-11,4.246e-11,4.099e-11,25.0,1
306,2.0,1.0,2.0,4.0,3.0,3.0,4.0,4.0,16.0,16.0,44.0,44.0,3.953e-11,4.252e-11,4.103e-11,25.0,1
307,2.0,1.0,2.0,4.0,3.0,3.0,5.0,5.0,12.0,12.0,40.0,40.0,3.875e-11,4.204e-11,4.039e-11,25.0,1
308,2.0,1.0,2.0,4.0,3.0,3.0,5.0,5.0,12.0,12.0,42.0,42.0,3.881e-11,4.213e-11,4.047e-11,25.0,1
309,2.0,1.0,2.0,4.0,3.0,3.0,5.0,5.0,12.0,12.0,44.0,44.0,3.886e-11,4.221e-11,4.054e-11,25.0,1
310,2.0,1.0,2.0,4.0,3.0,3.0,5.0,5.0,14.0,14.0,40.0,40.0,3.871e-11,4.19e-11,4.03e-11,25.0,1
311,2.0,1.0,2.0,4.0,3.0,3.0,5.0,5.0,14.0,14.0,42.0,42.0,3.874e-11,4.197e-11,4.035e-11,25.0,1
312,2.0,1.0,2.0,4.0,3.0,3.0,5.0,5.0,14.0,14.0,44.0,44.0,3.878e-11,4.202e-11,4.04e-11,25.0,1
313,2.0,1.0,2.0,4.0,3.0,3.0,5.0,5.0,16.0,16.0,40.0,40.0,3.881e-11,4.189e-11,4.035e-11,25.0,1
314,2.0,1.0,2.0,4.0,3.0,3.0,5.0,5.0,16.0,16.0,42.0,42.0,3.883e-11,4.193e-11,4.038e-11,25.0,1
315,2.0,1.0,2.0,4.0,3.0,3.0,5.0,5.0,16.0,16.0,44.0,44.0,3.884e-11,4.199e-11,4.042e-11,25.0,1
316,2.0,1.0,2.0,4.0,3.0,3.0,6.0,6.0,12.0,12.0,40.0,40.0,3.861e-11,4.198e-11,4.03e-11,25.0,1
317,2.0,1.0,2.0,4.0,3.0,3.0,6.0,6.0,12.0,12.0,42.0,42.0,3.866e-11,4.209e-11,4.037e-11,25.0,1
318,2.0,1.0,2.0,4.0,3.0,3.0,6.0,6.0,12.0,12.0,44.0,44.0,3.872e-11,4.218e-11,4.045e-11,25.0,1
319,2.0,1.0,2.0,4.0,3.0,3.0,6.0,6.0,14.0,14.0,40.0,40.0,3.849e-11,4.178e-11,4.013e-11,25.0,1
320,2.0,1.0,2.0,4.0,3.0,3.0,6.0,6.0,14.0,14.0,42.0,42.0,3.852e-11,4.181e-11,4.016e-11,25.0,1
321,2.0,1.0,2.0,4.0,3.0,3.0,6.0,6.0,14.0,14.0,44.0,44.0,3.855e-11,4.19e-11,4.023e-11,25.0,1
322,2.0,1.0,2.0,4.0,3.0,3.0,6.0,6.0,16.0,16.0,40.0,40.0,3.85e-11,4.17e-11,4.01e-11,25.0,1
323,2.0,1.0,2.0,4.0,3.0,3.0,6.0,6.0,16.0,16.0,42.0,42.0,3.853e-11,4.174e-11,4.013e-11,25.0,1
324,2.0,1.0,2.0,4.0,3.0,3.0,6.0,6.0,16.0,16.0,44.0,44.0,3.853e-11,4.178e-11,4.015e-11,25.0,1
325,3.0,2.0,1.0,2.0,1.0,1.0,4.0,4.0,12.0,12.0,40.0,40.0,4.083e-11,4.061e-11,4.072e-11,25.0,1
326,3.0,2.0,1.0,2.0,1.0,1.0,4.0,4.0,12.0,12.0,42.0,42.0,4.087e-11,4.069e-11,4.078e-11,25.0,1
327,3.0,2.0,1.0,2.0,1.0,1.0,4.0,4.0,12.0,12.0,44.0,44.0,4.095e-11,4.079e-11,4.087e-11,25.0,1
328,3.0,2.0,1.0,2.0,1.0,1.0,4.0,4.0,14.0,14.0,40.0,40.0,4.093e-11,4.062e-11,4.078e-11,25.0,1
329,3.0,2.0,1.0,2.0,1.0,1.0,4.0,4.0,14.0,14.0,42.0,42.0,4.098e-11,4.068e-11,4.083e-11,25.0,1
330,3.0,2.0,1.0,2.0,1.0,1.0,4.0,4.0,14.0,14.0,44.0,44.0,4.103e-11,4.075e-11,4.089e-11,25.0,1
331,3.0,2.0,1.0,2.0,1.0,1.0,4.0,4.0,16.0,16.0,40.0,40.0,4.118e-11,4.078e-11,4.098e-11,25.0,1
332,3.0,2.0,1.0,2.0,1.0,1.0,4.0,4.0,16.0,16.0,42.0,42.0,4.12e-11,4.082e-11,4.101e-11,25.0,1
333,3.0,2.0,1.0,2.0,1.0,1.0,4.0,4.0,16.0,16.0,44.0,44.0,4.123e-11,4.088e-11,4.105e-11,25.0,1
334,3.0,2.0,1.0,2.0,1.0,1.0,5.0,5.0,12.0,12.0,40.0,40.0,4.117e-11,4.117e-11,4.117e-11,25.0,1
335,3.0,2.0,1.0,2.0,1.0,1.0,5.0,5.0,12.0,12.0,42.0,42.0,4.122e-11,4.124e-11,4.123e-11,25.0,1
336,3.0,2.0,1.0,2.0,1.0,1.0,5.0,5.0,12.0,12.0,44.0,44.0,4.13e-11,4.134e-11,4.132e-11,25.0,1
337,3.0,2.0,1.0,2.0,1.0,1.0,5.0,5.0,14.0,14.0,40.0,40.0,4.118e-11,4.106e-11,4.112e-11,25.0,1
338,3.0,2.0,1.0,2.0,1.0,1.0,5.0,5.0,14.0,14.0,42.0,42.0,4.12e-11,4.114e-11,4.117e-11,25.0,1
339,3.0,2.0,1.0,2.0,1.0,1.0,5.0,5.0,14.0,14.0,44.0,44.0,4.125e-11,4.121e-11,4.123e-11,25.0,1
340,3.0,2.0,1.0,2.0,1.0,1.0,5.0,5.0,16.0,16.0,40.0,40.0,4.13e-11,4.113e-11,4.122e-11,25.0,1
341,3.0,2.0,1.0,2.0,1.0,1.0,5.0,5.0,16.0,16.0,42.0,42.0,4.132e-11,4.118e-11,4.125e-11,25.0,1
342,3.0,2.0,1.0,2.0,1.0,1.0,5.0,5.0,16.0,16.0,44.0,44.0,4.134e-11,4.124e-11,4.129e-11,25.0,1
343,3.0,2.0,1.0,2.0,1.0,1.0,6.0,6.0,12.0,12.0,40.0,40.0,4.177e-11,4.197e-11,4.187e-11,25.0,1
344,3.0,2.0,1.0,2.0,1.0,1.0,6.0,6.0,12.0,12.0,42.0,42.0,4.183e-11,4.206e-11,4.195e-11,25.0,1
345,3.0,2.0,1.0,2.0,1.0,1.0,6.0,6.0,12.0,12.0,44.0,44.0,4.19e-11,4.214e-11,4.202e-11,25.0,1
346,3.0,2.0,1.0,2.0,1.0,1.0,6.0,6.0,14.0,14.0,40.0,40.0,4.171e-11,4.181e-11,4.176e-11,25.0,1
347,3.0,2.0,1.0,2.0,1.0,1.0,6.0,6.0,14.0,14.0,42.0,42.0,4.173e-11,4.187e-11,4.18e-11,25.0,1
348,3.0,2.0,1.0,2.0,1.0,1.0,6.0,6.0,14.0,14.0,44.0,44.0,4.177e-11,4.194e-11,4.186e-11,25.0,1
349,3.0,2.0,1.0,2.0,1.0,1.0,6.0,6.0,16.0,16.0,40.0,40.0,4.177e-11,4.181e-11,4.179e-11,25.0,1
350,3.0,2.0,1.0,2.0,1.0,1.0,6.0,6.0,16.0,16.0,42.0,42.0,4.178e-11,4.184e-11,4.181e-11,25.0,1
351,3.0,2.0,1.0,2.0,1.0,1.0,6.0,6.0,16.0,16.0,44.0,44.0,4.179e-11,4.189e-11,4.184e-11,25.0,1
352,3.0,2.0,1.0,2.0,2.0,2.0,4.0,4.0,12.0,12.0,40.0,40.0,3.951e-11,3.906e-11,3.929e-11,25.0,1
353,3.0,2.0,1.0,2.0,2.0,2.0,4.0,4.0,12.0,12.0,42.0,42.0,3.957e-11,3.917e-11,3.937e-11,25.0,1
354,3.0,2.0,1.0,2.0,2.0,2.0,4.0,4.0,12.0,12.0,44.0,44.0,3.964e-11,3.925e-11,3.945e-11,25.0,1
355,3.0,2.0,1.0,2.0,2.0,2.0,4.0,4.0,14.0,14.0,40.0,40.0,3.961e-11,3.906e-11,3.933e-11,25.0,1
356,3.0,2.0,1.0,2.0,2.0,2.0,4.0,4.0,14.0,14.0,42.0,42.0,3.965e-11,3.912e-11,3.938e-11,25.0,1
357,3.0,2.0,1.0,2.0,2.0,2.0,4.0,4.0,14.0,14.0,44.0,44.0,3.969e-11,3.92e-11,3.945e-11,25.0,1
358,3.0,2.0,1.0,2.0,2.0,2.0,4.0,4.0,16.0,16.0,40.0,40.0,3.982e-11,3.919e-11,3.951e-11,25.0,1
359,3.0,2.0,1.0,2.0,2.0,2.0,4.0,4.0,16.0,16.0,42.0,42.0,3.984e-11,3.923e-11,3.953e-11,25.0,1
360,3.0,2.0,1.0,2.0,2.0,2.0,4.0,4.0,16.0,16.0,44.0,44.0,3.988e-11,3.928e-11,3.958e-11,25.0,1
361,3.0,2.0,1.0,2.0,2.0,2.0,5.0,5.0,12.0,12.0,40.0,40.0,3.931e-11,3.902e-11,3.916e-11,25.0,1
362,3.0,2.0,1.0,2.0,2.0,2.0,5.0,5.0,12.0,12.0,42.0,42.0,3.936e-11,3.909e-11,3.923e-11,25.0,1
363,3.0,2.0,1.0,2.0,2.0,2.0,5.0,5.0,12.0,12.0,44.0,44.0,3.944e-11,3.921e-11,3.933e-11,25.0,1
364,3.0,2.0,1.0,2.0,2.0,2.0,5.0,5.0,14.0,14.0,40.0,40.0,3.927e-11,3.889e-11,3.908e-11,25.0,1
365,3.0,2.0,1.0,2.0,2.0,2.0,5.0,5.0,14.0,14.0,42.0,42.0,3.932e-11,3.895e-11,3.914e-11,25.0,1
366,3.0,2.0,1.0,2.0,2.0,2.0,5.0,5.0,14.0,14.0,44.0,44.0,3.936e-11,3.903e-11,3.919e-11,25.0,1
367,3.0,2.0,1.0,2.0,2.0,2.0,5.0,5.0,16.0,16.0,40.0,40.0,3.938e-11,3.889e-11,3.913e-11,25.0,1
368,3.0,2.0,1.0,2.0,2.0,2.0,5.0,5.0,16.0,16.0,42.0,42.0,3.941e-11,3.894e-11,3.917e-11,25.0,1
369,3.0,2.0,1.0,2.0,2.0,2.0,5.0,5.0,16.0,16.0,44.0,44.0,3.943e-11,3.9e-11,3.921e-11,25.0,1
370,3.0,2.0,1.0,2.0,2.0,2.0,6.0,6.0,12.0,12.0,40.0,40.0,3.938e-11,3.918e-11,3.928e-11,25.0,1
371,3.0,2.0,1.0,2.0,2.0,2.0,6.0,6.0,12.0,12.0,42.0,42.0,3.944e-11,3.928e-11,3.936e-11,25.0,1
372,3.0,2.0,1.0,2.0,2.0,2.0,6.0,6.0,12.0,12.0,44.0,44.0,3.95e-11,3.937e-11,3.943e-11,25.0,1
373,3.0,2.0,1.0,2.0,2.0,2.0,6.0,6.0,14.0,14.0,40.0,40.0,3.926e-11,3.897e-11,3.911e-11,25.0,1
374,3.0,2.0,1.0,2.0,2.0,2.0,6.0,6.0,14.0,14.0,42.0,42.0,3.93e-11,3.905e-11,3.918e-11,25.0,1
375,3.0,2.0,1.0,2.0,2.0,2.0,6.0,6.0,14.0,14.0,44.0,44.0,3.934e-11,3.912e-11,3.923e-11,25.0,1
376,3.0,2.0,1.0,2.0,2.0,2.0,6.0,6.0,16.0,16.0,40.0,40.0,3.929e-11,3.894e-11,3.911e-11,25.0,1
377,3.0,2.0,1.0,2.0,2.0,2.0,6.0,6.0,16.0,16.0,42.0,42.0,3.929e-11,3.898e-11,3.914e-11,25.0,1
378,3.0,2.0,1.0,2.0,2.0,2.0,6.0,6.0,16.0,16.0,44.0,44.0,3.933e-11,3.903e-11,3.918e-11,25.0,1
379,3.0,2.0,1.0,2.0,3.0,3.0,4.0,4.0,12.0,12.0,40.0,40.0,3.98e-11,3.938e-11,3.959e-11,25.0,1
380,3.0,2.0,1.0,2.0,3.0,3.0,4.0,4.0,12.0,12.0,42.0,42.0,3.984e-11,3.947e-11,3.966e-11,25.0,1
381,3.0,2.0,1.0,2.0,3.0,3.0,4.0,4.0,12.0,12.0,44.0,44.0,3.991e-11,3.956e-11,3.973e-11,25.0,1
382,3.0,2.0,1.0,2.0,3.0,3.0,4.0,4.0,14.0,14.0,40.0,40.0,3.99e-11,3.935e-11,3.962e-11,25.0,1
383,3.0,2.0,1.0,2.0,3.0,3.0,4.0,4.0,14.0,14.0,42.0,42.0,3.992e-11,3.94e-11,3.966e-11,25.0,1
384,3.0,2.0,1.0,2.0,3.0,3.0,4.0,4.0,14.0,14.0,44.0,44.0,3.997e-11,3.947e-11,3.972e-11,25.0,1
385,3.0,2.0,1.0,2.0,3.0,3.0,4.0,4.0,16.0,16.0,40.0,40.0,4.011e-11,3.946e-11,3.979e-11,25.0,1
386,3.0,2.0,1.0,2.0,3.0,3.0,4.0,4.0,16.0,16.0,42.0,42.0,4.013e-11,3.95e-11,3.981e-11,25.0,1
387,3.0,2.0,1.0,2.0,3.0,3.0,4.0,4.0,16.0,16.0,44.0,44.0,4.016e-11,3.955e-11,3.986e-11,25.0,1
388,3.0,2.0,1.0,2.0,3.0,3.0,5.0,5.0,12.0,12.0,40.0,40.0,3.941e-11,3.911e-11,3.926e-11,25.0,1
389,3.0,2.0,1.0,2.0,3.0,3.0,5.0,5.0,12.0,12.0,42.0,42.0,3.945e-11,3.919e-11,3.932e-11,25.0,1
390,3.0,2.0,1.0,2.0,3.0,3.0,5.0,5.0,12.0,12.0,44.0,44.0,3.953e-11,3.93e-11,3.941e-11,25.0,1
391,3.0,2.0,1.0,2.0,3.0,3.0,5.0,5.0,14.0,14.0,40.0,40.0,3.937e-11,3.896e-11,3.917e-11,25.0,1
392,3.0,2.0,1.0,2.0,3.0,3.0,5.0,5.0,14.0,14.0,42.0,42.0,3.941e-11,3.904e-11,3.923e-11,25.0,1
393,3.0,2.0,1.0,2.0,3.0,3.0,5.0,5.0,14.0,14.0,44.0,44.0,3.944e-11,3.909e-11,3.927e-11,25.0,1
394,3.0,2.0,1.0,2.0,3.0,3.0,5.0,5.0,16.0,16.0,40.0,40.0,3.946e-11,3.897e-11,3.922e-11,25.0,1
395,3.0,2.0,1.0,2.0,3.0,3.0,5.0,5.0,16.0,16.0,42.0,42.0,3.948e-11,3.901e-11,3.925e-11,25.0,1
396,3.0,2.0,1.0,2.0,3.0,3.0,5.0,5.0,16.0,16.0,44.0,44.0,3.952e-11,3.907e-11,3.929e-11,25.0,1
397,3.0,2.0,1.0,2.0,3.0,3.0,6.0,6.0,12.0,12.0,40.0,40.0,3.93e-11,3.909e-11,3.92e-11,25.0,1
398,3.0,2.0,1.0,2.0,3.0,3.0,6.0,6.0,12.0,12.0,42.0,42.0,3.935e-11,3.916e-11,3.926e-11,25.0,1
399,3.0,2.0,1.0,2.0,3.0,3.0,6.0,6.0,12.0,12.0,44.0,44.0,3.941e-11,3.927e-11,3.934e-11,25.0,1
400,3.0,2.0,1.0,2.0,3.0,3.0,6.0,6.0,14.0,14.0,40.0,40.0,3.917e-11,3.888e-11,3.902e-11,25.0,1
401,3.0,2.0,1.0,2.0,3.0,3.0,6.0,6.0,14.0,14.0,42.0,42.0,3.92e-11,3.893e-11,3.906e-11,25.0,1
402,3.0,2.0,1.0,2.0,3.0,3.0,6.0,6.0,14.0,14.0,44.0,44.0,3.926e-11,3.9e-11,3.913e-11,25.0,1
403,3.0,2.0,1.0,2.0,3.0,3.0,6.0,6.0,16.0,16.0,40.0,40.0,3.92e-11,3.88e-11,3.9e-11,25.0,1
404,3.0,2.0,1.0,2.0,3.0,3.0,6.0,6.0,16.0,16.0,42.0,42.0,3.921e-11,3.884e-11,3.903e-11,25.0,1
405,3.0,2.0,1.0,2.0,3.0,3.0,6.0,6.0,16.0,16.0,44.0,44.0,3.923e-11,3.889e-11,3.906e-11,25.0,1
406,3.0,2.0,2.0,4.0,1.0,1.0,4.0,4.0,12.0,12.0,40.0,40.0,4.242e-11,4.218e-11,4.23e-11,25.0,1
407,3.0,2.0,2.0,4.0,1.0,1.0,4.0,4.0,12.0,12.0,42.0,42.0,4.246e-11,4.227e-11,4.237e-11,25.0,1
408,3.0,2.0,2.0,4.0,1.0,1.0,4.0,4.0,12.0,12.0,44.0,44.0,4.254e-11,4.236e-11,4.245e-11,25.0,1
409,3.0,2.0,2.0,4.0,1.0,1.0,4.0,4.0,14.0,14.0,40.0,40.0,4.253e-11,4.221e-11,4.237e-11,25.0,1
410,3.0,2.0,2.0,4.0,1.0,1.0,4.0,4.0,14.0,14.0,42.0,42.0,4.256e-11,4.227e-11,4.242e-11,25.0,1
411,3.0,2.0,2.0,4.0,1.0,1.0,4.0,4.0,14.0,14.0,44.0,44.0,4.261e-11,4.233e-11,4.247e-11,25.0,1
412,3.0,2.0,2.0,4.0,1.0,1.0,4.0,4.0,16.0,16.0,40.0,40.0,4.278e-11,4.236e-11,4.257e-11,25.0,1
413,3.0,2.0,2.0,4.0,1.0,1.0,4.0,4.0,16.0,16.0,42.0,42.0,4.279e-11,4.24e-11,4.259e-11,25.0,1
414,3.0,2.0,2.0,4.0,1.0,1.0,4.0,4.0,16.0,16.0,44.0,44.0,4.281e-11,4.246e-11,4.264e-11,25.0,1
415,3.0,2.0,2.0,4.0,1.0,1.0,5.0,5.0,12.0,12.0,40.0,40.0,4.276e-11,4.276e-11,4.276e-11,25.0,1
416,3.0,2.0,2.0,4.0,1.0,1.0,5.0,5.0,12.0,12.0,42.0,42.0,4.281e-11,4.283e-11,4.282e-11,25.0,1
417,3.0,2.0,2.0,4.0,1.0,1.0,5.0,5.0,12.0,12.0,44.0,44.0,4.287e-11,4.293e-11,4.29e-11,25.0,1
418,3.0,2.0,2.0,4.0,1.0,1.0,5.0,5.0,14.0,14.0,40.0,40.0,4.276e-11,4.267e-11,4.271e-11,25.0,1
419,3.0,2.0,2.0,4.0,1.0,1.0,5.0,5.0,14.0,14.0,42.0,42.0,4.278e-11,4.273e-11,4.275e-11,25.0,1
420,3.0,2.0,2.0,4.0,1.0,1.0,5.0,5.0,14.0,14.0,44.0,44.0,4.283e-11,4.28e-11,4.281e-11,25.0,1
421,3.0,2.0,2.0,4.0,1.0,1.0,5.0,5.0,16.0,16.0,40.0,40.0,4.288e-11,4.273e-11,4.281e-11,25.0,1
422,3.0,2.0,2.0,4.0,1.0,1.0,5.0,5.0,16.0,16.0,42.0,42.0,4.288e-11,4.276e-11,4.282e-11,25.0,1
423,3.0,2.0,2.0,4.0,1.0,1.0,5.0,5.0,16.0,16.0,44.0,44.0,4.293e-11,4.28e-11,4.287e-11,25.0,1
424,3.0,2.0,2.0,4.0,1.0,1.0,6.0,6.0,12.0,12.0,40.0,40.0,4.338e-11,4.353e-11,4.345e-11,25.0,1
425,3.0,2.0,2.0,4.0,1.0,1.0,6.0,6.0,12.0,12.0,42.0,42.0,4.342e-11,4.363e-11,4.353e-11,25.0,1
426,3.0,2.0,2.0,4.0,1.0,1.0,6.0,6.0,12.0,12.0,44.0,44.0,4.349e-11,4.372e-11,4.36e-11,25.0,1
427,3.0,2.0,2.0,4.0,1.0,1.0,6.0,6.0,14.0,14.0,40.0,40.0,4.329e-11,4.339e-11,4.334e-11,25.0,1
428,3.0,2.0,2.0,4.0,1.0,1.0,6.0,6.0,14.0,14.0,42.0,42.0,4.333e-11,4.346e-11,4.339e-11,25.0,1
429,3.0,2.0,2.0,4.0,1.0,1.0,6.0,6.0,14.0,14.0,44.0,44.0,4.336e-11,4.351e-11,4.343e-11,25.0,1
430,3.0,2.0,2.0,4.0,1.0,1.0,6.0,6.0,16.0,16.0,40.0,40.0,4.337e-11,4.337e-11,4.337e-11,25.0,1
431,3.0,2.0,2.0,4.0,1.0,1.0,6.0,6.0,16.0,16.0,42.0,42.0,4.335e-11,4.341e-11,4.338e-11,25.0,1
432,3.0,2.0,2.0,4.0,1.0,1.0,6.0,6.0,16.0,16.0,44.0,44.0,4.337e-11,4.347e-11,4.342e-11,25.0,1
433,3.0,2.0,2.0,4.0,2.0,2.0,4.0,4.0,12.0,12.0,40.0,40.0,4.054e-11,4.007e-11,4.031e-11,25.0,1
434,3.0,2.0,2.0,4.0,2.0,2.0,4.0,4.0,12.0,12.0,42.0,42.0,4.06e-11,4.016e-11,4.038e-11,25.0,1
435,3.0,2.0,2.0,4.0,2.0,2.0,4.0,4.0,12.0,12.0,44.0,44.0,4.065e-11,4.025e-11,4.045e-11,25.0,1
436,3.0,2.0,2.0,4.0,2.0,2.0,4.0,4.0,14.0,14.0,40.0,40.0,4.063e-11,4.005e-11,4.034e-11,25.0,1
437,3.0,2.0,2.0,4.0,2.0,2.0,4.0,4.0,14.0,14.0,42.0,42.0,4.067e-11,4.01e-11,4.038e-11,25.0,1
438,3.0,2.0,2.0,4.0,2.0,2.0,4.0,4.0,14.0,14.0,44.0,44.0,4.072e-11,4.018e-11,4.045e-11,25.0,1
439,3.0,2.0,2.0,4.0,2.0,2.0,4.0,4.0,16.0,16.0,40.0,40.0,4.086e-11,4.016e-11,4.051e-11,25.0,1
440,3.0,2.0,2.0,4.0,2.0,2.0,4.0,4.0,16.0,16.0,42.0,42.0,4.087e-11,4.022e-11,4.055e-11,25.0,1
441,3.0,2.0,2.0,4.0,2.0,2.0,4.0,4.0,16.0,16.0,44.0,44.0,4.091e-11,4.024e-11,4.058e-11,25.0,1
442,3.0,2.0,2.0,4.0,2.0,2.0,5.0,5.0,12.0,12.0,40.0,40.0,4.031e-11,3.999e-11,4.015e-11,25.0,1
443,3.0,2.0,2.0,4.0,2.0,2.0,5.0,5.0,12.0,12.0,42.0,42.0,4.037e-11,4.008e-11,4.022e-11,25.0,1
444,3.0,2.0,2.0,4.0,2.0,2.0,5.0,5.0,12.0,12.0,44.0,44.0,4.042e-11,4.019e-11,4.031e-11,25.0,1
445,3.0,2.0,2.0,4.0,2.0,2.0,5.0,5.0,14.0,14.0,40.0,40.0,4.028e-11,3.986e-11,4.007e-11,25.0,1
446,3.0,2.0,2.0,4.0,2.0,2.0,5.0,5.0,14.0,14.0,42.0,42.0,4.031e-11,3.992e-11,4.011e-11,25.0,1
447,3.0,2.0,2.0,4.0,2.0,2.0,5.0,5.0,14.0,14.0,44.0,44.0,4.035e-11,3.999e-11,4.017e-11,25.0,1
448,3.0,2.0,2.0,4.0,2.0,2.0,5.0,5.0,16.0,16.0,40.0,40.0,4.04e-11,3.987e-11,4.013e-11,25.0,1
449,3.0,2.0,2.0,4.0,2.0,2.0,5.0,5.0,16.0,16.0,42.0,42.0,4.041e-11,3.99e-11,4.016e-11,25.0,1
450,3.0,2.0,2.0,4.0,2.0,2.0,5.0,5.0,16.0,16.0,44.0,44.0,4.043e-11,3.996e-11,4.019e-11,25.0,1
451,3.0,2.0,2.0,4.0,2.0,2.0,6.0,6.0,12.0,12.0,40.0,40.0,4.035e-11,4.014e-11,4.024e-11,25.0,1
452,3.0,2.0,2.0,4.0,2.0,2.0,6.0,6.0,12.0,12.0,42.0,42.0,4.04e-11,4.023e-11,4.032e-11,25.0,1
453,3.0,2.0,2.0,4.0,2.0,2.0,6.0,6.0,12.0,12.0,44.0,44.0,4.047e-11,4.035e-11,4.041e-11,25.0,1
454,3.0,2.0,2.0,4.0,2.0,2.0,6.0,6.0,14.0,14.0,40.0,40.0,4.024e-11,3.994e-11,4.009e-11,25.0,1
455,3.0,2.0,2.0,4.0,2.0,2.0,6.0,6.0,14.0,14.0,42.0,42.0,4.027e-11,4.001e-11,4.014e-11,25.0,1
456,3.0,2.0,2.0,4.0,2.0,2.0,6.0,6.0,14.0,14.0,44.0,44.0,4.033e-11,4.007e-11,4.02e-11,25.0,1
457,3.0,2.0,2.0,4.0,2.0,2.0,6.0,6.0,16.0,16.0,40.0,40.0,4.027e-11,3.99e-11,4.008e-11,25.0,1
458,3.0,2.0,2.0,4.0,2.0,2.0,6.0,6.0,16.0,16.0,42.0,42.0,4.029e-11,3.993e-11,4.011e-11,25.0,1
459,3.0,2.0,2.0,4.0,2.0,2.0,6.0,6.0,16.0,16.0,44.0,44.0,4.03e-11,3.999e-11,4.015e-11,25.0,1
460,3.0,2.0,2.0,4.0,3.0,3.0,4.0,4.0,12.0,12.0,40.0,40.0,4.034e-11,3.985e-11,4.01e-11,25.0,1
461,3.0,2.0,2.0,4.0,3.0,3.0,4.0,4.0,12.0,12.0,42.0,42.0,4.038e-11,3.993e-11,4.016e-11,25.0,1
462,3.0,2.0,2.0,4.0,3.0,3.0,4.0,4.0,12.0,12.0,44.0,44.0,4.047e-11,4.003e-11,4.025e-11,25.0,1
463,3.0,2.0,2.0,4.0,3.0,3.0,4.0,4.0,14.0,14.0,40.0,40.0,4.043e-11,3.98e-11,4.011e-11,25.0,1
464,3.0,2.0,2.0,4.0,3.0,3.0,4.0,4.0,14.0,14.0,42.0,42.0,4.047e-11,3.988e-11,4.017e-11,25.0,1
465,3.0,2.0,2.0,4.0,3.0,3.0,4.0,4.0,14.0,14.0,44.0,44.0,4.05e-11,3.995e-11,4.022e-11,25.0,1
466,3.0,2.0,2.0,4.0,3.0,3.0,4.0,4.0,16.0,16.0,40.0,40.0,4.066e-11,3.993e-11,4.03e-11,25.0,1
467,3.0,2.0,2.0,4.0,3.0,3.0,4.0,4.0,16.0,16.0,42.0,42.0,4.067e-11,3.997e-11,4.032e-11,25.0,1
468,3.0,2.0,2.0,4.0,3.0,3.0,4.0,4.0,16.0,16.0,44.0,44.0,4.07e-11,4.003e-11,4.036e-11,25.0,1
469,3.0,2.0,2.0,4.0,3.0,3.0,5.0,5.0,12.0,12.0,40.0,40.0,3.991e-11,3.956e-11,3.974e-11,25.0,1
470,3.0,2.0,2.0,4.0,3.0,3.0,5.0,5.0,12.0,12.0,42.0,42.0,3.997e-11,3.965e-11,3.981e-11,25.0,1
471,3.0,2.0,2.0,4.0,3.0,3.0,5.0,5.0,12.0,12.0,44.0,44.0,4.003e-11,3.977e-11,3.99e-11,25.0,1
472,3.0,2.0,2.0,4.0,3.0,3.0,5.0,5.0,14.0,14.0,40.0,40.0,3.989e-11,3.942e-11,3.965e-11,25.0,1
473,3.0,2.0,2.0,4.0,3.0,3.0,5.0,5.0,14.0,14.0,42.0,42.0,3.991e-11,3.949e-11,3.97e-11,25.0,1
474,3.0,2.0,2.0,4.0,3.0,3.0,5.0,5.0,14.0,14.0,44.0,44.0,3.997e-11,3.953e-11,3.975e-11,25.0,1
475,3.0,2.0,2.0,4.0,3.0,3.0,5.0,5.0,16.0,16.0,40.0,40.0,3.998e-11,3.943e-11,3.97e-11,25.0,1
476,3.0,2.0,2.0,4.0,3.0,3.0,5.0,5.0,16.0,16.0,42.0,42.0,4e-11,3.947e-11,3.974e-11,25.0,1
477,3.0,2.0,2.0,4.0,3.0,3.0,5.0,5.0,16.0,16.0,44.0,44.0,4.003e-11,3.951e-11,3.977e-11,25.0,1
478,3.0,2.0,2.0,4.0,3.0,3.0,6.0,6.0,12.0,12.0,40.0,40.0,3.978e-11,3.95e-11,3.964e-11,25.0,1
479,3.0,2.0,2.0,4.0,3.0,3.0,6.0,6.0,12.0,12.0,42.0,42.0,3.983e-11,3.959e-11,3.971e-11,25.0,1
480,3.0,2.0,2.0,4.0,3.0,3.0,6.0,6.0,12.0,12.0,44.0,44.0,3.989e-11,3.97e-11,3.98e-11,25.0,1
481,3.0,2.0,2.0,4.0,3.0,3.0,6.0,6.0,14.0,14.0,40.0,40.0,3.967e-11,3.93e-11,3.949e-11,25.0,1
482,3.0,2.0,2.0,4.0,3.0,3.0,6.0,6.0,14.0,14.0,42.0,42.0,3.968e-11,3.936e-11,3.952e-11,25.0,1
483,3.0,2.0,2.0,4.0,3.0,3.0,6.0,6.0,14.0,14.0,44.0,44.0,3.973e-11,3.941e-11,3.957e-11,25.0,1
484,3.0,2.0,2.0,4.0,3.0,3.0,6.0,6.0,16.0,16.0,40.0,40.0,3.968e-11,3.923e-11,3.946e-11,25.0,1
485,3.0,2.0,2.0,4.0,3.0,3.0,6.0,6.0,16.0,16.0,42.0,42.0,3.969e-11,3.926e-11,3.948e-11,25.0,1
486,3.0,2.0,2.0,4.0,3.0,3.0,6.0,6.0,16.0,16.0,44.0,44.0,3.971e-11,3.93e-11,3.951e-11,25.0,1
