index,xnand2_size,xnor2_size,buffer_0_size,buffer_1_size,tplh,tphl,tp,temper,alter#
1,1.0,1.0,4.0,21.0,4.401e-11,3.388e-11,3.895e-11,25.0,1
2,1.0,1.0,4.0,24.0,4.42e-11,3.423e-11,3.922e-11,25.0,1
3,1.0,1.0,4.0,27.0,4.457e-11,3.471e-11,3.964e-11,25.0,1
4,1.0,1.0,4.0,30.0,4.503e-11,3.525e-11,4.014e-11,25.0,1
5,1.0,1.0,4.0,33.0,4.557e-11,3.583e-11,4.07e-11,25.0,1
6,1.0,1.0,5.0,21.0,4.492e-11,3.37e-11,3.931e-11,25.0,1
7,1.0,1.0,5.0,24.0,4.494e-11,3.389e-11,3.941e-11,25.0,1
8,1.0,1.0,5.0,27.0,4.517e-11,3.418e-11,3.968e-11,25.0,1
9,1.0,1.0,5.0,30.0,4.551e-11,3.456e-11,4.003e-11,25.0,1
10,1.0,1.0,5.0,33.0,4.593e-11,3.5e-11,4.046e-11,25.0,1
11,1.0,1.0,6.0,21.0,4.621e-11,3.394e-11,4.007e-11,25.0,1
12,1.0,1.0,6.0,24.0,4.615e-11,3.403e-11,4.009e-11,25.0,1
13,1.0,1.0,6.0,27.0,4.628e-11,3.422e-11,4.025e-11,25.0,1
14,1.0,1.0,6.0,30.0,4.653e-11,3.45e-11,4.051e-11,25.0,1
15,1.0,1.0,6.0,33.0,4.684e-11,3.483e-11,4.084e-11,25.0,1
16,1.0,1.0,7.0,21.0,4.778e-11,3.444e-11,4.111e-11,25.0,1
17,1.0,1.0,7.0,24.0,4.763e-11,3.443e-11,4.103e-11,25.0,1
18,1.0,1.0,7.0,27.0,4.768e-11,3.456e-11,4.112e-11,25.0,1
19,1.0,1.0,7.0,30.0,4.787e-11,3.476e-11,4.131e-11,25.0,1
20,1.0,1.0,7.0,33.0,4.811e-11,3.502e-11,4.156e-11,25.0,1
21,1.0,1.0,8.0,21.0,4.952e-11,3.509e-11,4.231e-11,25.0,1
22,1.0,1.0,8.0,24.0,4.932e-11,3.503e-11,4.217e-11,25.0,1
23,1.0,1.0,8.0,27.0,4.929e-11,3.509e-11,4.219e-11,25.0,1
24,1.0,1.0,8.0,30.0,4.939e-11,3.525e-11,4.232e-11,25.0,1
25,1.0,1.0,8.0,33.0,4.959e-11,3.545e-11,4.252e-11,25.0,1
26,1.0,2.0,4.0,21.0,4.491e-11,3.473e-11,3.982e-11,25.0,1
27,1.0,2.0,4.0,24.0,4.504e-11,3.506e-11,4.005e-11,25.0,1
28,1.0,2.0,4.0,27.0,4.533e-11,3.55e-11,4.042e-11,25.0,1
29,1.0,2.0,4.0,30.0,4.574e-11,3.606e-11,4.09e-11,25.0,1
30,1.0,2.0,4.0,33.0,4.625e-11,3.664e-11,4.145e-11,25.0,1
31,1.0,2.0,5.0,21.0,4.485e-11,3.406e-11,3.946e-11,25.0,1
32,1.0,2.0,5.0,24.0,4.48e-11,3.422e-11,3.951e-11,25.0,1
33,1.0,2.0,5.0,27.0,4.498e-11,3.449e-11,3.973e-11,25.0,1
34,1.0,2.0,5.0,30.0,4.524e-11,3.486e-11,4.005e-11,25.0,1
35,1.0,2.0,5.0,33.0,4.56e-11,3.528e-11,4.044e-11,25.0,1
36,1.0,2.0,6.0,21.0,4.518e-11,3.383e-11,3.951e-11,25.0,1
37,1.0,2.0,6.0,24.0,4.504e-11,3.387e-11,3.946e-11,25.0,1
38,1.0,2.0,6.0,27.0,4.509e-11,3.404e-11,3.956e-11,25.0,1
39,1.0,2.0,6.0,30.0,4.528e-11,3.429e-11,3.979e-11,25.0,1
40,1.0,2.0,6.0,33.0,4.555e-11,3.461e-11,4.008e-11,25.0,1
41,1.0,2.0,7.0,21.0,4.574e-11,3.387e-11,3.98e-11,25.0,1
42,1.0,2.0,7.0,24.0,4.55e-11,3.382e-11,3.966e-11,25.0,1
43,1.0,2.0,7.0,27.0,4.55e-11,3.394e-11,3.972e-11,25.0,1
44,1.0,2.0,7.0,30.0,4.562e-11,3.408e-11,3.985e-11,25.0,1
45,1.0,2.0,7.0,33.0,4.581e-11,3.431e-11,4.006e-11,25.0,1
46,1.0,2.0,8.0,21.0,4.639e-11,3.403e-11,4.021e-11,25.0,1
47,1.0,2.0,8.0,24.0,4.613e-11,3.395e-11,4.004e-11,25.0,1
48,1.0,2.0,8.0,27.0,4.606e-11,3.396e-11,4.001e-11,25.0,1
49,1.0,2.0,8.0,30.0,4.614e-11,3.408e-11,4.011e-11,25.0,1
50,1.0,2.0,8.0,33.0,4.627e-11,3.428e-11,4.028e-11,25.0,1
51,1.0,3.0,4.0,21.0,4.888e-11,3.693e-11,4.29e-11,25.0,1
52,1.0,3.0,4.0,24.0,4.898e-11,3.727e-11,4.312e-11,25.0,1
53,1.0,3.0,4.0,27.0,4.926e-11,3.772e-11,4.349e-11,25.0,1
54,1.0,3.0,4.0,30.0,4.966e-11,3.827e-11,4.396e-11,25.0,1
55,1.0,3.0,4.0,33.0,5.014e-11,3.884e-11,4.449e-11,25.0,1
56,1.0,3.0,5.0,21.0,4.851e-11,3.609e-11,4.23e-11,25.0,1
57,1.0,3.0,5.0,24.0,4.844e-11,3.626e-11,4.235e-11,25.0,1
58,1.0,3.0,5.0,27.0,4.857e-11,3.653e-11,4.255e-11,25.0,1
59,1.0,3.0,5.0,30.0,4.881e-11,3.69e-11,4.286e-11,25.0,1
60,1.0,3.0,5.0,33.0,4.914e-11,3.732e-11,4.323e-11,25.0,1
61,1.0,3.0,6.0,21.0,4.853e-11,3.574e-11,4.213e-11,25.0,1
62,1.0,3.0,6.0,24.0,4.836e-11,3.576e-11,4.206e-11,25.0,1
63,1.0,3.0,6.0,27.0,4.839e-11,3.591e-11,4.215e-11,25.0,1
64,1.0,3.0,6.0,30.0,4.854e-11,3.618e-11,4.236e-11,25.0,1
65,1.0,3.0,6.0,33.0,4.876e-11,3.648e-11,4.262e-11,25.0,1
66,1.0,3.0,7.0,21.0,4.877e-11,3.561e-11,4.219e-11,25.0,1
67,1.0,3.0,7.0,24.0,4.853e-11,3.557e-11,4.205e-11,25.0,1
68,1.0,3.0,7.0,27.0,4.848e-11,3.563e-11,4.205e-11,25.0,1
69,1.0,3.0,7.0,30.0,4.856e-11,3.581e-11,4.219e-11,25.0,1
70,1.0,3.0,7.0,33.0,4.873e-11,3.601e-11,4.237e-11,25.0,1
71,1.0,3.0,8.0,21.0,4.916e-11,3.566e-11,4.241e-11,25.0,1
72,1.0,3.0,8.0,24.0,4.884e-11,3.555e-11,4.22e-11,25.0,1
73,1.0,3.0,8.0,27.0,4.874e-11,3.556e-11,4.215e-11,25.0,1
74,1.0,3.0,8.0,30.0,4.878e-11,3.564e-11,4.221e-11,25.0,1
75,1.0,3.0,8.0,33.0,4.89e-11,3.582e-11,4.236e-11,25.0,1
76,2.0,1.0,4.0,21.0,4.456e-11,3.49e-11,3.973e-11,25.0,1
77,2.0,1.0,4.0,24.0,4.477e-11,3.525e-11,4.001e-11,25.0,1
78,2.0,1.0,4.0,27.0,4.514e-11,3.571e-11,4.042e-11,25.0,1
79,2.0,1.0,4.0,30.0,4.56e-11,3.626e-11,4.093e-11,25.0,1
80,2.0,1.0,4.0,33.0,4.614e-11,3.686e-11,4.15e-11,25.0,1
81,2.0,1.0,5.0,21.0,4.544e-11,3.467e-11,4.005e-11,25.0,1
82,2.0,1.0,5.0,24.0,4.549e-11,3.487e-11,4.018e-11,25.0,1
83,2.0,1.0,5.0,27.0,4.573e-11,3.515e-11,4.044e-11,25.0,1
84,2.0,1.0,5.0,30.0,4.605e-11,3.555e-11,4.08e-11,25.0,1
85,2.0,1.0,5.0,33.0,4.647e-11,3.597e-11,4.122e-11,25.0,1
86,2.0,1.0,6.0,21.0,4.674e-11,3.488e-11,4.081e-11,25.0,1
87,2.0,1.0,6.0,24.0,4.667e-11,3.495e-11,4.081e-11,25.0,1
88,2.0,1.0,6.0,27.0,4.679e-11,3.516e-11,4.097e-11,25.0,1
89,2.0,1.0,6.0,30.0,4.704e-11,3.542e-11,4.123e-11,25.0,1
90,2.0,1.0,6.0,33.0,4.737e-11,3.576e-11,4.157e-11,25.0,1
91,2.0,1.0,7.0,21.0,4.828e-11,3.535e-11,4.181e-11,25.0,1
92,2.0,1.0,7.0,24.0,4.815e-11,3.535e-11,4.175e-11,25.0,1
93,2.0,1.0,7.0,27.0,4.819e-11,3.547e-11,4.183e-11,25.0,1
94,2.0,1.0,7.0,30.0,4.836e-11,3.568e-11,4.202e-11,25.0,1
95,2.0,1.0,7.0,33.0,4.862e-11,3.592e-11,4.227e-11,25.0,1
96,2.0,1.0,8.0,21.0,5.002e-11,3.598e-11,4.3e-11,25.0,1
97,2.0,1.0,8.0,24.0,4.98e-11,3.591e-11,4.286e-11,25.0,1
98,2.0,1.0,8.0,27.0,4.978e-11,3.599e-11,4.289e-11,25.0,1
99,2.0,1.0,8.0,30.0,4.99e-11,3.613e-11,4.302e-11,25.0,1
100,2.0,1.0,8.0,33.0,5.01e-11,3.634e-11,4.322e-11,25.0,1
101,2.0,2.0,4.0,21.0,4.239e-11,3.409e-11,3.824e-11,25.0,1
102,2.0,2.0,4.0,24.0,4.25e-11,3.442e-11,3.846e-11,25.0,1
103,2.0,2.0,4.0,27.0,4.28e-11,3.486e-11,3.883e-11,25.0,1
104,2.0,2.0,4.0,30.0,4.322e-11,3.54e-11,3.931e-11,25.0,1
105,2.0,2.0,4.0,33.0,4.37e-11,3.599e-11,3.985e-11,25.0,1
106,2.0,2.0,5.0,21.0,4.223e-11,3.331e-11,3.777e-11,25.0,1
107,2.0,2.0,5.0,24.0,4.219e-11,3.346e-11,3.783e-11,25.0,1
108,2.0,2.0,5.0,27.0,4.235e-11,3.377e-11,3.806e-11,25.0,1
109,2.0,2.0,5.0,30.0,4.263e-11,3.412e-11,3.837e-11,25.0,1
110,2.0,2.0,5.0,33.0,4.3e-11,3.454e-11,3.877e-11,25.0,1
111,2.0,2.0,6.0,21.0,4.246e-11,3.298e-11,3.772e-11,25.0,1
112,2.0,2.0,6.0,24.0,4.234e-11,3.304e-11,3.769e-11,25.0,1
113,2.0,2.0,6.0,27.0,4.241e-11,3.322e-11,3.781e-11,25.0,1
114,2.0,2.0,6.0,30.0,4.258e-11,3.348e-11,3.803e-11,25.0,1
115,2.0,2.0,6.0,33.0,4.286e-11,3.378e-11,3.832e-11,25.0,1
116,2.0,2.0,7.0,21.0,4.295e-11,3.293e-11,3.794e-11,25.0,1
117,2.0,2.0,7.0,24.0,4.273e-11,3.29e-11,3.782e-11,25.0,1
118,2.0,2.0,7.0,27.0,4.273e-11,3.298e-11,3.785e-11,25.0,1
119,2.0,2.0,7.0,30.0,4.285e-11,3.316e-11,3.801e-11,25.0,1
120,2.0,2.0,7.0,33.0,4.305e-11,3.341e-11,3.823e-11,25.0,1
121,2.0,2.0,8.0,21.0,4.356e-11,3.305e-11,3.83e-11,25.0,1
122,2.0,2.0,8.0,24.0,4.33e-11,3.295e-11,3.813e-11,25.0,1
123,2.0,2.0,8.0,27.0,4.325e-11,3.297e-11,3.811e-11,25.0,1
124,2.0,2.0,8.0,30.0,4.331e-11,3.309e-11,3.82e-11,25.0,1
125,2.0,2.0,8.0,33.0,4.346e-11,3.327e-11,3.837e-11,25.0,1
126,2.0,3.0,4.0,21.0,4.35e-11,3.482e-11,3.916e-11,25.0,1
127,2.0,3.0,4.0,24.0,4.358e-11,3.517e-11,3.937e-11,25.0,1
128,2.0,3.0,4.0,27.0,4.387e-11,3.562e-11,3.975e-11,25.0,1
129,2.0,3.0,4.0,30.0,4.427e-11,3.615e-11,4.021e-11,25.0,1
130,2.0,3.0,4.0,33.0,4.476e-11,3.676e-11,4.076e-11,25.0,1
131,2.0,3.0,5.0,21.0,4.301e-11,3.388e-11,3.845e-11,25.0,1
132,2.0,3.0,5.0,24.0,4.294e-11,3.404e-11,3.849e-11,25.0,1
133,2.0,3.0,5.0,27.0,4.309e-11,3.432e-11,3.871e-11,25.0,1
134,2.0,3.0,5.0,30.0,4.332e-11,3.469e-11,3.9e-11,25.0,1
135,2.0,3.0,5.0,33.0,4.368e-11,3.511e-11,3.94e-11,25.0,1
136,2.0,3.0,6.0,21.0,4.292e-11,3.341e-11,3.817e-11,25.0,1
137,2.0,3.0,6.0,24.0,4.278e-11,3.346e-11,3.812e-11,25.0,1
138,2.0,3.0,6.0,27.0,4.28e-11,3.362e-11,3.821e-11,25.0,1
139,2.0,3.0,6.0,30.0,4.294e-11,3.387e-11,3.841e-11,25.0,1
140,2.0,3.0,6.0,33.0,4.322e-11,3.417e-11,3.869e-11,25.0,1
141,2.0,3.0,7.0,21.0,4.308e-11,3.321e-11,3.814e-11,25.0,1
142,2.0,3.0,7.0,24.0,4.284e-11,3.316e-11,3.8e-11,25.0,1
143,2.0,3.0,7.0,27.0,4.281e-11,3.324e-11,3.802e-11,25.0,1
144,2.0,3.0,7.0,30.0,4.291e-11,3.341e-11,3.816e-11,25.0,1
145,2.0,3.0,7.0,33.0,4.307e-11,3.363e-11,3.835e-11,25.0,1
146,2.0,3.0,8.0,21.0,4.338e-11,3.316e-11,3.827e-11,25.0,1
147,2.0,3.0,8.0,24.0,4.308e-11,3.304e-11,3.806e-11,25.0,1
148,2.0,3.0,8.0,27.0,4.3e-11,3.306e-11,3.803e-11,25.0,1
149,2.0,3.0,8.0,30.0,4.306e-11,3.316e-11,3.811e-11,25.0,1
150,2.0,3.0,8.0,33.0,4.316e-11,3.332e-11,3.824e-11,25.0,1
151,3.0,1.0,4.0,21.0,4.714e-11,3.744e-11,4.229e-11,25.0,1
152,3.0,1.0,4.0,24.0,4.734e-11,3.777e-11,4.255e-11,25.0,1
153,3.0,1.0,4.0,27.0,4.77e-11,3.826e-11,4.298e-11,25.0,1
154,3.0,1.0,4.0,30.0,4.818e-11,3.879e-11,4.349e-11,25.0,1
155,3.0,1.0,4.0,33.0,4.872e-11,3.94e-11,4.406e-11,25.0,1
156,3.0,1.0,5.0,21.0,4.801e-11,3.721e-11,4.261e-11,25.0,1
157,3.0,1.0,5.0,24.0,4.805e-11,3.739e-11,4.272e-11,25.0,1
158,3.0,1.0,5.0,27.0,4.829e-11,3.769e-11,4.299e-11,25.0,1
159,3.0,1.0,5.0,30.0,4.862e-11,3.808e-11,4.335e-11,25.0,1
160,3.0,1.0,5.0,33.0,4.905e-11,3.851e-11,4.378e-11,25.0,1
161,3.0,1.0,6.0,21.0,4.93e-11,3.74e-11,4.335e-11,25.0,1
162,3.0,1.0,6.0,24.0,4.923e-11,3.748e-11,4.335e-11,25.0,1
163,3.0,1.0,6.0,27.0,4.937e-11,3.769e-11,4.353e-11,25.0,1
164,3.0,1.0,6.0,30.0,4.962e-11,3.796e-11,4.379e-11,25.0,1
165,3.0,1.0,6.0,33.0,4.994e-11,3.83e-11,4.412e-11,25.0,1
166,3.0,1.0,7.0,21.0,5.087e-11,3.786e-11,4.436e-11,25.0,1
167,3.0,1.0,7.0,24.0,5.072e-11,3.787e-11,4.429e-11,25.0,1
168,3.0,1.0,7.0,27.0,5.077e-11,3.799e-11,4.438e-11,25.0,1
169,3.0,1.0,7.0,30.0,5.094e-11,3.819e-11,4.457e-11,25.0,1
170,3.0,1.0,7.0,33.0,5.12e-11,3.845e-11,4.482e-11,25.0,1
171,3.0,1.0,8.0,21.0,5.259e-11,3.851e-11,4.555e-11,25.0,1
172,3.0,1.0,8.0,24.0,5.237e-11,3.844e-11,4.541e-11,25.0,1
173,3.0,1.0,8.0,27.0,5.237e-11,3.851e-11,4.544e-11,25.0,1
174,3.0,1.0,8.0,30.0,5.249e-11,3.866e-11,4.557e-11,25.0,1
175,3.0,1.0,8.0,33.0,5.268e-11,3.887e-11,4.577e-11,25.0,1
176,3.0,2.0,4.0,21.0,4.393e-11,3.585e-11,3.989e-11,25.0,1
177,3.0,2.0,4.0,24.0,4.405e-11,3.619e-11,4.012e-11,25.0,1
178,3.0,2.0,4.0,27.0,4.437e-11,3.664e-11,4.05e-11,25.0,1
179,3.0,2.0,4.0,30.0,4.478e-11,3.72e-11,4.099e-11,25.0,1
180,3.0,2.0,4.0,33.0,4.526e-11,3.78e-11,4.153e-11,25.0,1
181,3.0,2.0,5.0,21.0,4.376e-11,3.507e-11,3.941e-11,25.0,1
182,3.0,2.0,5.0,24.0,4.373e-11,3.521e-11,3.947e-11,25.0,1
183,3.0,2.0,5.0,27.0,4.389e-11,3.55e-11,3.969e-11,25.0,1
184,3.0,2.0,5.0,30.0,4.417e-11,3.586e-11,4.002e-11,25.0,1
185,3.0,2.0,5.0,33.0,4.452e-11,3.629e-11,4.041e-11,25.0,1
186,3.0,2.0,6.0,21.0,4.397e-11,3.47e-11,3.934e-11,25.0,1
187,3.0,2.0,6.0,24.0,4.385e-11,3.474e-11,3.93e-11,25.0,1
188,3.0,2.0,6.0,27.0,4.392e-11,3.492e-11,3.942e-11,25.0,1
189,3.0,2.0,6.0,30.0,4.411e-11,3.517e-11,3.964e-11,25.0,1
190,3.0,2.0,6.0,33.0,4.435e-11,3.55e-11,3.993e-11,25.0,1
191,3.0,2.0,7.0,21.0,4.443e-11,3.463e-11,3.953e-11,25.0,1
192,3.0,2.0,7.0,24.0,4.422e-11,3.458e-11,3.94e-11,25.0,1
193,3.0,2.0,7.0,27.0,4.424e-11,3.467e-11,3.945e-11,25.0,1
194,3.0,2.0,7.0,30.0,4.435e-11,3.484e-11,3.96e-11,25.0,1
195,3.0,2.0,7.0,33.0,4.455e-11,3.508e-11,3.982e-11,25.0,1
196,3.0,2.0,8.0,21.0,4.503e-11,3.469e-11,3.986e-11,25.0,1
197,3.0,2.0,8.0,24.0,4.477e-11,3.462e-11,3.97e-11,25.0,1
198,3.0,2.0,8.0,27.0,4.472e-11,3.463e-11,3.968e-11,25.0,1
199,3.0,2.0,8.0,30.0,4.479e-11,3.475e-11,3.977e-11,25.0,1
200,3.0,2.0,8.0,33.0,4.494e-11,3.494e-11,3.994e-11,25.0,1
201,3.0,3.0,4.0,21.0,4.406e-11,3.603e-11,4.004e-11,25.0,1
202,3.0,3.0,4.0,24.0,4.413e-11,3.635e-11,4.024e-11,25.0,1
203,3.0,3.0,4.0,27.0,4.442e-11,3.68e-11,4.061e-11,25.0,1
204,3.0,3.0,4.0,30.0,4.481e-11,3.734e-11,4.107e-11,25.0,1
205,3.0,3.0,4.0,33.0,4.529e-11,3.794e-11,4.161e-11,25.0,1
206,3.0,3.0,5.0,21.0,4.352e-11,3.504e-11,3.928e-11,25.0,1
207,3.0,3.0,5.0,24.0,4.346e-11,3.518e-11,3.932e-11,25.0,1
208,3.0,3.0,5.0,27.0,4.36e-11,3.548e-11,3.954e-11,25.0,1
209,3.0,3.0,5.0,30.0,4.386e-11,3.583e-11,3.984e-11,25.0,1
210,3.0,3.0,5.0,33.0,4.419e-11,3.625e-11,4.022e-11,25.0,1
211,3.0,3.0,6.0,21.0,4.341e-11,3.453e-11,3.897e-11,25.0,1
212,3.0,3.0,6.0,24.0,4.326e-11,3.457e-11,3.891e-11,25.0,1
213,3.0,3.0,6.0,27.0,4.329e-11,3.472e-11,3.9e-11,25.0,1
214,3.0,3.0,6.0,30.0,4.345e-11,3.497e-11,3.921e-11,25.0,1
215,3.0,3.0,6.0,33.0,4.368e-11,3.527e-11,3.948e-11,25.0,1
216,3.0,3.0,7.0,21.0,4.354e-11,3.427e-11,3.89e-11,25.0,1
217,3.0,3.0,7.0,24.0,4.331e-11,3.423e-11,3.877e-11,25.0,1
218,3.0,3.0,7.0,27.0,4.328e-11,3.43e-11,3.879e-11,25.0,1
219,3.0,3.0,7.0,30.0,4.337e-11,3.448e-11,3.892e-11,25.0,1
220,3.0,3.0,7.0,33.0,4.352e-11,3.472e-11,3.912e-11,25.0,1
221,3.0,3.0,8.0,21.0,4.381e-11,3.418e-11,3.9e-11,25.0,1
222,3.0,3.0,8.0,24.0,4.352e-11,3.407e-11,3.88e-11,25.0,1
223,3.0,3.0,8.0,27.0,4.343e-11,3.411e-11,3.877e-11,25.0,1
224,3.0,3.0,8.0,30.0,4.346e-11,3.42e-11,3.883e-11,25.0,1
225,3.0,3.0,8.0,33.0,4.358e-11,3.438e-11,3.898e-11,25.0,1
