index,sn_xinvpa0,sp_xinvpa0,sn_nand2,sp_nand2,sn_nor3,sp_nor3,sn_buffer_0,sp_buffer_0,sn_buffer_1,sp_buffer_1,sn_buffer_2,sp_buffer_2,sn_buffer_3,sp_buffer_3,tplh,tphl,tp,temper,alter#
1,1.0,1.0,2.0,1.0,1.0,3.0,1.0,1.0,4.0,4.0,15.0,15.0,63.0,63.0,4.906e-11,5.79e-11,5.348e-11,25.0,1
2,1.0,1.0,2.0,1.0,1.0,3.0,1.0,1.0,4.0,4.0,15.0,15.0,65.0,65.0,4.91e-11,5.797e-11,5.354e-11,25.0,1
3,1.0,1.0,2.0,1.0,1.0,3.0,1.0,1.0,4.0,4.0,15.0,15.0,67.0,67.0,4.915e-11,5.804e-11,5.359e-11,25.0,1
4,1.0,1.0,2.0,1.0,1.0,3.0,1.0,1.0,4.0,4.0,15.0,15.0,69.0,69.0,4.92e-11,5.812e-11,5.366e-11,25.0,1
5,1.0,1.0,2.0,1.0,1.0,3.0,1.0,1.0,4.0,4.0,15.0,15.0,71.0,71.0,4.926e-11,5.821e-11,5.373e-11,25.0,1
6,1.0,1.0,2.0,1.0,1.0,3.0,1.0,1.0,4.0,4.0,17.0,17.0,63.0,63.0,4.915e-11,5.787e-11,5.351e-11,25.0,1
7,1.0,1.0,2.0,1.0,1.0,3.0,1.0,1.0,4.0,4.0,17.0,17.0,65.0,65.0,4.918e-11,5.793e-11,5.355e-11,25.0,1
8,1.0,1.0,2.0,1.0,1.0,3.0,1.0,1.0,4.0,4.0,17.0,17.0,67.0,67.0,4.921e-11,5.799e-11,5.36e-11,25.0,1
9,1.0,1.0,2.0,1.0,1.0,3.0,1.0,1.0,4.0,4.0,17.0,17.0,69.0,69.0,4.925e-11,5.805e-11,5.365e-11,25.0,1
10,1.0,1.0,2.0,1.0,1.0,3.0,1.0,1.0,4.0,4.0,17.0,17.0,71.0,71.0,4.929e-11,5.811e-11,5.37e-11,25.0,1
11,1.0,1.0,2.0,1.0,1.0,3.0,1.0,1.0,4.0,4.0,19.0,19.0,63.0,63.0,4.935e-11,5.799e-11,5.367e-11,25.0,1
12,1.0,1.0,2.0,1.0,1.0,3.0,1.0,1.0,4.0,4.0,19.0,19.0,65.0,65.0,4.936e-11,5.802e-11,5.369e-11,25.0,1
13,1.0,1.0,2.0,1.0,1.0,3.0,1.0,1.0,4.0,4.0,19.0,19.0,67.0,67.0,4.939e-11,5.807e-11,5.373e-11,25.0,1
14,1.0,1.0,2.0,1.0,1.0,3.0,1.0,1.0,4.0,4.0,19.0,19.0,69.0,69.0,4.941e-11,5.811e-11,5.376e-11,25.0,1
15,1.0,1.0,2.0,1.0,1.0,3.0,1.0,1.0,4.0,4.0,19.0,19.0,71.0,71.0,4.944e-11,5.817e-11,5.381e-11,25.0,1
16,1.0,1.0,2.0,1.0,1.0,3.0,1.0,1.0,5.0,5.0,15.0,15.0,63.0,63.0,4.925e-11,5.829e-11,5.377e-11,25.0,1
17,1.0,1.0,2.0,1.0,1.0,3.0,1.0,1.0,5.0,5.0,15.0,15.0,65.0,65.0,4.929e-11,5.835e-11,5.382e-11,25.0,1
18,1.0,1.0,2.0,1.0,1.0,3.0,1.0,1.0,5.0,5.0,15.0,15.0,67.0,67.0,4.933e-11,5.842e-11,5.388e-11,25.0,1
19,1.0,1.0,2.0,1.0,1.0,3.0,1.0,1.0,5.0,5.0,15.0,15.0,69.0,69.0,4.938e-11,5.85e-11,5.394e-11,25.0,1
20,1.0,1.0,2.0,1.0,1.0,3.0,1.0,1.0,5.0,5.0,15.0,15.0,71.0,71.0,4.944e-11,5.858e-11,5.401e-11,25.0,1
21,1.0,1.0,2.0,1.0,1.0,3.0,1.0,1.0,5.0,5.0,17.0,17.0,63.0,63.0,4.922e-11,5.816e-11,5.369e-11,25.0,1
22,1.0,1.0,2.0,1.0,1.0,3.0,1.0,1.0,5.0,5.0,17.0,17.0,65.0,65.0,4.925e-11,5.821e-11,5.373e-11,25.0,1
23,1.0,1.0,2.0,1.0,1.0,3.0,1.0,1.0,5.0,5.0,17.0,17.0,67.0,67.0,4.927e-11,5.826e-11,5.377e-11,25.0,1
24,1.0,1.0,2.0,1.0,1.0,3.0,1.0,1.0,5.0,5.0,17.0,17.0,69.0,69.0,4.931e-11,5.833e-11,5.382e-11,25.0,1
25,1.0,1.0,2.0,1.0,1.0,3.0,1.0,1.0,5.0,5.0,17.0,17.0,71.0,71.0,4.935e-11,5.839e-11,5.387e-11,25.0,1
26,1.0,1.0,2.0,1.0,1.0,3.0,1.0,1.0,5.0,5.0,19.0,19.0,63.0,63.0,4.931e-11,5.817e-11,5.374e-11,25.0,1
27,1.0,1.0,2.0,1.0,1.0,3.0,1.0,1.0,5.0,5.0,19.0,19.0,65.0,65.0,4.932e-11,5.82e-11,5.376e-11,25.0,1
28,1.0,1.0,2.0,1.0,1.0,3.0,1.0,1.0,5.0,5.0,19.0,19.0,67.0,67.0,4.933e-11,5.825e-11,5.379e-11,25.0,1
29,1.0,1.0,2.0,1.0,1.0,3.0,1.0,1.0,5.0,5.0,19.0,19.0,69.0,69.0,4.936e-11,5.829e-11,5.382e-11,25.0,1
30,1.0,1.0,2.0,1.0,1.0,3.0,1.0,1.0,5.0,5.0,19.0,19.0,71.0,71.0,4.938e-11,5.835e-11,5.386e-11,25.0,1
31,1.0,1.0,2.0,1.0,1.0,3.0,1.0,1.0,6.0,6.0,15.0,15.0,63.0,63.0,4.976e-11,5.896e-11,5.436e-11,25.0,1
32,1.0,1.0,2.0,1.0,1.0,3.0,1.0,1.0,6.0,6.0,15.0,15.0,65.0,65.0,4.98e-11,5.903e-11,5.441e-11,25.0,1
33,1.0,1.0,2.0,1.0,1.0,3.0,1.0,1.0,6.0,6.0,15.0,15.0,67.0,67.0,4.984e-11,5.91e-11,5.447e-11,25.0,1
34,1.0,1.0,2.0,1.0,1.0,3.0,1.0,1.0,6.0,6.0,15.0,15.0,69.0,69.0,4.988e-11,5.918e-11,5.453e-11,25.0,1
35,1.0,1.0,2.0,1.0,1.0,3.0,1.0,1.0,6.0,6.0,15.0,15.0,71.0,71.0,4.994e-11,5.926e-11,5.46e-11,25.0,1
36,1.0,1.0,2.0,1.0,1.0,3.0,1.0,1.0,6.0,6.0,17.0,17.0,63.0,63.0,4.965e-11,5.877e-11,5.421e-11,25.0,1
37,1.0,1.0,2.0,1.0,1.0,3.0,1.0,1.0,6.0,6.0,17.0,17.0,65.0,65.0,4.967e-11,5.881e-11,5.424e-11,25.0,1
38,1.0,1.0,2.0,1.0,1.0,3.0,1.0,1.0,6.0,6.0,17.0,17.0,67.0,67.0,4.97e-11,5.887e-11,5.428e-11,25.0,1
39,1.0,1.0,2.0,1.0,1.0,3.0,1.0,1.0,6.0,6.0,17.0,17.0,69.0,69.0,4.973e-11,5.893e-11,5.433e-11,25.0,1
40,1.0,1.0,2.0,1.0,1.0,3.0,1.0,1.0,6.0,6.0,17.0,17.0,71.0,71.0,4.976e-11,5.899e-11,5.438e-11,25.0,1
41,1.0,1.0,2.0,1.0,1.0,3.0,1.0,1.0,6.0,6.0,19.0,19.0,63.0,63.0,4.966e-11,5.87e-11,5.418e-11,25.0,1
42,1.0,1.0,2.0,1.0,1.0,3.0,1.0,1.0,6.0,6.0,19.0,19.0,65.0,65.0,4.967e-11,5.874e-11,5.42e-11,25.0,1
43,1.0,1.0,2.0,1.0,1.0,3.0,1.0,1.0,6.0,6.0,19.0,19.0,67.0,67.0,4.968e-11,5.878e-11,5.423e-11,25.0,1
44,1.0,1.0,2.0,1.0,1.0,3.0,1.0,1.0,6.0,6.0,19.0,19.0,69.0,69.0,4.97e-11,5.882e-11,5.426e-11,25.0,1
45,1.0,1.0,2.0,1.0,1.0,3.0,1.0,1.0,6.0,6.0,19.0,19.0,71.0,71.0,4.972e-11,5.887e-11,5.43e-11,25.0,1
46,1.0,1.0,2.0,1.0,1.0,3.0,2.0,2.0,4.0,4.0,15.0,15.0,63.0,63.0,4.758e-11,5.655e-11,5.207e-11,25.0,1
47,1.0,1.0,2.0,1.0,1.0,3.0,2.0,2.0,4.0,4.0,15.0,15.0,65.0,65.0,4.763e-11,5.662e-11,5.212e-11,25.0,1
48,1.0,1.0,2.0,1.0,1.0,3.0,2.0,2.0,4.0,4.0,15.0,15.0,67.0,67.0,4.767e-11,5.67e-11,5.218e-11,25.0,1
49,1.0,1.0,2.0,1.0,1.0,3.0,2.0,2.0,4.0,4.0,15.0,15.0,69.0,69.0,4.772e-11,5.678e-11,5.225e-11,25.0,1
50,1.0,1.0,2.0,1.0,1.0,3.0,2.0,2.0,4.0,4.0,15.0,15.0,71.0,71.0,4.778e-11,5.687e-11,5.232e-11,25.0,1
51,1.0,1.0,2.0,1.0,1.0,3.0,2.0,2.0,4.0,4.0,17.0,17.0,63.0,63.0,4.766e-11,5.65e-11,5.208e-11,25.0,1
52,1.0,1.0,2.0,1.0,1.0,3.0,2.0,2.0,4.0,4.0,17.0,17.0,65.0,65.0,4.768e-11,5.656e-11,5.212e-11,25.0,1
53,1.0,1.0,2.0,1.0,1.0,3.0,2.0,2.0,4.0,4.0,17.0,17.0,67.0,67.0,4.771e-11,5.661e-11,5.216e-11,25.0,1
54,1.0,1.0,2.0,1.0,1.0,3.0,2.0,2.0,4.0,4.0,17.0,17.0,69.0,69.0,4.775e-11,5.668e-11,5.221e-11,25.0,1
55,1.0,1.0,2.0,1.0,1.0,3.0,2.0,2.0,4.0,4.0,17.0,17.0,71.0,71.0,4.779e-11,5.674e-11,5.227e-11,25.0,1
56,1.0,1.0,2.0,1.0,1.0,3.0,2.0,2.0,4.0,4.0,19.0,19.0,63.0,63.0,4.785e-11,5.658e-11,5.221e-11,25.0,1
57,1.0,1.0,2.0,1.0,1.0,3.0,2.0,2.0,4.0,4.0,19.0,19.0,65.0,65.0,4.786e-11,5.662e-11,5.224e-11,25.0,1
58,1.0,1.0,2.0,1.0,1.0,3.0,2.0,2.0,4.0,4.0,19.0,19.0,67.0,67.0,4.788e-11,5.667e-11,5.227e-11,25.0,1
59,1.0,1.0,2.0,1.0,1.0,3.0,2.0,2.0,4.0,4.0,19.0,19.0,69.0,69.0,4.79e-11,5.671e-11,5.231e-11,25.0,1
60,1.0,1.0,2.0,1.0,1.0,3.0,2.0,2.0,4.0,4.0,19.0,19.0,71.0,71.0,4.794e-11,5.677e-11,5.235e-11,25.0,1
61,1.0,1.0,2.0,1.0,1.0,3.0,2.0,2.0,5.0,5.0,15.0,15.0,63.0,63.0,4.722e-11,5.632e-11,5.177e-11,25.0,1
62,1.0,1.0,2.0,1.0,1.0,3.0,2.0,2.0,5.0,5.0,15.0,15.0,65.0,65.0,4.725e-11,5.638e-11,5.182e-11,25.0,1
63,1.0,1.0,2.0,1.0,1.0,3.0,2.0,2.0,5.0,5.0,15.0,15.0,67.0,67.0,4.729e-11,5.646e-11,5.187e-11,25.0,1
64,1.0,1.0,2.0,1.0,1.0,3.0,2.0,2.0,5.0,5.0,15.0,15.0,69.0,69.0,4.735e-11,5.654e-11,5.194e-11,25.0,1
65,1.0,1.0,2.0,1.0,1.0,3.0,2.0,2.0,5.0,5.0,15.0,15.0,71.0,71.0,4.74e-11,5.663e-11,5.201e-11,25.0,1
66,1.0,1.0,2.0,1.0,1.0,3.0,2.0,2.0,5.0,5.0,17.0,17.0,63.0,63.0,4.716e-11,5.615e-11,5.166e-11,25.0,1
67,1.0,1.0,2.0,1.0,1.0,3.0,2.0,2.0,5.0,5.0,17.0,17.0,65.0,65.0,4.718e-11,5.62e-11,5.169e-11,25.0,1
68,1.0,1.0,2.0,1.0,1.0,3.0,2.0,2.0,5.0,5.0,17.0,17.0,67.0,67.0,4.721e-11,5.627e-11,5.174e-11,25.0,1
69,1.0,1.0,2.0,1.0,1.0,3.0,2.0,2.0,5.0,5.0,17.0,17.0,69.0,69.0,4.725e-11,5.632e-11,5.178e-11,25.0,1
70,1.0,1.0,2.0,1.0,1.0,3.0,2.0,2.0,5.0,5.0,17.0,17.0,71.0,71.0,4.729e-11,5.639e-11,5.184e-11,25.0,1
71,1.0,1.0,2.0,1.0,1.0,3.0,2.0,2.0,5.0,5.0,19.0,19.0,63.0,63.0,4.722e-11,5.612e-11,5.167e-11,25.0,1
72,1.0,1.0,2.0,1.0,1.0,3.0,2.0,2.0,5.0,5.0,19.0,19.0,65.0,65.0,4.723e-11,5.615e-11,5.169e-11,25.0,1
73,1.0,1.0,2.0,1.0,1.0,3.0,2.0,2.0,5.0,5.0,19.0,19.0,67.0,67.0,4.725e-11,5.62e-11,5.172e-11,25.0,1
74,1.0,1.0,2.0,1.0,1.0,3.0,2.0,2.0,5.0,5.0,19.0,19.0,69.0,69.0,4.727e-11,5.625e-11,5.176e-11,25.0,1
75,1.0,1.0,2.0,1.0,1.0,3.0,2.0,2.0,5.0,5.0,19.0,19.0,71.0,71.0,4.73e-11,5.63e-11,5.18e-11,25.0,1
76,1.0,1.0,2.0,1.0,1.0,3.0,2.0,2.0,6.0,6.0,15.0,15.0,63.0,63.0,4.718e-11,5.637e-11,5.177e-11,25.0,1
77,1.0,1.0,2.0,1.0,1.0,3.0,2.0,2.0,6.0,6.0,15.0,15.0,65.0,65.0,4.721e-11,5.644e-11,5.182e-11,25.0,1
78,1.0,1.0,2.0,1.0,1.0,3.0,2.0,2.0,6.0,6.0,15.0,15.0,67.0,67.0,4.725e-11,5.651e-11,5.188e-11,25.0,1
79,1.0,1.0,2.0,1.0,1.0,3.0,2.0,2.0,6.0,6.0,15.0,15.0,69.0,69.0,4.73e-11,5.658e-11,5.194e-11,25.0,1
80,1.0,1.0,2.0,1.0,1.0,3.0,2.0,2.0,6.0,6.0,15.0,15.0,71.0,71.0,4.735e-11,5.667e-11,5.201e-11,25.0,1
81,1.0,1.0,2.0,1.0,1.0,3.0,2.0,2.0,6.0,6.0,17.0,17.0,63.0,63.0,4.704e-11,5.613e-11,5.159e-11,25.0,1
82,1.0,1.0,2.0,1.0,1.0,3.0,2.0,2.0,6.0,6.0,17.0,17.0,65.0,65.0,4.706e-11,5.618e-11,5.162e-11,25.0,1
83,1.0,1.0,2.0,1.0,1.0,3.0,2.0,2.0,6.0,6.0,17.0,17.0,67.0,67.0,4.708e-11,5.624e-11,5.166e-11,25.0,1
84,1.0,1.0,2.0,1.0,1.0,3.0,2.0,2.0,6.0,6.0,17.0,17.0,69.0,69.0,4.712e-11,5.63e-11,5.171e-11,25.0,1
85,1.0,1.0,2.0,1.0,1.0,3.0,2.0,2.0,6.0,6.0,17.0,17.0,71.0,71.0,4.716e-11,5.636e-11,5.176e-11,25.0,1
86,1.0,1.0,2.0,1.0,1.0,3.0,2.0,2.0,6.0,6.0,19.0,19.0,63.0,63.0,4.702e-11,5.603e-11,5.153e-11,25.0,1
87,1.0,1.0,2.0,1.0,1.0,3.0,2.0,2.0,6.0,6.0,19.0,19.0,65.0,65.0,4.703e-11,5.607e-11,5.155e-11,25.0,1
88,1.0,1.0,2.0,1.0,1.0,3.0,2.0,2.0,6.0,6.0,19.0,19.0,67.0,67.0,4.705e-11,5.611e-11,5.158e-11,25.0,1
89,1.0,1.0,2.0,1.0,1.0,3.0,2.0,2.0,6.0,6.0,19.0,19.0,69.0,69.0,4.706e-11,5.615e-11,5.161e-11,25.0,1
90,1.0,1.0,2.0,1.0,1.0,3.0,2.0,2.0,6.0,6.0,19.0,19.0,71.0,71.0,4.709e-11,5.62e-11,5.164e-11,25.0,1
91,1.0,1.0,2.0,1.0,2.0,6.0,1.0,1.0,4.0,4.0,15.0,15.0,63.0,63.0,5.647e-11,7.177e-11,6.412e-11,25.0,1
92,1.0,1.0,2.0,1.0,2.0,6.0,1.0,1.0,4.0,4.0,15.0,15.0,65.0,65.0,5.651e-11,7.184e-11,6.417e-11,25.0,1
93,1.0,1.0,2.0,1.0,2.0,6.0,1.0,1.0,4.0,4.0,15.0,15.0,67.0,67.0,5.656e-11,7.191e-11,6.423e-11,25.0,1
94,1.0,1.0,2.0,1.0,2.0,6.0,1.0,1.0,4.0,4.0,15.0,15.0,69.0,69.0,5.661e-11,7.199e-11,6.43e-11,25.0,1
95,1.0,1.0,2.0,1.0,2.0,6.0,1.0,1.0,4.0,4.0,15.0,15.0,71.0,71.0,5.667e-11,7.208e-11,6.437e-11,25.0,1
96,1.0,1.0,2.0,1.0,2.0,6.0,1.0,1.0,4.0,4.0,17.0,17.0,63.0,63.0,5.656e-11,7.174e-11,6.415e-11,25.0,1
97,1.0,1.0,2.0,1.0,2.0,6.0,1.0,1.0,4.0,4.0,17.0,17.0,65.0,65.0,5.659e-11,7.179e-11,6.419e-11,25.0,1
98,1.0,1.0,2.0,1.0,2.0,6.0,1.0,1.0,4.0,4.0,17.0,17.0,67.0,67.0,5.662e-11,7.185e-11,6.423e-11,25.0,1
99,1.0,1.0,2.0,1.0,2.0,6.0,1.0,1.0,4.0,4.0,17.0,17.0,69.0,69.0,5.666e-11,7.191e-11,6.428e-11,25.0,1
100,1.0,1.0,2.0,1.0,2.0,6.0,1.0,1.0,4.0,4.0,17.0,17.0,71.0,71.0,5.669e-11,7.198e-11,6.434e-11,25.0,1
101,1.0,1.0,2.0,1.0,2.0,6.0,1.0,1.0,4.0,4.0,19.0,19.0,63.0,63.0,5.676e-11,7.185e-11,6.431e-11,25.0,1
102,1.0,1.0,2.0,1.0,2.0,6.0,1.0,1.0,4.0,4.0,19.0,19.0,65.0,65.0,5.677e-11,7.189e-11,6.433e-11,25.0,1
103,1.0,1.0,2.0,1.0,2.0,6.0,1.0,1.0,4.0,4.0,19.0,19.0,67.0,67.0,5.68e-11,7.193e-11,6.436e-11,25.0,1
104,1.0,1.0,2.0,1.0,2.0,6.0,1.0,1.0,4.0,4.0,19.0,19.0,69.0,69.0,5.682e-11,7.198e-11,6.44e-11,25.0,1
105,1.0,1.0,2.0,1.0,2.0,6.0,1.0,1.0,4.0,4.0,19.0,19.0,71.0,71.0,5.685e-11,7.204e-11,6.444e-11,25.0,1
106,1.0,1.0,2.0,1.0,2.0,6.0,1.0,1.0,5.0,5.0,15.0,15.0,63.0,63.0,5.669e-11,7.214e-11,6.442e-11,25.0,1
107,1.0,1.0,2.0,1.0,2.0,6.0,1.0,1.0,5.0,5.0,15.0,15.0,65.0,65.0,5.672e-11,7.221e-11,6.447e-11,25.0,1
108,1.0,1.0,2.0,1.0,2.0,6.0,1.0,1.0,5.0,5.0,15.0,15.0,67.0,67.0,5.677e-11,7.229e-11,6.453e-11,25.0,1
109,1.0,1.0,2.0,1.0,2.0,6.0,1.0,1.0,5.0,5.0,15.0,15.0,69.0,69.0,5.682e-11,7.237e-11,6.459e-11,25.0,1
110,1.0,1.0,2.0,1.0,2.0,6.0,1.0,1.0,5.0,5.0,15.0,15.0,71.0,71.0,5.687e-11,7.245e-11,6.466e-11,25.0,1
111,1.0,1.0,2.0,1.0,2.0,6.0,1.0,1.0,5.0,5.0,17.0,17.0,63.0,63.0,5.665e-11,7.203e-11,6.434e-11,25.0,1
112,1.0,1.0,2.0,1.0,2.0,6.0,1.0,1.0,5.0,5.0,17.0,17.0,65.0,65.0,5.667e-11,7.207e-11,6.437e-11,25.0,1
113,1.0,1.0,2.0,1.0,2.0,6.0,1.0,1.0,5.0,5.0,17.0,17.0,67.0,67.0,5.671e-11,7.213e-11,6.442e-11,25.0,1
114,1.0,1.0,2.0,1.0,2.0,6.0,1.0,1.0,5.0,5.0,17.0,17.0,69.0,69.0,5.674e-11,7.219e-11,6.447e-11,25.0,1
115,1.0,1.0,2.0,1.0,2.0,6.0,1.0,1.0,5.0,5.0,17.0,17.0,71.0,71.0,5.678e-11,7.226e-11,6.452e-11,25.0,1
116,1.0,1.0,2.0,1.0,2.0,6.0,1.0,1.0,5.0,5.0,19.0,19.0,63.0,63.0,5.674e-11,7.203e-11,6.438e-11,25.0,1
117,1.0,1.0,2.0,1.0,2.0,6.0,1.0,1.0,5.0,5.0,19.0,19.0,65.0,65.0,5.675e-11,7.206e-11,6.441e-11,25.0,1
118,1.0,1.0,2.0,1.0,2.0,6.0,1.0,1.0,5.0,5.0,19.0,19.0,67.0,67.0,5.676e-11,7.211e-11,6.443e-11,25.0,1
119,1.0,1.0,2.0,1.0,2.0,6.0,1.0,1.0,5.0,5.0,19.0,19.0,69.0,69.0,5.679e-11,7.215e-11,6.447e-11,25.0,1
120,1.0,1.0,2.0,1.0,2.0,6.0,1.0,1.0,5.0,5.0,19.0,19.0,71.0,71.0,5.682e-11,7.221e-11,6.451e-11,25.0,1
121,1.0,1.0,2.0,1.0,2.0,6.0,1.0,1.0,6.0,6.0,15.0,15.0,63.0,63.0,5.722e-11,7.282e-11,6.502e-11,25.0,1
122,1.0,1.0,2.0,1.0,2.0,6.0,1.0,1.0,6.0,6.0,15.0,15.0,65.0,65.0,5.726e-11,7.289e-11,6.508e-11,25.0,1
123,1.0,1.0,2.0,1.0,2.0,6.0,1.0,1.0,6.0,6.0,15.0,15.0,67.0,67.0,5.73e-11,7.296e-11,6.513e-11,25.0,1
124,1.0,1.0,2.0,1.0,2.0,6.0,1.0,1.0,6.0,6.0,15.0,15.0,69.0,69.0,5.735e-11,7.304e-11,6.519e-11,25.0,1
125,1.0,1.0,2.0,1.0,2.0,6.0,1.0,1.0,6.0,6.0,15.0,15.0,71.0,71.0,5.74e-11,7.312e-11,6.526e-11,25.0,1
126,1.0,1.0,2.0,1.0,2.0,6.0,1.0,1.0,6.0,6.0,17.0,17.0,63.0,63.0,5.712e-11,7.262e-11,6.487e-11,25.0,1
127,1.0,1.0,2.0,1.0,2.0,6.0,1.0,1.0,6.0,6.0,17.0,17.0,65.0,65.0,5.713e-11,7.268e-11,6.49e-11,25.0,1
128,1.0,1.0,2.0,1.0,2.0,6.0,1.0,1.0,6.0,6.0,17.0,17.0,67.0,67.0,5.716e-11,7.273e-11,6.495e-11,25.0,1
129,1.0,1.0,2.0,1.0,2.0,6.0,1.0,1.0,6.0,6.0,17.0,17.0,69.0,69.0,5.719e-11,7.279e-11,6.499e-11,25.0,1
130,1.0,1.0,2.0,1.0,2.0,6.0,1.0,1.0,6.0,6.0,17.0,17.0,71.0,71.0,5.723e-11,7.286e-11,6.504e-11,25.0,1
131,1.0,1.0,2.0,1.0,2.0,6.0,1.0,1.0,6.0,6.0,19.0,19.0,63.0,63.0,5.712e-11,7.256e-11,6.484e-11,25.0,1
132,1.0,1.0,2.0,1.0,2.0,6.0,1.0,1.0,6.0,6.0,19.0,19.0,65.0,65.0,5.713e-11,7.26e-11,6.486e-11,25.0,1
133,1.0,1.0,2.0,1.0,2.0,6.0,1.0,1.0,6.0,6.0,19.0,19.0,67.0,67.0,5.714e-11,7.264e-11,6.489e-11,25.0,1
134,1.0,1.0,2.0,1.0,2.0,6.0,1.0,1.0,6.0,6.0,19.0,19.0,69.0,69.0,5.716e-11,7.268e-11,6.492e-11,25.0,1
135,1.0,1.0,2.0,1.0,2.0,6.0,1.0,1.0,6.0,6.0,19.0,19.0,71.0,71.0,5.718e-11,7.273e-11,6.496e-11,25.0,1
136,1.0,1.0,2.0,1.0,2.0,6.0,2.0,2.0,4.0,4.0,15.0,15.0,63.0,63.0,5.448e-11,6.982e-11,6.215e-11,25.0,1
137,1.0,1.0,2.0,1.0,2.0,6.0,2.0,2.0,4.0,4.0,15.0,15.0,65.0,65.0,5.451e-11,6.989e-11,6.22e-11,25.0,1
138,1.0,1.0,2.0,1.0,2.0,6.0,2.0,2.0,4.0,4.0,15.0,15.0,67.0,67.0,5.456e-11,6.996e-11,6.226e-11,25.0,1
139,1.0,1.0,2.0,1.0,2.0,6.0,2.0,2.0,4.0,4.0,15.0,15.0,69.0,69.0,5.462e-11,7.005e-11,6.233e-11,25.0,1
140,1.0,1.0,2.0,1.0,2.0,6.0,2.0,2.0,4.0,4.0,15.0,15.0,71.0,71.0,5.467e-11,7.013e-11,6.24e-11,25.0,1
141,1.0,1.0,2.0,1.0,2.0,6.0,2.0,2.0,4.0,4.0,17.0,17.0,63.0,63.0,5.455e-11,6.976e-11,6.216e-11,25.0,1
142,1.0,1.0,2.0,1.0,2.0,6.0,2.0,2.0,4.0,4.0,17.0,17.0,65.0,65.0,5.457e-11,6.982e-11,6.219e-11,25.0,1
143,1.0,1.0,2.0,1.0,2.0,6.0,2.0,2.0,4.0,4.0,17.0,17.0,67.0,67.0,5.461e-11,6.988e-11,6.224e-11,25.0,1
144,1.0,1.0,2.0,1.0,2.0,6.0,2.0,2.0,4.0,4.0,17.0,17.0,69.0,69.0,5.464e-11,6.994e-11,6.229e-11,25.0,1
145,1.0,1.0,2.0,1.0,2.0,6.0,2.0,2.0,4.0,4.0,17.0,17.0,71.0,71.0,5.469e-11,7.001e-11,6.235e-11,25.0,1
146,1.0,1.0,2.0,1.0,2.0,6.0,2.0,2.0,4.0,4.0,19.0,19.0,63.0,63.0,5.474e-11,6.984e-11,6.229e-11,25.0,1
147,1.0,1.0,2.0,1.0,2.0,6.0,2.0,2.0,4.0,4.0,19.0,19.0,65.0,65.0,5.475e-11,6.988e-11,6.231e-11,25.0,1
148,1.0,1.0,2.0,1.0,2.0,6.0,2.0,2.0,4.0,4.0,19.0,19.0,67.0,67.0,5.477e-11,6.992e-11,6.235e-11,25.0,1
149,1.0,1.0,2.0,1.0,2.0,6.0,2.0,2.0,4.0,4.0,19.0,19.0,69.0,69.0,5.479e-11,6.998e-11,6.239e-11,25.0,1
150,1.0,1.0,2.0,1.0,2.0,6.0,2.0,2.0,4.0,4.0,19.0,19.0,71.0,71.0,5.483e-11,7.003e-11,6.243e-11,25.0,1
151,1.0,1.0,2.0,1.0,2.0,6.0,2.0,2.0,5.0,5.0,15.0,15.0,63.0,63.0,5.409e-11,6.957e-11,6.183e-11,25.0,1
152,1.0,1.0,2.0,1.0,2.0,6.0,2.0,2.0,5.0,5.0,15.0,15.0,65.0,65.0,5.413e-11,6.964e-11,6.188e-11,25.0,1
153,1.0,1.0,2.0,1.0,2.0,6.0,2.0,2.0,5.0,5.0,15.0,15.0,67.0,67.0,5.417e-11,6.971e-11,6.194e-11,25.0,1
154,1.0,1.0,2.0,1.0,2.0,6.0,2.0,2.0,5.0,5.0,15.0,15.0,69.0,69.0,5.422e-11,6.979e-11,6.201e-11,25.0,1
155,1.0,1.0,2.0,1.0,2.0,6.0,2.0,2.0,5.0,5.0,15.0,15.0,71.0,71.0,5.428e-11,6.988e-11,6.208e-11,25.0,1
156,1.0,1.0,2.0,1.0,2.0,6.0,2.0,2.0,5.0,5.0,17.0,17.0,63.0,63.0,5.404e-11,6.941e-11,6.172e-11,25.0,1
157,1.0,1.0,2.0,1.0,2.0,6.0,2.0,2.0,5.0,5.0,17.0,17.0,65.0,65.0,5.406e-11,6.946e-11,6.176e-11,25.0,1
158,1.0,1.0,2.0,1.0,2.0,6.0,2.0,2.0,5.0,5.0,17.0,17.0,67.0,67.0,5.408e-11,6.951e-11,6.18e-11,25.0,1
159,1.0,1.0,2.0,1.0,2.0,6.0,2.0,2.0,5.0,5.0,17.0,17.0,69.0,69.0,5.412e-11,6.957e-11,6.185e-11,25.0,1
160,1.0,1.0,2.0,1.0,2.0,6.0,2.0,2.0,5.0,5.0,17.0,17.0,71.0,71.0,5.416e-11,6.964e-11,6.19e-11,25.0,1
161,1.0,1.0,2.0,1.0,2.0,6.0,2.0,2.0,5.0,5.0,19.0,19.0,63.0,63.0,5.41e-11,6.937e-11,6.174e-11,25.0,1
162,1.0,1.0,2.0,1.0,2.0,6.0,2.0,2.0,5.0,5.0,19.0,19.0,65.0,65.0,5.411e-11,6.941e-11,6.176e-11,25.0,1
163,1.0,1.0,2.0,1.0,2.0,6.0,2.0,2.0,5.0,5.0,19.0,19.0,67.0,67.0,5.413e-11,6.945e-11,6.179e-11,25.0,1
164,1.0,1.0,2.0,1.0,2.0,6.0,2.0,2.0,5.0,5.0,19.0,19.0,69.0,69.0,5.415e-11,6.95e-11,6.182e-11,25.0,1
165,1.0,1.0,2.0,1.0,2.0,6.0,2.0,2.0,5.0,5.0,19.0,19.0,71.0,71.0,5.418e-11,6.955e-11,6.187e-11,25.0,1
166,1.0,1.0,2.0,1.0,2.0,6.0,2.0,2.0,6.0,6.0,15.0,15.0,63.0,63.0,5.405e-11,6.961e-11,6.183e-11,25.0,1
167,1.0,1.0,2.0,1.0,2.0,6.0,2.0,2.0,6.0,6.0,15.0,15.0,65.0,65.0,5.408e-11,6.968e-11,6.188e-11,25.0,1
168,1.0,1.0,2.0,1.0,2.0,6.0,2.0,2.0,6.0,6.0,15.0,15.0,67.0,67.0,5.413e-11,6.975e-11,6.194e-11,25.0,1
169,1.0,1.0,2.0,1.0,2.0,6.0,2.0,2.0,6.0,6.0,15.0,15.0,69.0,69.0,5.417e-11,6.983e-11,6.2e-11,25.0,1
170,1.0,1.0,2.0,1.0,2.0,6.0,2.0,2.0,6.0,6.0,15.0,15.0,71.0,71.0,5.423e-11,6.991e-11,6.207e-11,25.0,1
171,1.0,1.0,2.0,1.0,2.0,6.0,2.0,2.0,6.0,6.0,17.0,17.0,63.0,63.0,5.391e-11,6.937e-11,6.164e-11,25.0,1
172,1.0,1.0,2.0,1.0,2.0,6.0,2.0,2.0,6.0,6.0,17.0,17.0,65.0,65.0,5.393e-11,6.942e-11,6.168e-11,25.0,1
173,1.0,1.0,2.0,1.0,2.0,6.0,2.0,2.0,6.0,6.0,17.0,17.0,67.0,67.0,5.395e-11,6.948e-11,6.172e-11,25.0,1
174,1.0,1.0,2.0,1.0,2.0,6.0,2.0,2.0,6.0,6.0,17.0,17.0,69.0,69.0,5.399e-11,6.954e-11,6.177e-11,25.0,1
175,1.0,1.0,2.0,1.0,2.0,6.0,2.0,2.0,6.0,6.0,17.0,17.0,71.0,71.0,5.403e-11,6.961e-11,6.182e-11,25.0,1
176,1.0,1.0,2.0,1.0,2.0,6.0,2.0,2.0,6.0,6.0,19.0,19.0,63.0,63.0,5.39e-11,6.927e-11,6.158e-11,25.0,1
177,1.0,1.0,2.0,1.0,2.0,6.0,2.0,2.0,6.0,6.0,19.0,19.0,65.0,65.0,5.39e-11,6.931e-11,6.16e-11,25.0,1
178,1.0,1.0,2.0,1.0,2.0,6.0,2.0,2.0,6.0,6.0,19.0,19.0,67.0,67.0,5.391e-11,6.935e-11,6.163e-11,25.0,1
179,1.0,1.0,2.0,1.0,2.0,6.0,2.0,2.0,6.0,6.0,19.0,19.0,69.0,69.0,5.393e-11,6.939e-11,6.166e-11,25.0,1
180,1.0,1.0,2.0,1.0,2.0,6.0,2.0,2.0,6.0,6.0,19.0,19.0,71.0,71.0,5.396e-11,6.945e-11,6.17e-11,25.0,1
181,1.0,1.0,3.0,2.0,1.0,3.0,1.0,1.0,4.0,4.0,15.0,15.0,63.0,63.0,4.969e-11,5.335e-11,5.152e-11,25.0,1
182,1.0,1.0,3.0,2.0,1.0,3.0,1.0,1.0,4.0,4.0,15.0,15.0,65.0,65.0,4.972e-11,5.343e-11,5.158e-11,25.0,1
183,1.0,1.0,3.0,2.0,1.0,3.0,1.0,1.0,4.0,4.0,15.0,15.0,67.0,67.0,4.977e-11,5.35e-11,5.164e-11,25.0,1
184,1.0,1.0,3.0,2.0,1.0,3.0,1.0,1.0,4.0,4.0,15.0,15.0,69.0,69.0,4.982e-11,5.358e-11,5.17e-11,25.0,1
185,1.0,1.0,3.0,2.0,1.0,3.0,1.0,1.0,4.0,4.0,15.0,15.0,71.0,71.0,4.988e-11,5.366e-11,5.177e-11,25.0,1
186,1.0,1.0,3.0,2.0,1.0,3.0,1.0,1.0,4.0,4.0,17.0,17.0,63.0,63.0,4.977e-11,5.333e-11,5.155e-11,25.0,1
187,1.0,1.0,3.0,2.0,1.0,3.0,1.0,1.0,4.0,4.0,17.0,17.0,65.0,65.0,4.979e-11,5.338e-11,5.159e-11,25.0,1
188,1.0,1.0,3.0,2.0,1.0,3.0,1.0,1.0,4.0,4.0,17.0,17.0,67.0,67.0,4.983e-11,5.345e-11,5.164e-11,25.0,1
189,1.0,1.0,3.0,2.0,1.0,3.0,1.0,1.0,4.0,4.0,17.0,17.0,69.0,69.0,4.986e-11,5.351e-11,5.169e-11,25.0,1
190,1.0,1.0,3.0,2.0,1.0,3.0,1.0,1.0,4.0,4.0,17.0,17.0,71.0,71.0,4.991e-11,5.358e-11,5.174e-11,25.0,1
191,1.0,1.0,3.0,2.0,1.0,3.0,1.0,1.0,4.0,4.0,19.0,19.0,63.0,63.0,4.998e-11,5.344e-11,5.171e-11,25.0,1
192,1.0,1.0,3.0,2.0,1.0,3.0,1.0,1.0,4.0,4.0,19.0,19.0,65.0,65.0,4.999e-11,5.348e-11,5.174e-11,25.0,1
193,1.0,1.0,3.0,2.0,1.0,3.0,1.0,1.0,4.0,4.0,19.0,19.0,67.0,67.0,5.001e-11,5.352e-11,5.177e-11,25.0,1
194,1.0,1.0,3.0,2.0,1.0,3.0,1.0,1.0,4.0,4.0,19.0,19.0,69.0,69.0,5.003e-11,5.358e-11,5.18e-11,25.0,1
195,1.0,1.0,3.0,2.0,1.0,3.0,1.0,1.0,4.0,4.0,19.0,19.0,71.0,71.0,5.006e-11,5.363e-11,5.185e-11,25.0,1
196,1.0,1.0,3.0,2.0,1.0,3.0,1.0,1.0,5.0,5.0,15.0,15.0,63.0,63.0,4.987e-11,5.375e-11,5.181e-11,25.0,1
197,1.0,1.0,3.0,2.0,1.0,3.0,1.0,1.0,5.0,5.0,15.0,15.0,65.0,65.0,4.991e-11,5.381e-11,5.186e-11,25.0,1
198,1.0,1.0,3.0,2.0,1.0,3.0,1.0,1.0,5.0,5.0,15.0,15.0,67.0,67.0,4.995e-11,5.388e-11,5.192e-11,25.0,1
199,1.0,1.0,3.0,2.0,1.0,3.0,1.0,1.0,5.0,5.0,15.0,15.0,69.0,69.0,5e-11,5.397e-11,5.199e-11,25.0,1
200,1.0,1.0,3.0,2.0,1.0,3.0,1.0,1.0,5.0,5.0,15.0,15.0,71.0,71.0,5.005e-11,5.405e-11,5.205e-11,25.0,1
201,1.0,1.0,3.0,2.0,1.0,3.0,1.0,1.0,5.0,5.0,17.0,17.0,63.0,63.0,4.984e-11,5.362e-11,5.173e-11,25.0,1
202,1.0,1.0,3.0,2.0,1.0,3.0,1.0,1.0,5.0,5.0,17.0,17.0,65.0,65.0,4.986e-11,5.367e-11,5.177e-11,25.0,1
203,1.0,1.0,3.0,2.0,1.0,3.0,1.0,1.0,5.0,5.0,17.0,17.0,67.0,67.0,4.989e-11,5.373e-11,5.181e-11,25.0,1
204,1.0,1.0,3.0,2.0,1.0,3.0,1.0,1.0,5.0,5.0,17.0,17.0,69.0,69.0,4.993e-11,5.379e-11,5.186e-11,25.0,1
205,1.0,1.0,3.0,2.0,1.0,3.0,1.0,1.0,5.0,5.0,17.0,17.0,71.0,71.0,4.997e-11,5.385e-11,5.191e-11,25.0,1
206,1.0,1.0,3.0,2.0,1.0,3.0,1.0,1.0,5.0,5.0,19.0,19.0,63.0,63.0,4.993e-11,5.363e-11,5.178e-11,25.0,1
207,1.0,1.0,3.0,2.0,1.0,3.0,1.0,1.0,5.0,5.0,19.0,19.0,65.0,65.0,4.994e-11,5.366e-11,5.18e-11,25.0,1
208,1.0,1.0,3.0,2.0,1.0,3.0,1.0,1.0,5.0,5.0,19.0,19.0,67.0,67.0,4.995e-11,5.37e-11,5.182e-11,25.0,1
209,1.0,1.0,3.0,2.0,1.0,3.0,1.0,1.0,5.0,5.0,19.0,19.0,69.0,69.0,4.997e-11,5.375e-11,5.186e-11,25.0,1
210,1.0,1.0,3.0,2.0,1.0,3.0,1.0,1.0,5.0,5.0,19.0,19.0,71.0,71.0,5e-11,5.381e-11,5.19e-11,25.0,1
211,1.0,1.0,3.0,2.0,1.0,3.0,1.0,1.0,6.0,6.0,15.0,15.0,63.0,63.0,5.038e-11,5.442e-11,5.24e-11,25.0,1
212,1.0,1.0,3.0,2.0,1.0,3.0,1.0,1.0,6.0,6.0,15.0,15.0,65.0,65.0,5.042e-11,5.449e-11,5.245e-11,25.0,1
213,1.0,1.0,3.0,2.0,1.0,3.0,1.0,1.0,6.0,6.0,15.0,15.0,67.0,67.0,5.046e-11,5.457e-11,5.251e-11,25.0,1
214,1.0,1.0,3.0,2.0,1.0,3.0,1.0,1.0,6.0,6.0,15.0,15.0,69.0,69.0,5.051e-11,5.465e-11,5.258e-11,25.0,1
215,1.0,1.0,3.0,2.0,1.0,3.0,1.0,1.0,6.0,6.0,15.0,15.0,71.0,71.0,5.056e-11,5.473e-11,5.264e-11,25.0,1
216,1.0,1.0,3.0,2.0,1.0,3.0,1.0,1.0,6.0,6.0,17.0,17.0,63.0,63.0,5.028e-11,5.423e-11,5.225e-11,25.0,1
217,1.0,1.0,3.0,2.0,1.0,3.0,1.0,1.0,6.0,6.0,17.0,17.0,65.0,65.0,5.029e-11,5.428e-11,5.229e-11,25.0,1
218,1.0,1.0,3.0,2.0,1.0,3.0,1.0,1.0,6.0,6.0,17.0,17.0,67.0,67.0,5.032e-11,5.434e-11,5.233e-11,25.0,1
219,1.0,1.0,3.0,2.0,1.0,3.0,1.0,1.0,6.0,6.0,17.0,17.0,69.0,69.0,5.035e-11,5.44e-11,5.237e-11,25.0,1
220,1.0,1.0,3.0,2.0,1.0,3.0,1.0,1.0,6.0,6.0,17.0,17.0,71.0,71.0,5.039e-11,5.446e-11,5.242e-11,25.0,1
221,1.0,1.0,3.0,2.0,1.0,3.0,1.0,1.0,6.0,6.0,19.0,19.0,63.0,63.0,5.028e-11,5.417e-11,5.222e-11,25.0,1
222,1.0,1.0,3.0,2.0,1.0,3.0,1.0,1.0,6.0,6.0,19.0,19.0,65.0,65.0,5.029e-11,5.42e-11,5.225e-11,25.0,1
223,1.0,1.0,3.0,2.0,1.0,3.0,1.0,1.0,6.0,6.0,19.0,19.0,67.0,67.0,5.03e-11,5.424e-11,5.227e-11,25.0,1
224,1.0,1.0,3.0,2.0,1.0,3.0,1.0,1.0,6.0,6.0,19.0,19.0,69.0,69.0,5.032e-11,5.429e-11,5.231e-11,25.0,1
225,1.0,1.0,3.0,2.0,1.0,3.0,1.0,1.0,6.0,6.0,19.0,19.0,71.0,71.0,5.035e-11,5.434e-11,5.234e-11,25.0,1
226,1.0,1.0,3.0,2.0,1.0,3.0,2.0,2.0,4.0,4.0,15.0,15.0,63.0,63.0,4.811e-11,5.18e-11,4.996e-11,25.0,1
227,1.0,1.0,3.0,2.0,1.0,3.0,2.0,2.0,4.0,4.0,15.0,15.0,65.0,65.0,4.815e-11,5.187e-11,5.001e-11,25.0,1
228,1.0,1.0,3.0,2.0,1.0,3.0,2.0,2.0,4.0,4.0,15.0,15.0,67.0,67.0,4.82e-11,5.195e-11,5.007e-11,25.0,1
229,1.0,1.0,3.0,2.0,1.0,3.0,2.0,2.0,4.0,4.0,15.0,15.0,69.0,69.0,4.825e-11,5.203e-11,5.014e-11,25.0,1
230,1.0,1.0,3.0,2.0,1.0,3.0,2.0,2.0,4.0,4.0,15.0,15.0,71.0,71.0,4.831e-11,5.211e-11,5.021e-11,25.0,1
231,1.0,1.0,3.0,2.0,1.0,3.0,2.0,2.0,4.0,4.0,17.0,17.0,63.0,63.0,4.819e-11,5.174e-11,4.996e-11,25.0,1
232,1.0,1.0,3.0,2.0,1.0,3.0,2.0,2.0,4.0,4.0,17.0,17.0,65.0,65.0,4.821e-11,5.18e-11,5.001e-11,25.0,1
233,1.0,1.0,3.0,2.0,1.0,3.0,2.0,2.0,4.0,4.0,17.0,17.0,67.0,67.0,4.825e-11,5.186e-11,5.005e-11,25.0,1
234,1.0,1.0,3.0,2.0,1.0,3.0,2.0,2.0,4.0,4.0,17.0,17.0,69.0,69.0,4.828e-11,5.192e-11,5.01e-11,25.0,1
235,1.0,1.0,3.0,2.0,1.0,3.0,2.0,2.0,4.0,4.0,17.0,17.0,71.0,71.0,4.833e-11,5.199e-11,5.016e-11,25.0,1
236,1.0,1.0,3.0,2.0,1.0,3.0,2.0,2.0,4.0,4.0,19.0,19.0,63.0,63.0,4.838e-11,5.182e-11,5.01e-11,25.0,1
237,1.0,1.0,3.0,2.0,1.0,3.0,2.0,2.0,4.0,4.0,19.0,19.0,65.0,65.0,4.839e-11,5.186e-11,5.012e-11,25.0,1
238,1.0,1.0,3.0,2.0,1.0,3.0,2.0,2.0,4.0,4.0,19.0,19.0,67.0,67.0,4.841e-11,5.191e-11,5.016e-11,25.0,1
239,1.0,1.0,3.0,2.0,1.0,3.0,2.0,2.0,4.0,4.0,19.0,19.0,69.0,69.0,4.843e-11,5.196e-11,5.02e-11,25.0,1
240,1.0,1.0,3.0,2.0,1.0,3.0,2.0,2.0,4.0,4.0,19.0,19.0,71.0,71.0,4.847e-11,5.201e-11,5.024e-11,25.0,1
241,1.0,1.0,3.0,2.0,1.0,3.0,2.0,2.0,5.0,5.0,15.0,15.0,63.0,63.0,4.774e-11,5.156e-11,4.965e-11,25.0,1
242,1.0,1.0,3.0,2.0,1.0,3.0,2.0,2.0,5.0,5.0,15.0,15.0,65.0,65.0,4.778e-11,5.163e-11,4.97e-11,25.0,1
243,1.0,1.0,3.0,2.0,1.0,3.0,2.0,2.0,5.0,5.0,15.0,15.0,67.0,67.0,4.782e-11,5.171e-11,4.976e-11,25.0,1
244,1.0,1.0,3.0,2.0,1.0,3.0,2.0,2.0,5.0,5.0,15.0,15.0,69.0,69.0,4.787e-11,5.178e-11,4.983e-11,25.0,1
245,1.0,1.0,3.0,2.0,1.0,3.0,2.0,2.0,5.0,5.0,15.0,15.0,71.0,71.0,4.793e-11,5.187e-11,4.99e-11,25.0,1
246,1.0,1.0,3.0,2.0,1.0,3.0,2.0,2.0,5.0,5.0,17.0,17.0,63.0,63.0,4.769e-11,5.14e-11,4.954e-11,25.0,1
247,1.0,1.0,3.0,2.0,1.0,3.0,2.0,2.0,5.0,5.0,17.0,17.0,65.0,65.0,4.771e-11,5.145e-11,4.958e-11,25.0,1
248,1.0,1.0,3.0,2.0,1.0,3.0,2.0,2.0,5.0,5.0,17.0,17.0,67.0,67.0,4.774e-11,5.151e-11,4.963e-11,25.0,1
249,1.0,1.0,3.0,2.0,1.0,3.0,2.0,2.0,5.0,5.0,17.0,17.0,69.0,69.0,4.777e-11,5.157e-11,4.967e-11,25.0,1
250,1.0,1.0,3.0,2.0,1.0,3.0,2.0,2.0,5.0,5.0,17.0,17.0,71.0,71.0,4.782e-11,5.164e-11,4.973e-11,25.0,1
251,1.0,1.0,3.0,2.0,1.0,3.0,2.0,2.0,5.0,5.0,19.0,19.0,63.0,63.0,4.775e-11,5.137e-11,4.956e-11,25.0,1
252,1.0,1.0,3.0,2.0,1.0,3.0,2.0,2.0,5.0,5.0,19.0,19.0,65.0,65.0,4.777e-11,5.14e-11,4.959e-11,25.0,1
253,1.0,1.0,3.0,2.0,1.0,3.0,2.0,2.0,5.0,5.0,19.0,19.0,67.0,67.0,4.779e-11,5.145e-11,4.962e-11,25.0,1
254,1.0,1.0,3.0,2.0,1.0,3.0,2.0,2.0,5.0,5.0,19.0,19.0,69.0,69.0,4.781e-11,5.15e-11,4.965e-11,25.0,1
255,1.0,1.0,3.0,2.0,1.0,3.0,2.0,2.0,5.0,5.0,19.0,19.0,71.0,71.0,4.783e-11,5.155e-11,4.969e-11,25.0,1
256,1.0,1.0,3.0,2.0,1.0,3.0,2.0,2.0,6.0,6.0,15.0,15.0,63.0,63.0,4.771e-11,5.162e-11,4.966e-11,25.0,1
257,1.0,1.0,3.0,2.0,1.0,3.0,2.0,2.0,6.0,6.0,15.0,15.0,65.0,65.0,4.774e-11,5.169e-11,4.972e-11,25.0,1
258,1.0,1.0,3.0,2.0,1.0,3.0,2.0,2.0,6.0,6.0,15.0,15.0,67.0,67.0,4.778e-11,5.176e-11,4.977e-11,25.0,1
259,1.0,1.0,3.0,2.0,1.0,3.0,2.0,2.0,6.0,6.0,15.0,15.0,69.0,69.0,4.783e-11,5.184e-11,4.983e-11,25.0,1
260,1.0,1.0,3.0,2.0,1.0,3.0,2.0,2.0,6.0,6.0,15.0,15.0,71.0,71.0,4.789e-11,5.192e-11,4.99e-11,25.0,1
261,1.0,1.0,3.0,2.0,1.0,3.0,2.0,2.0,6.0,6.0,17.0,17.0,63.0,63.0,4.757e-11,5.138e-11,4.947e-11,25.0,1
262,1.0,1.0,3.0,2.0,1.0,3.0,2.0,2.0,6.0,6.0,17.0,17.0,65.0,65.0,4.759e-11,5.144e-11,4.952e-11,25.0,1
263,1.0,1.0,3.0,2.0,1.0,3.0,2.0,2.0,6.0,6.0,17.0,17.0,67.0,67.0,4.762e-11,5.149e-11,4.956e-11,25.0,1
264,1.0,1.0,3.0,2.0,1.0,3.0,2.0,2.0,6.0,6.0,17.0,17.0,69.0,69.0,4.765e-11,5.155e-11,4.96e-11,25.0,1
265,1.0,1.0,3.0,2.0,1.0,3.0,2.0,2.0,6.0,6.0,17.0,17.0,71.0,71.0,4.769e-11,5.162e-11,4.965e-11,25.0,1
266,1.0,1.0,3.0,2.0,1.0,3.0,2.0,2.0,6.0,6.0,19.0,19.0,63.0,63.0,4.756e-11,5.128e-11,4.942e-11,25.0,1
267,1.0,1.0,3.0,2.0,1.0,3.0,2.0,2.0,6.0,6.0,19.0,19.0,65.0,65.0,4.756e-11,5.132e-11,4.944e-11,25.0,1
268,1.0,1.0,3.0,2.0,1.0,3.0,2.0,2.0,6.0,6.0,19.0,19.0,67.0,67.0,4.757e-11,5.136e-11,4.947e-11,25.0,1
269,1.0,1.0,3.0,2.0,1.0,3.0,2.0,2.0,6.0,6.0,19.0,19.0,69.0,69.0,4.76e-11,5.141e-11,4.95e-11,25.0,1
270,1.0,1.0,3.0,2.0,1.0,3.0,2.0,2.0,6.0,6.0,19.0,19.0,71.0,71.0,4.762e-11,5.146e-11,4.954e-11,25.0,1
271,1.0,1.0,3.0,2.0,2.0,6.0,1.0,1.0,4.0,4.0,15.0,15.0,63.0,63.0,5.453e-11,6.005e-11,5.729e-11,25.0,1
272,1.0,1.0,3.0,2.0,2.0,6.0,1.0,1.0,4.0,4.0,15.0,15.0,65.0,65.0,5.458e-11,6.013e-11,5.735e-11,25.0,1
273,1.0,1.0,3.0,2.0,2.0,6.0,1.0,1.0,4.0,4.0,15.0,15.0,67.0,67.0,5.462e-11,6.02e-11,5.741e-11,25.0,1
274,1.0,1.0,3.0,2.0,2.0,6.0,1.0,1.0,4.0,4.0,15.0,15.0,69.0,69.0,5.468e-11,6.028e-11,5.748e-11,25.0,1
275,1.0,1.0,3.0,2.0,2.0,6.0,1.0,1.0,4.0,4.0,15.0,15.0,71.0,71.0,5.473e-11,6.037e-11,5.755e-11,25.0,1
276,1.0,1.0,3.0,2.0,2.0,6.0,1.0,1.0,4.0,4.0,17.0,17.0,63.0,63.0,5.462e-11,6.004e-11,5.733e-11,25.0,1
277,1.0,1.0,3.0,2.0,2.0,6.0,1.0,1.0,4.0,4.0,17.0,17.0,65.0,65.0,5.465e-11,6.009e-11,5.737e-11,25.0,1
278,1.0,1.0,3.0,2.0,2.0,6.0,1.0,1.0,4.0,4.0,17.0,17.0,67.0,67.0,5.468e-11,6.015e-11,5.741e-11,25.0,1
279,1.0,1.0,3.0,2.0,2.0,6.0,1.0,1.0,4.0,4.0,17.0,17.0,69.0,69.0,5.472e-11,6.022e-11,5.747e-11,25.0,1
280,1.0,1.0,3.0,2.0,2.0,6.0,1.0,1.0,4.0,4.0,17.0,17.0,71.0,71.0,5.477e-11,6.028e-11,5.752e-11,25.0,1
281,1.0,1.0,3.0,2.0,2.0,6.0,1.0,1.0,4.0,4.0,19.0,19.0,63.0,63.0,5.483e-11,6.014e-11,5.749e-11,25.0,1
282,1.0,1.0,3.0,2.0,2.0,6.0,1.0,1.0,4.0,4.0,19.0,19.0,65.0,65.0,5.484e-11,6.018e-11,5.751e-11,25.0,1
283,1.0,1.0,3.0,2.0,2.0,6.0,1.0,1.0,4.0,4.0,19.0,19.0,67.0,67.0,5.486e-11,6.023e-11,5.754e-11,25.0,1
284,1.0,1.0,3.0,2.0,2.0,6.0,1.0,1.0,4.0,4.0,19.0,19.0,69.0,69.0,5.489e-11,6.028e-11,5.758e-11,25.0,1
285,1.0,1.0,3.0,2.0,2.0,6.0,1.0,1.0,4.0,4.0,19.0,19.0,71.0,71.0,5.491e-11,6.033e-11,5.762e-11,25.0,1
286,1.0,1.0,3.0,2.0,2.0,6.0,1.0,1.0,5.0,5.0,15.0,15.0,63.0,63.0,5.471e-11,6.044e-11,5.758e-11,25.0,1
287,1.0,1.0,3.0,2.0,2.0,6.0,1.0,1.0,5.0,5.0,15.0,15.0,65.0,65.0,5.475e-11,6.051e-11,5.763e-11,25.0,1
288,1.0,1.0,3.0,2.0,2.0,6.0,1.0,1.0,5.0,5.0,15.0,15.0,67.0,67.0,5.479e-11,6.058e-11,5.768e-11,25.0,1
289,1.0,1.0,3.0,2.0,2.0,6.0,1.0,1.0,5.0,5.0,15.0,15.0,69.0,69.0,5.484e-11,6.067e-11,5.775e-11,25.0,1
290,1.0,1.0,3.0,2.0,2.0,6.0,1.0,1.0,5.0,5.0,15.0,15.0,71.0,71.0,5.489e-11,6.075e-11,5.782e-11,25.0,1
291,1.0,1.0,3.0,2.0,2.0,6.0,1.0,1.0,5.0,5.0,17.0,17.0,63.0,63.0,5.468e-11,6.032e-11,5.75e-11,25.0,1
292,1.0,1.0,3.0,2.0,2.0,6.0,1.0,1.0,5.0,5.0,17.0,17.0,65.0,65.0,5.47e-11,6.037e-11,5.754e-11,25.0,1
293,1.0,1.0,3.0,2.0,2.0,6.0,1.0,1.0,5.0,5.0,17.0,17.0,67.0,67.0,5.473e-11,6.043e-11,5.758e-11,25.0,1
294,1.0,1.0,3.0,2.0,2.0,6.0,1.0,1.0,5.0,5.0,17.0,17.0,69.0,69.0,5.477e-11,6.049e-11,5.763e-11,25.0,1
295,1.0,1.0,3.0,2.0,2.0,6.0,1.0,1.0,5.0,5.0,17.0,17.0,71.0,71.0,5.481e-11,6.055e-11,5.768e-11,25.0,1
296,1.0,1.0,3.0,2.0,2.0,6.0,1.0,1.0,5.0,5.0,19.0,19.0,63.0,63.0,5.476e-11,6.032e-11,5.754e-11,25.0,1
297,1.0,1.0,3.0,2.0,2.0,6.0,1.0,1.0,5.0,5.0,19.0,19.0,65.0,65.0,5.478e-11,6.036e-11,5.757e-11,25.0,1
298,1.0,1.0,3.0,2.0,2.0,6.0,1.0,1.0,5.0,5.0,19.0,19.0,67.0,67.0,5.479e-11,6.041e-11,5.76e-11,25.0,1
299,1.0,1.0,3.0,2.0,2.0,6.0,1.0,1.0,5.0,5.0,19.0,19.0,69.0,69.0,5.481e-11,6.045e-11,5.763e-11,25.0,1
300,1.0,1.0,3.0,2.0,2.0,6.0,1.0,1.0,5.0,5.0,19.0,19.0,71.0,71.0,5.484e-11,6.05e-11,5.767e-11,25.0,1
301,1.0,1.0,3.0,2.0,2.0,6.0,1.0,1.0,6.0,6.0,15.0,15.0,63.0,63.0,5.521e-11,6.112e-11,5.817e-11,25.0,1
302,1.0,1.0,3.0,2.0,2.0,6.0,1.0,1.0,6.0,6.0,15.0,15.0,65.0,65.0,5.525e-11,6.119e-11,5.822e-11,25.0,1
303,1.0,1.0,3.0,2.0,2.0,6.0,1.0,1.0,6.0,6.0,15.0,15.0,67.0,67.0,5.529e-11,6.126e-11,5.828e-11,25.0,1
304,1.0,1.0,3.0,2.0,2.0,6.0,1.0,1.0,6.0,6.0,15.0,15.0,69.0,69.0,5.534e-11,6.133e-11,5.834e-11,25.0,1
305,1.0,1.0,3.0,2.0,2.0,6.0,1.0,1.0,6.0,6.0,15.0,15.0,71.0,71.0,5.539e-11,6.142e-11,5.841e-11,25.0,1
306,1.0,1.0,3.0,2.0,2.0,6.0,1.0,1.0,6.0,6.0,17.0,17.0,63.0,63.0,5.511e-11,6.093e-11,5.802e-11,25.0,1
307,1.0,1.0,3.0,2.0,2.0,6.0,1.0,1.0,6.0,6.0,17.0,17.0,65.0,65.0,5.513e-11,6.098e-11,5.805e-11,25.0,1
308,1.0,1.0,3.0,2.0,2.0,6.0,1.0,1.0,6.0,6.0,17.0,17.0,67.0,67.0,5.515e-11,6.103e-11,5.809e-11,25.0,1
309,1.0,1.0,3.0,2.0,2.0,6.0,1.0,1.0,6.0,6.0,17.0,17.0,69.0,69.0,5.518e-11,6.109e-11,5.813e-11,25.0,1
310,1.0,1.0,3.0,2.0,2.0,6.0,1.0,1.0,6.0,6.0,17.0,17.0,71.0,71.0,5.522e-11,6.115e-11,5.819e-11,25.0,1
311,1.0,1.0,3.0,2.0,2.0,6.0,1.0,1.0,6.0,6.0,19.0,19.0,63.0,63.0,5.511e-11,6.086e-11,5.799e-11,25.0,1
312,1.0,1.0,3.0,2.0,2.0,6.0,1.0,1.0,6.0,6.0,19.0,19.0,65.0,65.0,5.512e-11,6.09e-11,5.801e-11,25.0,1
313,1.0,1.0,3.0,2.0,2.0,6.0,1.0,1.0,6.0,6.0,19.0,19.0,67.0,67.0,5.513e-11,6.094e-11,5.804e-11,25.0,1
314,1.0,1.0,3.0,2.0,2.0,6.0,1.0,1.0,6.0,6.0,19.0,19.0,69.0,69.0,5.515e-11,6.098e-11,5.807e-11,25.0,1
315,1.0,1.0,3.0,2.0,2.0,6.0,1.0,1.0,6.0,6.0,19.0,19.0,71.0,71.0,5.518e-11,6.104e-11,5.811e-11,25.0,1
316,1.0,1.0,3.0,2.0,2.0,6.0,2.0,2.0,4.0,4.0,15.0,15.0,63.0,63.0,5.247e-11,5.793e-11,5.52e-11,25.0,1
317,1.0,1.0,3.0,2.0,2.0,6.0,2.0,2.0,4.0,4.0,15.0,15.0,65.0,65.0,5.251e-11,5.8e-11,5.525e-11,25.0,1
318,1.0,1.0,3.0,2.0,2.0,6.0,2.0,2.0,4.0,4.0,15.0,15.0,67.0,67.0,5.256e-11,5.808e-11,5.532e-11,25.0,1
319,1.0,1.0,3.0,2.0,2.0,6.0,2.0,2.0,4.0,4.0,15.0,15.0,69.0,69.0,5.261e-11,5.816e-11,5.538e-11,25.0,1
320,1.0,1.0,3.0,2.0,2.0,6.0,2.0,2.0,4.0,4.0,15.0,15.0,71.0,71.0,5.267e-11,5.824e-11,5.546e-11,25.0,1
321,1.0,1.0,3.0,2.0,2.0,6.0,2.0,2.0,4.0,4.0,17.0,17.0,63.0,63.0,5.255e-11,5.788e-11,5.521e-11,25.0,1
322,1.0,1.0,3.0,2.0,2.0,6.0,2.0,2.0,4.0,4.0,17.0,17.0,65.0,65.0,5.257e-11,5.793e-11,5.525e-11,25.0,1
323,1.0,1.0,3.0,2.0,2.0,6.0,2.0,2.0,4.0,4.0,17.0,17.0,67.0,67.0,5.26e-11,5.799e-11,5.529e-11,25.0,1
324,1.0,1.0,3.0,2.0,2.0,6.0,2.0,2.0,4.0,4.0,17.0,17.0,69.0,69.0,5.264e-11,5.805e-11,5.534e-11,25.0,1
325,1.0,1.0,3.0,2.0,2.0,6.0,2.0,2.0,4.0,4.0,17.0,17.0,71.0,71.0,5.269e-11,5.812e-11,5.54e-11,25.0,1
326,1.0,1.0,3.0,2.0,2.0,6.0,2.0,2.0,4.0,4.0,19.0,19.0,63.0,63.0,5.273e-11,5.795e-11,5.534e-11,25.0,1
327,1.0,1.0,3.0,2.0,2.0,6.0,2.0,2.0,4.0,4.0,19.0,19.0,65.0,65.0,5.274e-11,5.8e-11,5.537e-11,25.0,1
328,1.0,1.0,3.0,2.0,2.0,6.0,2.0,2.0,4.0,4.0,19.0,19.0,67.0,67.0,5.276e-11,5.804e-11,5.54e-11,25.0,1
329,1.0,1.0,3.0,2.0,2.0,6.0,2.0,2.0,4.0,4.0,19.0,19.0,69.0,69.0,5.279e-11,5.809e-11,5.544e-11,25.0,1
330,1.0,1.0,3.0,2.0,2.0,6.0,2.0,2.0,4.0,4.0,19.0,19.0,71.0,71.0,5.282e-11,5.815e-11,5.548e-11,25.0,1
331,1.0,1.0,3.0,2.0,2.0,6.0,2.0,2.0,5.0,5.0,15.0,15.0,63.0,63.0,5.207e-11,5.768e-11,5.487e-11,25.0,1
332,1.0,1.0,3.0,2.0,2.0,6.0,2.0,2.0,5.0,5.0,15.0,15.0,65.0,65.0,5.21e-11,5.775e-11,5.493e-11,25.0,1
333,1.0,1.0,3.0,2.0,2.0,6.0,2.0,2.0,5.0,5.0,15.0,15.0,67.0,67.0,5.215e-11,5.782e-11,5.498e-11,25.0,1
334,1.0,1.0,3.0,2.0,2.0,6.0,2.0,2.0,5.0,5.0,15.0,15.0,69.0,69.0,5.22e-11,5.79e-11,5.505e-11,25.0,1
335,1.0,1.0,3.0,2.0,2.0,6.0,2.0,2.0,5.0,5.0,15.0,15.0,71.0,71.0,5.226e-11,5.799e-11,5.512e-11,25.0,1
336,1.0,1.0,3.0,2.0,2.0,6.0,2.0,2.0,5.0,5.0,17.0,17.0,63.0,63.0,5.202e-11,5.751e-11,5.477e-11,25.0,1
337,1.0,1.0,3.0,2.0,2.0,6.0,2.0,2.0,5.0,5.0,17.0,17.0,65.0,65.0,5.204e-11,5.756e-11,5.48e-11,25.0,1
338,1.0,1.0,3.0,2.0,2.0,6.0,2.0,2.0,5.0,5.0,17.0,17.0,67.0,67.0,5.207e-11,5.762e-11,5.484e-11,25.0,1
339,1.0,1.0,3.0,2.0,2.0,6.0,2.0,2.0,5.0,5.0,17.0,17.0,69.0,69.0,5.21e-11,5.768e-11,5.489e-11,25.0,1
340,1.0,1.0,3.0,2.0,2.0,6.0,2.0,2.0,5.0,5.0,17.0,17.0,71.0,71.0,5.214e-11,5.775e-11,5.495e-11,25.0,1
341,1.0,1.0,3.0,2.0,2.0,6.0,2.0,2.0,5.0,5.0,19.0,19.0,63.0,63.0,5.208e-11,5.748e-11,5.478e-11,25.0,1
342,1.0,1.0,3.0,2.0,2.0,6.0,2.0,2.0,5.0,5.0,19.0,19.0,65.0,65.0,5.209e-11,5.751e-11,5.48e-11,25.0,1
343,1.0,1.0,3.0,2.0,2.0,6.0,2.0,2.0,5.0,5.0,19.0,19.0,67.0,67.0,5.211e-11,5.756e-11,5.483e-11,25.0,1
344,1.0,1.0,3.0,2.0,2.0,6.0,2.0,2.0,5.0,5.0,19.0,19.0,69.0,69.0,5.213e-11,5.761e-11,5.487e-11,25.0,1
345,1.0,1.0,3.0,2.0,2.0,6.0,2.0,2.0,5.0,5.0,19.0,19.0,71.0,71.0,5.216e-11,5.766e-11,5.491e-11,25.0,1
346,1.0,1.0,3.0,2.0,2.0,6.0,2.0,2.0,6.0,6.0,15.0,15.0,63.0,63.0,5.201e-11,5.772e-11,5.486e-11,25.0,1
347,1.0,1.0,3.0,2.0,2.0,6.0,2.0,2.0,6.0,6.0,15.0,15.0,65.0,65.0,5.204e-11,5.779e-11,5.491e-11,25.0,1
348,1.0,1.0,3.0,2.0,2.0,6.0,2.0,2.0,6.0,6.0,15.0,15.0,67.0,67.0,5.208e-11,5.786e-11,5.497e-11,25.0,1
349,1.0,1.0,3.0,2.0,2.0,6.0,2.0,2.0,6.0,6.0,15.0,15.0,69.0,69.0,5.213e-11,5.794e-11,5.503e-11,25.0,1
350,1.0,1.0,3.0,2.0,2.0,6.0,2.0,2.0,6.0,6.0,15.0,15.0,71.0,71.0,5.218e-11,5.802e-11,5.51e-11,25.0,1
351,1.0,1.0,3.0,2.0,2.0,6.0,2.0,2.0,6.0,6.0,17.0,17.0,63.0,63.0,5.187e-11,5.748e-11,5.468e-11,25.0,1
352,1.0,1.0,3.0,2.0,2.0,6.0,2.0,2.0,6.0,6.0,17.0,17.0,65.0,65.0,5.188e-11,5.753e-11,5.471e-11,25.0,1
353,1.0,1.0,3.0,2.0,2.0,6.0,2.0,2.0,6.0,6.0,17.0,17.0,67.0,67.0,5.191e-11,5.759e-11,5.475e-11,25.0,1
354,1.0,1.0,3.0,2.0,2.0,6.0,2.0,2.0,6.0,6.0,17.0,17.0,69.0,69.0,5.195e-11,5.765e-11,5.48e-11,25.0,1
355,1.0,1.0,3.0,2.0,2.0,6.0,2.0,2.0,6.0,6.0,17.0,17.0,71.0,71.0,5.199e-11,5.772e-11,5.485e-11,25.0,1
356,1.0,1.0,3.0,2.0,2.0,6.0,2.0,2.0,6.0,6.0,19.0,19.0,63.0,63.0,5.185e-11,5.738e-11,5.462e-11,25.0,1
357,1.0,1.0,3.0,2.0,2.0,6.0,2.0,2.0,6.0,6.0,19.0,19.0,65.0,65.0,5.186e-11,5.741e-11,5.464e-11,25.0,1
358,1.0,1.0,3.0,2.0,2.0,6.0,2.0,2.0,6.0,6.0,19.0,19.0,67.0,67.0,5.188e-11,5.746e-11,5.467e-11,25.0,1
359,1.0,1.0,3.0,2.0,2.0,6.0,2.0,2.0,6.0,6.0,19.0,19.0,69.0,69.0,5.19e-11,5.75e-11,5.47e-11,25.0,1
360,1.0,1.0,3.0,2.0,2.0,6.0,2.0,2.0,6.0,6.0,19.0,19.0,71.0,71.0,5.192e-11,5.756e-11,5.474e-11,25.0,1
361,1.0,1.0,4.0,2.0,1.0,3.0,1.0,1.0,4.0,4.0,15.0,15.0,63.0,63.0,4.949e-11,5.605e-11,5.277e-11,25.0,1
362,1.0,1.0,4.0,2.0,1.0,3.0,1.0,1.0,4.0,4.0,15.0,15.0,65.0,65.0,4.953e-11,5.612e-11,5.282e-11,25.0,1
363,1.0,1.0,4.0,2.0,1.0,3.0,1.0,1.0,4.0,4.0,15.0,15.0,67.0,67.0,4.957e-11,5.62e-11,5.288e-11,25.0,1
364,1.0,1.0,4.0,2.0,1.0,3.0,1.0,1.0,4.0,4.0,15.0,15.0,69.0,69.0,4.963e-11,5.627e-11,5.295e-11,25.0,1
365,1.0,1.0,4.0,2.0,1.0,3.0,1.0,1.0,4.0,4.0,15.0,15.0,71.0,71.0,4.968e-11,5.636e-11,5.302e-11,25.0,1
366,1.0,1.0,4.0,2.0,1.0,3.0,1.0,1.0,4.0,4.0,17.0,17.0,63.0,63.0,4.958e-11,5.603e-11,5.28e-11,25.0,1
367,1.0,1.0,4.0,2.0,1.0,3.0,1.0,1.0,4.0,4.0,17.0,17.0,65.0,65.0,4.96e-11,5.608e-11,5.284e-11,25.0,1
368,1.0,1.0,4.0,2.0,1.0,3.0,1.0,1.0,4.0,4.0,17.0,17.0,67.0,67.0,4.963e-11,5.614e-11,5.289e-11,25.0,1
369,1.0,1.0,4.0,2.0,1.0,3.0,1.0,1.0,4.0,4.0,17.0,17.0,69.0,69.0,4.967e-11,5.621e-11,5.294e-11,25.0,1
370,1.0,1.0,4.0,2.0,1.0,3.0,1.0,1.0,4.0,4.0,17.0,17.0,71.0,71.0,4.971e-11,5.627e-11,5.299e-11,25.0,1
371,1.0,1.0,4.0,2.0,1.0,3.0,1.0,1.0,4.0,4.0,19.0,19.0,63.0,63.0,4.978e-11,5.613e-11,5.295e-11,25.0,1
372,1.0,1.0,4.0,2.0,1.0,3.0,1.0,1.0,4.0,4.0,19.0,19.0,65.0,65.0,4.979e-11,5.617e-11,5.298e-11,25.0,1
373,1.0,1.0,4.0,2.0,1.0,3.0,1.0,1.0,4.0,4.0,19.0,19.0,67.0,67.0,4.981e-11,5.622e-11,5.301e-11,25.0,1
374,1.0,1.0,4.0,2.0,1.0,3.0,1.0,1.0,4.0,4.0,19.0,19.0,69.0,69.0,4.983e-11,5.627e-11,5.305e-11,25.0,1
375,1.0,1.0,4.0,2.0,1.0,3.0,1.0,1.0,4.0,4.0,19.0,19.0,71.0,71.0,4.986e-11,5.632e-11,5.309e-11,25.0,1
376,1.0,1.0,4.0,2.0,1.0,3.0,1.0,1.0,5.0,5.0,15.0,15.0,63.0,63.0,4.967e-11,5.644e-11,5.305e-11,25.0,1
377,1.0,1.0,4.0,2.0,1.0,3.0,1.0,1.0,5.0,5.0,15.0,15.0,65.0,65.0,4.97e-11,5.651e-11,5.311e-11,25.0,1
378,1.0,1.0,4.0,2.0,1.0,3.0,1.0,1.0,5.0,5.0,15.0,15.0,67.0,67.0,4.975e-11,5.658e-11,5.316e-11,25.0,1
379,1.0,1.0,4.0,2.0,1.0,3.0,1.0,1.0,5.0,5.0,15.0,15.0,69.0,69.0,4.98e-11,5.666e-11,5.323e-11,25.0,1
380,1.0,1.0,4.0,2.0,1.0,3.0,1.0,1.0,5.0,5.0,15.0,15.0,71.0,71.0,4.986e-11,5.674e-11,5.33e-11,25.0,1
381,1.0,1.0,4.0,2.0,1.0,3.0,1.0,1.0,5.0,5.0,17.0,17.0,63.0,63.0,4.964e-11,5.632e-11,5.298e-11,25.0,1
382,1.0,1.0,4.0,2.0,1.0,3.0,1.0,1.0,5.0,5.0,17.0,17.0,65.0,65.0,4.966e-11,5.637e-11,5.302e-11,25.0,1
383,1.0,1.0,4.0,2.0,1.0,3.0,1.0,1.0,5.0,5.0,17.0,17.0,67.0,67.0,4.969e-11,5.642e-11,5.306e-11,25.0,1
384,1.0,1.0,4.0,2.0,1.0,3.0,1.0,1.0,5.0,5.0,17.0,17.0,69.0,69.0,4.973e-11,5.648e-11,5.31e-11,25.0,1
385,1.0,1.0,4.0,2.0,1.0,3.0,1.0,1.0,5.0,5.0,17.0,17.0,71.0,71.0,4.976e-11,5.655e-11,5.315e-11,25.0,1
386,1.0,1.0,4.0,2.0,1.0,3.0,1.0,1.0,5.0,5.0,19.0,19.0,63.0,63.0,4.973e-11,5.632e-11,5.302e-11,25.0,1
387,1.0,1.0,4.0,2.0,1.0,3.0,1.0,1.0,5.0,5.0,19.0,19.0,65.0,65.0,4.974e-11,5.635e-11,5.305e-11,25.0,1
388,1.0,1.0,4.0,2.0,1.0,3.0,1.0,1.0,5.0,5.0,19.0,19.0,67.0,67.0,4.975e-11,5.64e-11,5.308e-11,25.0,1
389,1.0,1.0,4.0,2.0,1.0,3.0,1.0,1.0,5.0,5.0,19.0,19.0,69.0,69.0,4.978e-11,5.645e-11,5.311e-11,25.0,1
390,1.0,1.0,4.0,2.0,1.0,3.0,1.0,1.0,5.0,5.0,19.0,19.0,71.0,71.0,4.981e-11,5.65e-11,5.315e-11,25.0,1
391,1.0,1.0,4.0,2.0,1.0,3.0,1.0,1.0,6.0,6.0,15.0,15.0,63.0,63.0,5.018e-11,5.712e-11,5.365e-11,25.0,1
392,1.0,1.0,4.0,2.0,1.0,3.0,1.0,1.0,6.0,6.0,15.0,15.0,65.0,65.0,5.021e-11,5.719e-11,5.37e-11,25.0,1
393,1.0,1.0,4.0,2.0,1.0,3.0,1.0,1.0,6.0,6.0,15.0,15.0,67.0,67.0,5.025e-11,5.726e-11,5.375e-11,25.0,1
394,1.0,1.0,4.0,2.0,1.0,3.0,1.0,1.0,6.0,6.0,15.0,15.0,69.0,69.0,5.03e-11,5.733e-11,5.382e-11,25.0,1
395,1.0,1.0,4.0,2.0,1.0,3.0,1.0,1.0,6.0,6.0,15.0,15.0,71.0,71.0,5.036e-11,5.742e-11,5.389e-11,25.0,1
396,1.0,1.0,4.0,2.0,1.0,3.0,1.0,1.0,6.0,6.0,17.0,17.0,63.0,63.0,5.007e-11,5.692e-11,5.35e-11,25.0,1
397,1.0,1.0,4.0,2.0,1.0,3.0,1.0,1.0,6.0,6.0,17.0,17.0,65.0,65.0,5.009e-11,5.697e-11,5.353e-11,25.0,1
398,1.0,1.0,4.0,2.0,1.0,3.0,1.0,1.0,6.0,6.0,17.0,17.0,67.0,67.0,5.011e-11,5.703e-11,5.357e-11,25.0,1
399,1.0,1.0,4.0,2.0,1.0,3.0,1.0,1.0,6.0,6.0,17.0,17.0,69.0,69.0,5.014e-11,5.709e-11,5.361e-11,25.0,1
400,1.0,1.0,4.0,2.0,1.0,3.0,1.0,1.0,6.0,6.0,17.0,17.0,71.0,71.0,5.019e-11,5.715e-11,5.367e-11,25.0,1
401,1.0,1.0,4.0,2.0,1.0,3.0,1.0,1.0,6.0,6.0,19.0,19.0,63.0,63.0,5.008e-11,5.686e-11,5.347e-11,25.0,1
402,1.0,1.0,4.0,2.0,1.0,3.0,1.0,1.0,6.0,6.0,19.0,19.0,65.0,65.0,5.008e-11,5.69e-11,5.349e-11,25.0,1
403,1.0,1.0,4.0,2.0,1.0,3.0,1.0,1.0,6.0,6.0,19.0,19.0,67.0,67.0,5.01e-11,5.694e-11,5.352e-11,25.0,1
404,1.0,1.0,4.0,2.0,1.0,3.0,1.0,1.0,6.0,6.0,19.0,19.0,69.0,69.0,5.011e-11,5.698e-11,5.355e-11,25.0,1
405,1.0,1.0,4.0,2.0,1.0,3.0,1.0,1.0,6.0,6.0,19.0,19.0,71.0,71.0,5.014e-11,5.703e-11,5.359e-11,25.0,1
406,1.0,1.0,4.0,2.0,1.0,3.0,2.0,2.0,4.0,4.0,15.0,15.0,63.0,63.0,4.787e-11,5.45e-11,5.118e-11,25.0,1
407,1.0,1.0,4.0,2.0,1.0,3.0,2.0,2.0,4.0,4.0,15.0,15.0,65.0,65.0,4.79e-11,5.457e-11,5.124e-11,25.0,1
408,1.0,1.0,4.0,2.0,1.0,3.0,2.0,2.0,4.0,4.0,15.0,15.0,67.0,67.0,4.795e-11,5.465e-11,5.13e-11,25.0,1
409,1.0,1.0,4.0,2.0,1.0,3.0,2.0,2.0,4.0,4.0,15.0,15.0,69.0,69.0,4.801e-11,5.473e-11,5.137e-11,25.0,1
410,1.0,1.0,4.0,2.0,1.0,3.0,2.0,2.0,4.0,4.0,15.0,15.0,71.0,71.0,4.806e-11,5.481e-11,5.144e-11,25.0,1
411,1.0,1.0,4.0,2.0,1.0,3.0,2.0,2.0,4.0,4.0,17.0,17.0,63.0,63.0,4.794e-11,5.445e-11,5.119e-11,25.0,1
412,1.0,1.0,4.0,2.0,1.0,3.0,2.0,2.0,4.0,4.0,17.0,17.0,65.0,65.0,4.797e-11,5.45e-11,5.123e-11,25.0,1
413,1.0,1.0,4.0,2.0,1.0,3.0,2.0,2.0,4.0,4.0,17.0,17.0,67.0,67.0,4.8e-11,5.456e-11,5.128e-11,25.0,1
414,1.0,1.0,4.0,2.0,1.0,3.0,2.0,2.0,4.0,4.0,17.0,17.0,69.0,69.0,4.803e-11,5.463e-11,5.133e-11,25.0,1
415,1.0,1.0,4.0,2.0,1.0,3.0,2.0,2.0,4.0,4.0,17.0,17.0,71.0,71.0,4.808e-11,5.469e-11,5.138e-11,25.0,1
416,1.0,1.0,4.0,2.0,1.0,3.0,2.0,2.0,4.0,4.0,19.0,19.0,63.0,63.0,4.813e-11,5.453e-11,5.133e-11,25.0,1
417,1.0,1.0,4.0,2.0,1.0,3.0,2.0,2.0,4.0,4.0,19.0,19.0,65.0,65.0,4.814e-11,5.457e-11,5.135e-11,25.0,1
418,1.0,1.0,4.0,2.0,1.0,3.0,2.0,2.0,4.0,4.0,19.0,19.0,67.0,67.0,4.816e-11,5.461e-11,5.139e-11,25.0,1
419,1.0,1.0,4.0,2.0,1.0,3.0,2.0,2.0,4.0,4.0,19.0,19.0,69.0,69.0,4.819e-11,5.466e-11,5.142e-11,25.0,1
420,1.0,1.0,4.0,2.0,1.0,3.0,2.0,2.0,4.0,4.0,19.0,19.0,71.0,71.0,4.822e-11,5.471e-11,5.147e-11,25.0,1
421,1.0,1.0,4.0,2.0,1.0,3.0,2.0,2.0,5.0,5.0,15.0,15.0,63.0,63.0,4.749e-11,5.426e-11,5.088e-11,25.0,1
422,1.0,1.0,4.0,2.0,1.0,3.0,2.0,2.0,5.0,5.0,15.0,15.0,65.0,65.0,4.753e-11,5.433e-11,5.093e-11,25.0,1
423,1.0,1.0,4.0,2.0,1.0,3.0,2.0,2.0,5.0,5.0,15.0,15.0,67.0,67.0,4.757e-11,5.441e-11,5.099e-11,25.0,1
424,1.0,1.0,4.0,2.0,1.0,3.0,2.0,2.0,5.0,5.0,15.0,15.0,69.0,69.0,4.762e-11,5.449e-11,5.106e-11,25.0,1
425,1.0,1.0,4.0,2.0,1.0,3.0,2.0,2.0,5.0,5.0,15.0,15.0,71.0,71.0,4.768e-11,5.457e-11,5.112e-11,25.0,1
426,1.0,1.0,4.0,2.0,1.0,3.0,2.0,2.0,5.0,5.0,17.0,17.0,63.0,63.0,4.744e-11,5.411e-11,5.077e-11,25.0,1
427,1.0,1.0,4.0,2.0,1.0,3.0,2.0,2.0,5.0,5.0,17.0,17.0,65.0,65.0,4.746e-11,5.415e-11,5.081e-11,25.0,1
428,1.0,1.0,4.0,2.0,1.0,3.0,2.0,2.0,5.0,5.0,17.0,17.0,67.0,67.0,4.749e-11,5.421e-11,5.085e-11,25.0,1
429,1.0,1.0,4.0,2.0,1.0,3.0,2.0,2.0,5.0,5.0,17.0,17.0,69.0,69.0,4.752e-11,5.427e-11,5.09e-11,25.0,1
430,1.0,1.0,4.0,2.0,1.0,3.0,2.0,2.0,5.0,5.0,17.0,17.0,71.0,71.0,4.756e-11,5.434e-11,5.095e-11,25.0,1
431,1.0,1.0,4.0,2.0,1.0,3.0,2.0,2.0,5.0,5.0,19.0,19.0,63.0,63.0,4.751e-11,5.407e-11,5.079e-11,25.0,1
432,1.0,1.0,4.0,2.0,1.0,3.0,2.0,2.0,5.0,5.0,19.0,19.0,65.0,65.0,4.752e-11,5.411e-11,5.081e-11,25.0,1
433,1.0,1.0,4.0,2.0,1.0,3.0,2.0,2.0,5.0,5.0,19.0,19.0,67.0,67.0,4.753e-11,5.416e-11,5.084e-11,25.0,1
434,1.0,1.0,4.0,2.0,1.0,3.0,2.0,2.0,5.0,5.0,19.0,19.0,69.0,69.0,4.755e-11,5.42e-11,5.088e-11,25.0,1
435,1.0,1.0,4.0,2.0,1.0,3.0,2.0,2.0,5.0,5.0,19.0,19.0,71.0,71.0,4.758e-11,5.425e-11,5.092e-11,25.0,1
436,1.0,1.0,4.0,2.0,1.0,3.0,2.0,2.0,6.0,6.0,15.0,15.0,63.0,63.0,4.745e-11,5.432e-11,5.088e-11,25.0,1
437,1.0,1.0,4.0,2.0,1.0,3.0,2.0,2.0,6.0,6.0,15.0,15.0,65.0,65.0,4.749e-11,5.439e-11,5.094e-11,25.0,1
438,1.0,1.0,4.0,2.0,1.0,3.0,2.0,2.0,6.0,6.0,15.0,15.0,67.0,67.0,4.753e-11,5.447e-11,5.1e-11,25.0,1
439,1.0,1.0,4.0,2.0,1.0,3.0,2.0,2.0,6.0,6.0,15.0,15.0,69.0,69.0,4.758e-11,5.454e-11,5.106e-11,25.0,1
440,1.0,1.0,4.0,2.0,1.0,3.0,2.0,2.0,6.0,6.0,15.0,15.0,71.0,71.0,4.764e-11,5.462e-11,5.113e-11,25.0,1
441,1.0,1.0,4.0,2.0,1.0,3.0,2.0,2.0,6.0,6.0,17.0,17.0,63.0,63.0,4.732e-11,5.408e-11,5.07e-11,25.0,1
442,1.0,1.0,4.0,2.0,1.0,3.0,2.0,2.0,6.0,6.0,17.0,17.0,65.0,65.0,4.734e-11,5.414e-11,5.074e-11,25.0,1
443,1.0,1.0,4.0,2.0,1.0,3.0,2.0,2.0,6.0,6.0,17.0,17.0,67.0,67.0,4.737e-11,5.419e-11,5.078e-11,25.0,1
444,1.0,1.0,4.0,2.0,1.0,3.0,2.0,2.0,6.0,6.0,17.0,17.0,69.0,69.0,4.739e-11,5.426e-11,5.083e-11,25.0,1
445,1.0,1.0,4.0,2.0,1.0,3.0,2.0,2.0,6.0,6.0,17.0,17.0,71.0,71.0,4.744e-11,5.432e-11,5.088e-11,25.0,1
446,1.0,1.0,4.0,2.0,1.0,3.0,2.0,2.0,6.0,6.0,19.0,19.0,63.0,63.0,4.731e-11,5.398e-11,5.065e-11,25.0,1
447,1.0,1.0,4.0,2.0,1.0,3.0,2.0,2.0,6.0,6.0,19.0,19.0,65.0,65.0,4.731e-11,5.401e-11,5.066e-11,25.0,1
448,1.0,1.0,4.0,2.0,1.0,3.0,2.0,2.0,6.0,6.0,19.0,19.0,67.0,67.0,4.732e-11,5.406e-11,5.069e-11,25.0,1
449,1.0,1.0,4.0,2.0,1.0,3.0,2.0,2.0,6.0,6.0,19.0,19.0,69.0,69.0,4.734e-11,5.411e-11,5.073e-11,25.0,1
450,1.0,1.0,4.0,2.0,1.0,3.0,2.0,2.0,6.0,6.0,19.0,19.0,71.0,71.0,4.737e-11,5.416e-11,5.077e-11,25.0,1
451,1.0,1.0,4.0,2.0,2.0,6.0,1.0,1.0,4.0,4.0,15.0,15.0,63.0,63.0,5.315e-11,6.275e-11,5.795e-11,25.0,1
452,1.0,1.0,4.0,2.0,2.0,6.0,1.0,1.0,4.0,4.0,15.0,15.0,65.0,65.0,5.319e-11,6.282e-11,5.801e-11,25.0,1
453,1.0,1.0,4.0,2.0,2.0,6.0,1.0,1.0,4.0,4.0,15.0,15.0,67.0,67.0,5.323e-11,6.29e-11,5.807e-11,25.0,1
454,1.0,1.0,4.0,2.0,2.0,6.0,1.0,1.0,4.0,4.0,15.0,15.0,69.0,69.0,5.329e-11,6.298e-11,5.813e-11,25.0,1
455,1.0,1.0,4.0,2.0,2.0,6.0,1.0,1.0,4.0,4.0,15.0,15.0,71.0,71.0,5.335e-11,6.306e-11,5.821e-11,25.0,1
456,1.0,1.0,4.0,2.0,2.0,6.0,1.0,1.0,4.0,4.0,17.0,17.0,63.0,63.0,5.324e-11,6.273e-11,5.799e-11,25.0,1
457,1.0,1.0,4.0,2.0,2.0,6.0,1.0,1.0,4.0,4.0,17.0,17.0,65.0,65.0,5.327e-11,6.278e-11,5.803e-11,25.0,1
458,1.0,1.0,4.0,2.0,2.0,6.0,1.0,1.0,4.0,4.0,17.0,17.0,67.0,67.0,5.33e-11,6.284e-11,5.807e-11,25.0,1
459,1.0,1.0,4.0,2.0,2.0,6.0,1.0,1.0,4.0,4.0,17.0,17.0,69.0,69.0,5.334e-11,6.291e-11,5.812e-11,25.0,1
460,1.0,1.0,4.0,2.0,2.0,6.0,1.0,1.0,4.0,4.0,17.0,17.0,71.0,71.0,5.338e-11,6.297e-11,5.818e-11,25.0,1
461,1.0,1.0,4.0,2.0,2.0,6.0,1.0,1.0,4.0,4.0,19.0,19.0,63.0,63.0,5.344e-11,6.284e-11,5.814e-11,25.0,1
462,1.0,1.0,4.0,2.0,2.0,6.0,1.0,1.0,4.0,4.0,19.0,19.0,65.0,65.0,5.345e-11,6.288e-11,5.817e-11,25.0,1
463,1.0,1.0,4.0,2.0,2.0,6.0,1.0,1.0,4.0,4.0,19.0,19.0,67.0,67.0,5.348e-11,6.292e-11,5.82e-11,25.0,1
464,1.0,1.0,4.0,2.0,2.0,6.0,1.0,1.0,4.0,4.0,19.0,19.0,69.0,69.0,5.35e-11,6.297e-11,5.824e-11,25.0,1
465,1.0,1.0,4.0,2.0,2.0,6.0,1.0,1.0,4.0,4.0,19.0,19.0,71.0,71.0,5.353e-11,6.303e-11,5.828e-11,25.0,1
466,1.0,1.0,4.0,2.0,2.0,6.0,1.0,1.0,5.0,5.0,15.0,15.0,63.0,63.0,5.332e-11,6.313e-11,5.823e-11,25.0,1
467,1.0,1.0,4.0,2.0,2.0,6.0,1.0,1.0,5.0,5.0,15.0,15.0,65.0,65.0,5.337e-11,6.32e-11,5.828e-11,25.0,1
468,1.0,1.0,4.0,2.0,2.0,6.0,1.0,1.0,5.0,5.0,15.0,15.0,67.0,67.0,5.34e-11,6.328e-11,5.834e-11,25.0,1
469,1.0,1.0,4.0,2.0,2.0,6.0,1.0,1.0,5.0,5.0,15.0,15.0,69.0,69.0,5.345e-11,6.336e-11,5.841e-11,25.0,1
470,1.0,1.0,4.0,2.0,2.0,6.0,1.0,1.0,5.0,5.0,15.0,15.0,71.0,71.0,5.351e-11,6.344e-11,5.847e-11,25.0,1
471,1.0,1.0,4.0,2.0,2.0,6.0,1.0,1.0,5.0,5.0,17.0,17.0,63.0,63.0,5.33e-11,6.301e-11,5.816e-11,25.0,1
472,1.0,1.0,4.0,2.0,2.0,6.0,1.0,1.0,5.0,5.0,17.0,17.0,65.0,65.0,5.332e-11,6.306e-11,5.819e-11,25.0,1
473,1.0,1.0,4.0,2.0,2.0,6.0,1.0,1.0,5.0,5.0,17.0,17.0,67.0,67.0,5.334e-11,6.312e-11,5.823e-11,25.0,1
474,1.0,1.0,4.0,2.0,2.0,6.0,1.0,1.0,5.0,5.0,17.0,17.0,69.0,69.0,5.338e-11,6.318e-11,5.828e-11,25.0,1
475,1.0,1.0,4.0,2.0,2.0,6.0,1.0,1.0,5.0,5.0,17.0,17.0,71.0,71.0,5.342e-11,6.325e-11,5.833e-11,25.0,1
476,1.0,1.0,4.0,2.0,2.0,6.0,1.0,1.0,5.0,5.0,19.0,19.0,63.0,63.0,5.338e-11,6.302e-11,5.82e-11,25.0,1
477,1.0,1.0,4.0,2.0,2.0,6.0,1.0,1.0,5.0,5.0,19.0,19.0,65.0,65.0,5.339e-11,6.305e-11,5.822e-11,25.0,1
478,1.0,1.0,4.0,2.0,2.0,6.0,1.0,1.0,5.0,5.0,19.0,19.0,67.0,67.0,5.341e-11,6.31e-11,5.825e-11,25.0,1
479,1.0,1.0,4.0,2.0,2.0,6.0,1.0,1.0,5.0,5.0,19.0,19.0,69.0,69.0,5.343e-11,6.314e-11,5.829e-11,25.0,1
480,1.0,1.0,4.0,2.0,2.0,6.0,1.0,1.0,5.0,5.0,19.0,19.0,71.0,71.0,5.346e-11,6.32e-11,5.833e-11,25.0,1
481,1.0,1.0,4.0,2.0,2.0,6.0,1.0,1.0,6.0,6.0,15.0,15.0,63.0,63.0,5.382e-11,6.381e-11,5.882e-11,25.0,1
482,1.0,1.0,4.0,2.0,2.0,6.0,1.0,1.0,6.0,6.0,15.0,15.0,65.0,65.0,5.385e-11,6.388e-11,5.887e-11,25.0,1
483,1.0,1.0,4.0,2.0,2.0,6.0,1.0,1.0,6.0,6.0,15.0,15.0,67.0,67.0,5.39e-11,6.396e-11,5.893e-11,25.0,1
484,1.0,1.0,4.0,2.0,2.0,6.0,1.0,1.0,6.0,6.0,15.0,15.0,69.0,69.0,5.394e-11,6.403e-11,5.899e-11,25.0,1
485,1.0,1.0,4.0,2.0,2.0,6.0,1.0,1.0,6.0,6.0,15.0,15.0,71.0,71.0,5.4e-11,6.411e-11,5.906e-11,25.0,1
486,1.0,1.0,4.0,2.0,2.0,6.0,1.0,1.0,6.0,6.0,17.0,17.0,63.0,63.0,5.372e-11,6.362e-11,5.867e-11,25.0,1
487,1.0,1.0,4.0,2.0,2.0,6.0,1.0,1.0,6.0,6.0,17.0,17.0,65.0,65.0,5.374e-11,6.366e-11,5.87e-11,25.0,1
488,1.0,1.0,4.0,2.0,2.0,6.0,1.0,1.0,6.0,6.0,17.0,17.0,67.0,67.0,5.376e-11,6.372e-11,5.874e-11,25.0,1
489,1.0,1.0,4.0,2.0,2.0,6.0,1.0,1.0,6.0,6.0,17.0,17.0,69.0,69.0,5.38e-11,6.378e-11,5.879e-11,25.0,1
490,1.0,1.0,4.0,2.0,2.0,6.0,1.0,1.0,6.0,6.0,17.0,17.0,71.0,71.0,5.383e-11,6.384e-11,5.884e-11,25.0,1
491,1.0,1.0,4.0,2.0,2.0,6.0,1.0,1.0,6.0,6.0,19.0,19.0,63.0,63.0,5.373e-11,6.356e-11,5.864e-11,25.0,1
492,1.0,1.0,4.0,2.0,2.0,6.0,1.0,1.0,6.0,6.0,19.0,19.0,65.0,65.0,5.373e-11,6.359e-11,5.866e-11,25.0,1
493,1.0,1.0,4.0,2.0,2.0,6.0,1.0,1.0,6.0,6.0,19.0,19.0,67.0,67.0,5.375e-11,6.363e-11,5.869e-11,25.0,1
494,1.0,1.0,4.0,2.0,2.0,6.0,1.0,1.0,6.0,6.0,19.0,19.0,69.0,69.0,5.376e-11,6.368e-11,5.872e-11,25.0,1
495,1.0,1.0,4.0,2.0,2.0,6.0,1.0,1.0,6.0,6.0,19.0,19.0,71.0,71.0,5.379e-11,6.373e-11,5.876e-11,25.0,1
496,1.0,1.0,4.0,2.0,2.0,6.0,2.0,2.0,4.0,4.0,15.0,15.0,63.0,63.0,5.106e-11,6.062e-11,5.584e-11,25.0,1
497,1.0,1.0,4.0,2.0,2.0,6.0,2.0,2.0,4.0,4.0,15.0,15.0,65.0,65.0,5.11e-11,6.069e-11,5.589e-11,25.0,1
498,1.0,1.0,4.0,2.0,2.0,6.0,2.0,2.0,4.0,4.0,15.0,15.0,67.0,67.0,5.114e-11,6.076e-11,5.595e-11,25.0,1
499,1.0,1.0,4.0,2.0,2.0,6.0,2.0,2.0,4.0,4.0,15.0,15.0,69.0,69.0,5.12e-11,6.085e-11,5.602e-11,25.0,1
500,1.0,1.0,4.0,2.0,2.0,6.0,2.0,2.0,4.0,4.0,15.0,15.0,71.0,71.0,5.126e-11,6.094e-11,5.61e-11,25.0,1
501,1.0,1.0,4.0,2.0,2.0,6.0,2.0,2.0,4.0,4.0,17.0,17.0,63.0,63.0,5.113e-11,6.057e-11,5.585e-11,25.0,1
502,1.0,1.0,4.0,2.0,2.0,6.0,2.0,2.0,4.0,4.0,17.0,17.0,65.0,65.0,5.116e-11,6.062e-11,5.589e-11,25.0,1
503,1.0,1.0,4.0,2.0,2.0,6.0,2.0,2.0,4.0,4.0,17.0,17.0,67.0,67.0,5.119e-11,6.068e-11,5.593e-11,25.0,1
504,1.0,1.0,4.0,2.0,2.0,6.0,2.0,2.0,4.0,4.0,17.0,17.0,69.0,69.0,5.123e-11,6.074e-11,5.599e-11,25.0,1
505,1.0,1.0,4.0,2.0,2.0,6.0,2.0,2.0,4.0,4.0,17.0,17.0,71.0,71.0,5.127e-11,6.081e-11,5.604e-11,25.0,1
506,1.0,1.0,4.0,2.0,2.0,6.0,2.0,2.0,4.0,4.0,19.0,19.0,63.0,63.0,5.132e-11,6.065e-11,5.598e-11,25.0,1
507,1.0,1.0,4.0,2.0,2.0,6.0,2.0,2.0,4.0,4.0,19.0,19.0,65.0,65.0,5.134e-11,6.068e-11,5.601e-11,25.0,1
508,1.0,1.0,4.0,2.0,2.0,6.0,2.0,2.0,4.0,4.0,19.0,19.0,67.0,67.0,5.135e-11,6.073e-11,5.604e-11,25.0,1
509,1.0,1.0,4.0,2.0,2.0,6.0,2.0,2.0,4.0,4.0,19.0,19.0,69.0,69.0,5.138e-11,6.078e-11,5.608e-11,25.0,1
510,1.0,1.0,4.0,2.0,2.0,6.0,2.0,2.0,4.0,4.0,19.0,19.0,71.0,71.0,5.141e-11,6.083e-11,5.612e-11,25.0,1
511,1.0,1.0,4.0,2.0,2.0,6.0,2.0,2.0,5.0,5.0,15.0,15.0,63.0,63.0,5.065e-11,6.038e-11,5.551e-11,25.0,1
512,1.0,1.0,4.0,2.0,2.0,6.0,2.0,2.0,5.0,5.0,15.0,15.0,65.0,65.0,5.069e-11,6.044e-11,5.556e-11,25.0,1
513,1.0,1.0,4.0,2.0,2.0,6.0,2.0,2.0,5.0,5.0,15.0,15.0,67.0,67.0,5.074e-11,6.051e-11,5.562e-11,25.0,1
514,1.0,1.0,4.0,2.0,2.0,6.0,2.0,2.0,5.0,5.0,15.0,15.0,69.0,69.0,5.079e-11,6.059e-11,5.569e-11,25.0,1
515,1.0,1.0,4.0,2.0,2.0,6.0,2.0,2.0,5.0,5.0,15.0,15.0,71.0,71.0,5.085e-11,6.068e-11,5.576e-11,25.0,1
516,1.0,1.0,4.0,2.0,2.0,6.0,2.0,2.0,5.0,5.0,17.0,17.0,63.0,63.0,5.06e-11,6.021e-11,5.541e-11,25.0,1
517,1.0,1.0,4.0,2.0,2.0,6.0,2.0,2.0,5.0,5.0,17.0,17.0,65.0,65.0,5.062e-11,6.026e-11,5.544e-11,25.0,1
518,1.0,1.0,4.0,2.0,2.0,6.0,2.0,2.0,5.0,5.0,17.0,17.0,67.0,67.0,5.065e-11,6.031e-11,5.548e-11,25.0,1
519,1.0,1.0,4.0,2.0,2.0,6.0,2.0,2.0,5.0,5.0,17.0,17.0,69.0,69.0,5.069e-11,6.037e-11,5.553e-11,25.0,1
520,1.0,1.0,4.0,2.0,2.0,6.0,2.0,2.0,5.0,5.0,17.0,17.0,71.0,71.0,5.073e-11,6.044e-11,5.558e-11,25.0,1
521,1.0,1.0,4.0,2.0,2.0,6.0,2.0,2.0,5.0,5.0,19.0,19.0,63.0,63.0,5.067e-11,6.017e-11,5.542e-11,25.0,1
522,1.0,1.0,4.0,2.0,2.0,6.0,2.0,2.0,5.0,5.0,19.0,19.0,65.0,65.0,5.067e-11,6.021e-11,5.544e-11,25.0,1
523,1.0,1.0,4.0,2.0,2.0,6.0,2.0,2.0,5.0,5.0,19.0,19.0,67.0,67.0,5.069e-11,6.026e-11,5.547e-11,25.0,1
524,1.0,1.0,4.0,2.0,2.0,6.0,2.0,2.0,5.0,5.0,19.0,19.0,69.0,69.0,5.072e-11,6.03e-11,5.551e-11,25.0,1
525,1.0,1.0,4.0,2.0,2.0,6.0,2.0,2.0,5.0,5.0,19.0,19.0,71.0,71.0,5.075e-11,6.035e-11,5.555e-11,25.0,1
526,1.0,1.0,4.0,2.0,2.0,6.0,2.0,2.0,6.0,6.0,15.0,15.0,63.0,63.0,5.058e-11,6.041e-11,5.55e-11,25.0,1
527,1.0,1.0,4.0,2.0,2.0,6.0,2.0,2.0,6.0,6.0,15.0,15.0,65.0,65.0,5.063e-11,6.048e-11,5.555e-11,25.0,1
528,1.0,1.0,4.0,2.0,2.0,6.0,2.0,2.0,6.0,6.0,15.0,15.0,67.0,67.0,5.066e-11,6.055e-11,5.561e-11,25.0,1
529,1.0,1.0,4.0,2.0,2.0,6.0,2.0,2.0,6.0,6.0,15.0,15.0,69.0,69.0,5.071e-11,6.063e-11,5.567e-11,25.0,1
530,1.0,1.0,4.0,2.0,2.0,6.0,2.0,2.0,6.0,6.0,15.0,15.0,71.0,71.0,5.077e-11,6.072e-11,5.574e-11,25.0,1
531,1.0,1.0,4.0,2.0,2.0,6.0,2.0,2.0,6.0,6.0,17.0,17.0,63.0,63.0,5.045e-11,6.018e-11,5.531e-11,25.0,1
532,1.0,1.0,4.0,2.0,2.0,6.0,2.0,2.0,6.0,6.0,17.0,17.0,65.0,65.0,5.047e-11,6.023e-11,5.535e-11,25.0,1
533,1.0,1.0,4.0,2.0,2.0,6.0,2.0,2.0,6.0,6.0,17.0,17.0,67.0,67.0,5.05e-11,6.028e-11,5.539e-11,25.0,1
534,1.0,1.0,4.0,2.0,2.0,6.0,2.0,2.0,6.0,6.0,17.0,17.0,69.0,69.0,5.053e-11,6.034e-11,5.544e-11,25.0,1
535,1.0,1.0,4.0,2.0,2.0,6.0,2.0,2.0,6.0,6.0,17.0,17.0,71.0,71.0,5.057e-11,6.04e-11,5.549e-11,25.0,1
536,1.0,1.0,4.0,2.0,2.0,6.0,2.0,2.0,6.0,6.0,19.0,19.0,63.0,63.0,5.045e-11,6.007e-11,5.526e-11,25.0,1
537,1.0,1.0,4.0,2.0,2.0,6.0,2.0,2.0,6.0,6.0,19.0,19.0,65.0,65.0,5.044e-11,6.011e-11,5.528e-11,25.0,1
538,1.0,1.0,4.0,2.0,2.0,6.0,2.0,2.0,6.0,6.0,19.0,19.0,67.0,67.0,5.046e-11,6.015e-11,5.53e-11,25.0,1
539,1.0,1.0,4.0,2.0,2.0,6.0,2.0,2.0,6.0,6.0,19.0,19.0,69.0,69.0,5.048e-11,6.02e-11,5.534e-11,25.0,1
540,1.0,1.0,4.0,2.0,2.0,6.0,2.0,2.0,6.0,6.0,19.0,19.0,71.0,71.0,5.051e-11,6.025e-11,5.538e-11,25.0,1
541,2.0,2.0,2.0,1.0,1.0,3.0,1.0,1.0,4.0,4.0,15.0,15.0,63.0,63.0,4.906e-11,5.789e-11,5.348e-11,25.0,1
542,2.0,2.0,2.0,1.0,1.0,3.0,1.0,1.0,4.0,4.0,15.0,15.0,65.0,65.0,4.91e-11,5.797e-11,5.354e-11,25.0,1
543,2.0,2.0,2.0,1.0,1.0,3.0,1.0,1.0,4.0,4.0,15.0,15.0,67.0,67.0,4.915e-11,5.804e-11,5.359e-11,25.0,1
544,2.0,2.0,2.0,1.0,1.0,3.0,1.0,1.0,4.0,4.0,15.0,15.0,69.0,69.0,4.92e-11,5.812e-11,5.366e-11,25.0,1
545,2.0,2.0,2.0,1.0,1.0,3.0,1.0,1.0,4.0,4.0,15.0,15.0,71.0,71.0,4.926e-11,5.821e-11,5.373e-11,25.0,1
546,2.0,2.0,2.0,1.0,1.0,3.0,1.0,1.0,4.0,4.0,17.0,17.0,63.0,63.0,4.915e-11,5.788e-11,5.351e-11,25.0,1
547,2.0,2.0,2.0,1.0,1.0,3.0,1.0,1.0,4.0,4.0,17.0,17.0,65.0,65.0,4.917e-11,5.793e-11,5.355e-11,25.0,1
548,2.0,2.0,2.0,1.0,1.0,3.0,1.0,1.0,4.0,4.0,17.0,17.0,67.0,67.0,4.921e-11,5.799e-11,5.36e-11,25.0,1
549,2.0,2.0,2.0,1.0,1.0,3.0,1.0,1.0,4.0,4.0,17.0,17.0,69.0,69.0,4.924e-11,5.805e-11,5.365e-11,25.0,1
550,2.0,2.0,2.0,1.0,1.0,3.0,1.0,1.0,4.0,4.0,17.0,17.0,71.0,71.0,4.929e-11,5.811e-11,5.37e-11,25.0,1
551,2.0,2.0,2.0,1.0,1.0,3.0,1.0,1.0,4.0,4.0,19.0,19.0,63.0,63.0,4.935e-11,5.798e-11,5.367e-11,25.0,1
552,2.0,2.0,2.0,1.0,1.0,3.0,1.0,1.0,4.0,4.0,19.0,19.0,65.0,65.0,4.937e-11,5.802e-11,5.369e-11,25.0,1
553,2.0,2.0,2.0,1.0,1.0,3.0,1.0,1.0,4.0,4.0,19.0,19.0,67.0,67.0,4.939e-11,5.807e-11,5.373e-11,25.0,1
554,2.0,2.0,2.0,1.0,1.0,3.0,1.0,1.0,4.0,4.0,19.0,19.0,69.0,69.0,4.941e-11,5.812e-11,5.377e-11,25.0,1
555,2.0,2.0,2.0,1.0,1.0,3.0,1.0,1.0,4.0,4.0,19.0,19.0,71.0,71.0,4.945e-11,5.817e-11,5.381e-11,25.0,1
556,2.0,2.0,2.0,1.0,1.0,3.0,1.0,1.0,5.0,5.0,15.0,15.0,63.0,63.0,4.925e-11,5.828e-11,5.377e-11,25.0,1
557,2.0,2.0,2.0,1.0,1.0,3.0,1.0,1.0,5.0,5.0,15.0,15.0,65.0,65.0,4.929e-11,5.835e-11,5.382e-11,25.0,1
558,2.0,2.0,2.0,1.0,1.0,3.0,1.0,1.0,5.0,5.0,15.0,15.0,67.0,67.0,4.933e-11,5.842e-11,5.388e-11,25.0,1
559,2.0,2.0,2.0,1.0,1.0,3.0,1.0,1.0,5.0,5.0,15.0,15.0,69.0,69.0,4.938e-11,5.85e-11,5.394e-11,25.0,1
560,2.0,2.0,2.0,1.0,1.0,3.0,1.0,1.0,5.0,5.0,15.0,15.0,71.0,71.0,4.944e-11,5.858e-11,5.401e-11,25.0,1
561,2.0,2.0,2.0,1.0,1.0,3.0,1.0,1.0,5.0,5.0,17.0,17.0,63.0,63.0,4.922e-11,5.816e-11,5.369e-11,25.0,1
562,2.0,2.0,2.0,1.0,1.0,3.0,1.0,1.0,5.0,5.0,17.0,17.0,65.0,65.0,4.925e-11,5.821e-11,5.373e-11,25.0,1
563,2.0,2.0,2.0,1.0,1.0,3.0,1.0,1.0,5.0,5.0,17.0,17.0,67.0,67.0,4.927e-11,5.826e-11,5.377e-11,25.0,1
564,2.0,2.0,2.0,1.0,1.0,3.0,1.0,1.0,5.0,5.0,17.0,17.0,69.0,69.0,4.931e-11,5.832e-11,5.382e-11,25.0,1
565,2.0,2.0,2.0,1.0,1.0,3.0,1.0,1.0,5.0,5.0,17.0,17.0,71.0,71.0,4.935e-11,5.839e-11,5.387e-11,25.0,1
566,2.0,2.0,2.0,1.0,1.0,3.0,1.0,1.0,5.0,5.0,19.0,19.0,63.0,63.0,4.931e-11,5.817e-11,5.374e-11,25.0,1
567,2.0,2.0,2.0,1.0,1.0,3.0,1.0,1.0,5.0,5.0,19.0,19.0,65.0,65.0,4.932e-11,5.82e-11,5.376e-11,25.0,1
568,2.0,2.0,2.0,1.0,1.0,3.0,1.0,1.0,5.0,5.0,19.0,19.0,67.0,67.0,4.934e-11,5.824e-11,5.379e-11,25.0,1
569,2.0,2.0,2.0,1.0,1.0,3.0,1.0,1.0,5.0,5.0,19.0,19.0,69.0,69.0,4.936e-11,5.829e-11,5.382e-11,25.0,1
570,2.0,2.0,2.0,1.0,1.0,3.0,1.0,1.0,5.0,5.0,19.0,19.0,71.0,71.0,4.939e-11,5.834e-11,5.386e-11,25.0,1
571,2.0,2.0,2.0,1.0,1.0,3.0,1.0,1.0,6.0,6.0,15.0,15.0,63.0,63.0,4.976e-11,5.896e-11,5.436e-11,25.0,1
572,2.0,2.0,2.0,1.0,1.0,3.0,1.0,1.0,6.0,6.0,15.0,15.0,65.0,65.0,4.98e-11,5.903e-11,5.442e-11,25.0,1
573,2.0,2.0,2.0,1.0,1.0,3.0,1.0,1.0,6.0,6.0,15.0,15.0,67.0,67.0,4.983e-11,5.91e-11,5.447e-11,25.0,1
574,2.0,2.0,2.0,1.0,1.0,3.0,1.0,1.0,6.0,6.0,15.0,15.0,69.0,69.0,4.988e-11,5.918e-11,5.453e-11,25.0,1
575,2.0,2.0,2.0,1.0,1.0,3.0,1.0,1.0,6.0,6.0,15.0,15.0,71.0,71.0,4.994e-11,5.926e-11,5.46e-11,25.0,1
576,2.0,2.0,2.0,1.0,1.0,3.0,1.0,1.0,6.0,6.0,17.0,17.0,63.0,63.0,4.966e-11,5.876e-11,5.421e-11,25.0,1
577,2.0,2.0,2.0,1.0,1.0,3.0,1.0,1.0,6.0,6.0,17.0,17.0,65.0,65.0,4.967e-11,5.882e-11,5.424e-11,25.0,1
578,2.0,2.0,2.0,1.0,1.0,3.0,1.0,1.0,6.0,6.0,17.0,17.0,67.0,67.0,4.97e-11,5.887e-11,5.428e-11,25.0,1
579,2.0,2.0,2.0,1.0,1.0,3.0,1.0,1.0,6.0,6.0,17.0,17.0,69.0,69.0,4.973e-11,5.893e-11,5.433e-11,25.0,1
580,2.0,2.0,2.0,1.0,1.0,3.0,1.0,1.0,6.0,6.0,17.0,17.0,71.0,71.0,4.977e-11,5.899e-11,5.438e-11,25.0,1
581,2.0,2.0,2.0,1.0,1.0,3.0,1.0,1.0,6.0,6.0,19.0,19.0,63.0,63.0,4.966e-11,5.87e-11,5.418e-11,25.0,1
582,2.0,2.0,2.0,1.0,1.0,3.0,1.0,1.0,6.0,6.0,19.0,19.0,65.0,65.0,4.967e-11,5.874e-11,5.42e-11,25.0,1
583,2.0,2.0,2.0,1.0,1.0,3.0,1.0,1.0,6.0,6.0,19.0,19.0,67.0,67.0,4.968e-11,5.878e-11,5.423e-11,25.0,1
584,2.0,2.0,2.0,1.0,1.0,3.0,1.0,1.0,6.0,6.0,19.0,19.0,69.0,69.0,4.97e-11,5.882e-11,5.426e-11,25.0,1
585,2.0,2.0,2.0,1.0,1.0,3.0,1.0,1.0,6.0,6.0,19.0,19.0,71.0,71.0,4.973e-11,5.887e-11,5.43e-11,25.0,1
586,2.0,2.0,2.0,1.0,1.0,3.0,2.0,2.0,4.0,4.0,15.0,15.0,63.0,63.0,4.758e-11,5.655e-11,5.207e-11,25.0,1
587,2.0,2.0,2.0,1.0,1.0,3.0,2.0,2.0,4.0,4.0,15.0,15.0,65.0,65.0,4.763e-11,5.662e-11,5.212e-11,25.0,1
588,2.0,2.0,2.0,1.0,1.0,3.0,2.0,2.0,4.0,4.0,15.0,15.0,67.0,67.0,4.767e-11,5.67e-11,5.218e-11,25.0,1
589,2.0,2.0,2.0,1.0,1.0,3.0,2.0,2.0,4.0,4.0,15.0,15.0,69.0,69.0,4.772e-11,5.679e-11,5.226e-11,25.0,1
590,2.0,2.0,2.0,1.0,1.0,3.0,2.0,2.0,4.0,4.0,15.0,15.0,71.0,71.0,4.778e-11,5.687e-11,5.233e-11,25.0,1
591,2.0,2.0,2.0,1.0,1.0,3.0,2.0,2.0,4.0,4.0,17.0,17.0,63.0,63.0,4.766e-11,5.65e-11,5.208e-11,25.0,1
592,2.0,2.0,2.0,1.0,1.0,3.0,2.0,2.0,4.0,4.0,17.0,17.0,65.0,65.0,4.768e-11,5.656e-11,5.212e-11,25.0,1
593,2.0,2.0,2.0,1.0,1.0,3.0,2.0,2.0,4.0,4.0,17.0,17.0,67.0,67.0,4.771e-11,5.661e-11,5.216e-11,25.0,1
594,2.0,2.0,2.0,1.0,1.0,3.0,2.0,2.0,4.0,4.0,17.0,17.0,69.0,69.0,4.775e-11,5.668e-11,5.221e-11,25.0,1
595,2.0,2.0,2.0,1.0,1.0,3.0,2.0,2.0,4.0,4.0,17.0,17.0,71.0,71.0,4.78e-11,5.674e-11,5.227e-11,25.0,1
596,2.0,2.0,2.0,1.0,1.0,3.0,2.0,2.0,4.0,4.0,19.0,19.0,63.0,63.0,4.784e-11,5.657e-11,5.221e-11,25.0,1
597,2.0,2.0,2.0,1.0,1.0,3.0,2.0,2.0,4.0,4.0,19.0,19.0,65.0,65.0,4.786e-11,5.662e-11,5.224e-11,25.0,1
598,2.0,2.0,2.0,1.0,1.0,3.0,2.0,2.0,4.0,4.0,19.0,19.0,67.0,67.0,4.788e-11,5.666e-11,5.227e-11,25.0,1
599,2.0,2.0,2.0,1.0,1.0,3.0,2.0,2.0,4.0,4.0,19.0,19.0,69.0,69.0,4.79e-11,5.671e-11,5.231e-11,25.0,1
600,2.0,2.0,2.0,1.0,1.0,3.0,2.0,2.0,4.0,4.0,19.0,19.0,71.0,71.0,4.793e-11,5.677e-11,5.235e-11,25.0,1
601,2.0,2.0,2.0,1.0,1.0,3.0,2.0,2.0,5.0,5.0,15.0,15.0,63.0,63.0,4.722e-11,5.632e-11,5.177e-11,25.0,1
602,2.0,2.0,2.0,1.0,1.0,3.0,2.0,2.0,5.0,5.0,15.0,15.0,65.0,65.0,4.725e-11,5.639e-11,5.182e-11,25.0,1
603,2.0,2.0,2.0,1.0,1.0,3.0,2.0,2.0,5.0,5.0,15.0,15.0,67.0,67.0,4.729e-11,5.646e-11,5.188e-11,25.0,1
604,2.0,2.0,2.0,1.0,1.0,3.0,2.0,2.0,5.0,5.0,15.0,15.0,69.0,69.0,4.735e-11,5.654e-11,5.194e-11,25.0,1
605,2.0,2.0,2.0,1.0,1.0,3.0,2.0,2.0,5.0,5.0,15.0,15.0,71.0,71.0,4.74e-11,5.662e-11,5.201e-11,25.0,1
606,2.0,2.0,2.0,1.0,1.0,3.0,2.0,2.0,5.0,5.0,17.0,17.0,63.0,63.0,4.716e-11,5.615e-11,5.166e-11,25.0,1
607,2.0,2.0,2.0,1.0,1.0,3.0,2.0,2.0,5.0,5.0,17.0,17.0,65.0,65.0,4.718e-11,5.62e-11,5.169e-11,25.0,1
608,2.0,2.0,2.0,1.0,1.0,3.0,2.0,2.0,5.0,5.0,17.0,17.0,67.0,67.0,4.721e-11,5.626e-11,5.173e-11,25.0,1
609,2.0,2.0,2.0,1.0,1.0,3.0,2.0,2.0,5.0,5.0,17.0,17.0,69.0,69.0,4.725e-11,5.632e-11,5.178e-11,25.0,1
610,2.0,2.0,2.0,1.0,1.0,3.0,2.0,2.0,5.0,5.0,17.0,17.0,71.0,71.0,4.729e-11,5.639e-11,5.184e-11,25.0,1
611,2.0,2.0,2.0,1.0,1.0,3.0,2.0,2.0,5.0,5.0,19.0,19.0,63.0,63.0,4.722e-11,5.611e-11,5.167e-11,25.0,1
612,2.0,2.0,2.0,1.0,1.0,3.0,2.0,2.0,5.0,5.0,19.0,19.0,65.0,65.0,4.723e-11,5.616e-11,5.17e-11,25.0,1
613,2.0,2.0,2.0,1.0,1.0,3.0,2.0,2.0,5.0,5.0,19.0,19.0,67.0,67.0,4.725e-11,5.62e-11,5.173e-11,25.0,1
614,2.0,2.0,2.0,1.0,1.0,3.0,2.0,2.0,5.0,5.0,19.0,19.0,69.0,69.0,4.727e-11,5.625e-11,5.176e-11,25.0,1
615,2.0,2.0,2.0,1.0,1.0,3.0,2.0,2.0,5.0,5.0,19.0,19.0,71.0,71.0,4.73e-11,5.63e-11,5.18e-11,25.0,1
616,2.0,2.0,2.0,1.0,1.0,3.0,2.0,2.0,6.0,6.0,15.0,15.0,63.0,63.0,4.718e-11,5.637e-11,5.177e-11,25.0,1
617,2.0,2.0,2.0,1.0,1.0,3.0,2.0,2.0,6.0,6.0,15.0,15.0,65.0,65.0,4.721e-11,5.643e-11,5.182e-11,25.0,1
618,2.0,2.0,2.0,1.0,1.0,3.0,2.0,2.0,6.0,6.0,15.0,15.0,67.0,67.0,4.726e-11,5.651e-11,5.188e-11,25.0,1
619,2.0,2.0,2.0,1.0,1.0,3.0,2.0,2.0,6.0,6.0,15.0,15.0,69.0,69.0,4.73e-11,5.659e-11,5.194e-11,25.0,1
620,2.0,2.0,2.0,1.0,1.0,3.0,2.0,2.0,6.0,6.0,15.0,15.0,71.0,71.0,4.735e-11,5.667e-11,5.201e-11,25.0,1
621,2.0,2.0,2.0,1.0,1.0,3.0,2.0,2.0,6.0,6.0,17.0,17.0,63.0,63.0,4.704e-11,5.613e-11,5.159e-11,25.0,1
622,2.0,2.0,2.0,1.0,1.0,3.0,2.0,2.0,6.0,6.0,17.0,17.0,65.0,65.0,4.706e-11,5.618e-11,5.162e-11,25.0,1
623,2.0,2.0,2.0,1.0,1.0,3.0,2.0,2.0,6.0,6.0,17.0,17.0,67.0,67.0,4.709e-11,5.623e-11,5.166e-11,25.0,1
624,2.0,2.0,2.0,1.0,1.0,3.0,2.0,2.0,6.0,6.0,17.0,17.0,69.0,69.0,4.712e-11,5.629e-11,5.171e-11,25.0,1
625,2.0,2.0,2.0,1.0,1.0,3.0,2.0,2.0,6.0,6.0,17.0,17.0,71.0,71.0,4.716e-11,5.636e-11,5.176e-11,25.0,1
626,2.0,2.0,2.0,1.0,1.0,3.0,2.0,2.0,6.0,6.0,19.0,19.0,63.0,63.0,4.702e-11,5.603e-11,5.153e-11,25.0,1
627,2.0,2.0,2.0,1.0,1.0,3.0,2.0,2.0,6.0,6.0,19.0,19.0,65.0,65.0,4.703e-11,5.606e-11,5.154e-11,25.0,1
628,2.0,2.0,2.0,1.0,1.0,3.0,2.0,2.0,6.0,6.0,19.0,19.0,67.0,67.0,4.705e-11,5.611e-11,5.158e-11,25.0,1
629,2.0,2.0,2.0,1.0,1.0,3.0,2.0,2.0,6.0,6.0,19.0,19.0,69.0,69.0,4.707e-11,5.616e-11,5.161e-11,25.0,1
630,2.0,2.0,2.0,1.0,1.0,3.0,2.0,2.0,6.0,6.0,19.0,19.0,71.0,71.0,4.709e-11,5.621e-11,5.165e-11,25.0,1
631,2.0,2.0,2.0,1.0,2.0,6.0,1.0,1.0,4.0,4.0,15.0,15.0,63.0,63.0,5.647e-11,7.176e-11,6.412e-11,25.0,1
632,2.0,2.0,2.0,1.0,2.0,6.0,1.0,1.0,4.0,4.0,15.0,15.0,65.0,65.0,5.651e-11,7.183e-11,6.417e-11,25.0,1
633,2.0,2.0,2.0,1.0,2.0,6.0,1.0,1.0,4.0,4.0,15.0,15.0,67.0,67.0,5.656e-11,7.19e-11,6.423e-11,25.0,1
634,2.0,2.0,2.0,1.0,2.0,6.0,1.0,1.0,4.0,4.0,15.0,15.0,69.0,69.0,5.661e-11,7.198e-11,6.43e-11,25.0,1
635,2.0,2.0,2.0,1.0,2.0,6.0,1.0,1.0,4.0,4.0,15.0,15.0,71.0,71.0,5.667e-11,7.207e-11,6.437e-11,25.0,1
636,2.0,2.0,2.0,1.0,2.0,6.0,1.0,1.0,4.0,4.0,17.0,17.0,63.0,63.0,5.657e-11,7.173e-11,6.415e-11,25.0,1
637,2.0,2.0,2.0,1.0,2.0,6.0,1.0,1.0,4.0,4.0,17.0,17.0,65.0,65.0,5.659e-11,7.178e-11,6.419e-11,25.0,1
638,2.0,2.0,2.0,1.0,2.0,6.0,1.0,1.0,4.0,4.0,17.0,17.0,67.0,67.0,5.662e-11,7.184e-11,6.423e-11,25.0,1
639,2.0,2.0,2.0,1.0,2.0,6.0,1.0,1.0,4.0,4.0,17.0,17.0,69.0,69.0,5.666e-11,7.191e-11,6.428e-11,25.0,1
640,2.0,2.0,2.0,1.0,2.0,6.0,1.0,1.0,4.0,4.0,17.0,17.0,71.0,71.0,5.67e-11,7.197e-11,6.434e-11,25.0,1
641,2.0,2.0,2.0,1.0,2.0,6.0,1.0,1.0,4.0,4.0,19.0,19.0,63.0,63.0,5.677e-11,7.184e-11,6.43e-11,25.0,1
642,2.0,2.0,2.0,1.0,2.0,6.0,1.0,1.0,4.0,4.0,19.0,19.0,65.0,65.0,5.677e-11,7.188e-11,6.433e-11,25.0,1
643,2.0,2.0,2.0,1.0,2.0,6.0,1.0,1.0,4.0,4.0,19.0,19.0,67.0,67.0,5.679e-11,7.193e-11,6.436e-11,25.0,1
644,2.0,2.0,2.0,1.0,2.0,6.0,1.0,1.0,4.0,4.0,19.0,19.0,69.0,69.0,5.682e-11,7.197e-11,6.44e-11,25.0,1
645,2.0,2.0,2.0,1.0,2.0,6.0,1.0,1.0,4.0,4.0,19.0,19.0,71.0,71.0,5.685e-11,7.203e-11,6.444e-11,25.0,1
646,2.0,2.0,2.0,1.0,2.0,6.0,1.0,1.0,5.0,5.0,15.0,15.0,63.0,63.0,5.669e-11,7.214e-11,6.441e-11,25.0,1
647,2.0,2.0,2.0,1.0,2.0,6.0,1.0,1.0,5.0,5.0,15.0,15.0,65.0,65.0,5.673e-11,7.221e-11,6.447e-11,25.0,1
648,2.0,2.0,2.0,1.0,2.0,6.0,1.0,1.0,5.0,5.0,15.0,15.0,67.0,67.0,5.677e-11,7.228e-11,6.452e-11,25.0,1
649,2.0,2.0,2.0,1.0,2.0,6.0,1.0,1.0,5.0,5.0,15.0,15.0,69.0,69.0,5.682e-11,7.236e-11,6.459e-11,25.0,1
650,2.0,2.0,2.0,1.0,2.0,6.0,1.0,1.0,5.0,5.0,15.0,15.0,71.0,71.0,5.687e-11,7.244e-11,6.466e-11,25.0,1
651,2.0,2.0,2.0,1.0,2.0,6.0,1.0,1.0,5.0,5.0,17.0,17.0,63.0,63.0,5.666e-11,7.202e-11,6.434e-11,25.0,1
652,2.0,2.0,2.0,1.0,2.0,6.0,1.0,1.0,5.0,5.0,17.0,17.0,65.0,65.0,5.668e-11,7.207e-11,6.437e-11,25.0,1
653,2.0,2.0,2.0,1.0,2.0,6.0,1.0,1.0,5.0,5.0,17.0,17.0,67.0,67.0,5.671e-11,7.212e-11,6.442e-11,25.0,1
654,2.0,2.0,2.0,1.0,2.0,6.0,1.0,1.0,5.0,5.0,17.0,17.0,69.0,69.0,5.674e-11,7.218e-11,6.446e-11,25.0,1
655,2.0,2.0,2.0,1.0,2.0,6.0,1.0,1.0,5.0,5.0,17.0,17.0,71.0,71.0,5.678e-11,7.225e-11,6.452e-11,25.0,1
656,2.0,2.0,2.0,1.0,2.0,6.0,1.0,1.0,5.0,5.0,19.0,19.0,63.0,63.0,5.674e-11,7.202e-11,6.438e-11,25.0,1
657,2.0,2.0,2.0,1.0,2.0,6.0,1.0,1.0,5.0,5.0,19.0,19.0,65.0,65.0,5.675e-11,7.205e-11,6.44e-11,25.0,1
658,2.0,2.0,2.0,1.0,2.0,6.0,1.0,1.0,5.0,5.0,19.0,19.0,67.0,67.0,5.676e-11,7.21e-11,6.443e-11,25.0,1
659,2.0,2.0,2.0,1.0,2.0,6.0,1.0,1.0,5.0,5.0,19.0,19.0,69.0,69.0,5.679e-11,7.215e-11,6.447e-11,25.0,1
660,2.0,2.0,2.0,1.0,2.0,6.0,1.0,1.0,5.0,5.0,19.0,19.0,71.0,71.0,5.682e-11,7.22e-11,6.451e-11,25.0,1
661,2.0,2.0,2.0,1.0,2.0,6.0,1.0,1.0,6.0,6.0,15.0,15.0,63.0,63.0,5.723e-11,7.282e-11,6.502e-11,25.0,1
662,2.0,2.0,2.0,1.0,2.0,6.0,1.0,1.0,6.0,6.0,15.0,15.0,65.0,65.0,5.726e-11,7.288e-11,6.507e-11,25.0,1
663,2.0,2.0,2.0,1.0,2.0,6.0,1.0,1.0,6.0,6.0,15.0,15.0,67.0,67.0,5.73e-11,7.295e-11,6.513e-11,25.0,1
664,2.0,2.0,2.0,1.0,2.0,6.0,1.0,1.0,6.0,6.0,15.0,15.0,69.0,69.0,5.735e-11,7.303e-11,6.519e-11,25.0,1
665,2.0,2.0,2.0,1.0,2.0,6.0,1.0,1.0,6.0,6.0,15.0,15.0,71.0,71.0,5.741e-11,7.312e-11,6.526e-11,25.0,1
666,2.0,2.0,2.0,1.0,2.0,6.0,1.0,1.0,6.0,6.0,17.0,17.0,63.0,63.0,5.712e-11,7.262e-11,6.487e-11,25.0,1
667,2.0,2.0,2.0,1.0,2.0,6.0,1.0,1.0,6.0,6.0,17.0,17.0,65.0,65.0,5.714e-11,7.267e-11,6.49e-11,25.0,1
668,2.0,2.0,2.0,1.0,2.0,6.0,1.0,1.0,6.0,6.0,17.0,17.0,67.0,67.0,5.716e-11,7.272e-11,6.494e-11,25.0,1
669,2.0,2.0,2.0,1.0,2.0,6.0,1.0,1.0,6.0,6.0,17.0,17.0,69.0,69.0,5.719e-11,7.278e-11,6.499e-11,25.0,1
670,2.0,2.0,2.0,1.0,2.0,6.0,1.0,1.0,6.0,6.0,17.0,17.0,71.0,71.0,5.723e-11,7.284e-11,6.504e-11,25.0,1
671,2.0,2.0,2.0,1.0,2.0,6.0,1.0,1.0,6.0,6.0,19.0,19.0,63.0,63.0,5.712e-11,7.256e-11,6.484e-11,25.0,1
672,2.0,2.0,2.0,1.0,2.0,6.0,1.0,1.0,6.0,6.0,19.0,19.0,65.0,65.0,5.713e-11,7.259e-11,6.486e-11,25.0,1
673,2.0,2.0,2.0,1.0,2.0,6.0,1.0,1.0,6.0,6.0,19.0,19.0,67.0,67.0,5.714e-11,7.263e-11,6.489e-11,25.0,1
674,2.0,2.0,2.0,1.0,2.0,6.0,1.0,1.0,6.0,6.0,19.0,19.0,69.0,69.0,5.716e-11,7.268e-11,6.492e-11,25.0,1
675,2.0,2.0,2.0,1.0,2.0,6.0,1.0,1.0,6.0,6.0,19.0,19.0,71.0,71.0,5.719e-11,7.273e-11,6.496e-11,25.0,1
676,2.0,2.0,2.0,1.0,2.0,6.0,2.0,2.0,4.0,4.0,15.0,15.0,63.0,63.0,5.447e-11,6.981e-11,6.214e-11,25.0,1
677,2.0,2.0,2.0,1.0,2.0,6.0,2.0,2.0,4.0,4.0,15.0,15.0,65.0,65.0,5.452e-11,6.988e-11,6.22e-11,25.0,1
678,2.0,2.0,2.0,1.0,2.0,6.0,2.0,2.0,4.0,4.0,15.0,15.0,67.0,67.0,5.456e-11,6.996e-11,6.226e-11,25.0,1
679,2.0,2.0,2.0,1.0,2.0,6.0,2.0,2.0,4.0,4.0,15.0,15.0,69.0,69.0,5.462e-11,7.004e-11,6.233e-11,25.0,1
680,2.0,2.0,2.0,1.0,2.0,6.0,2.0,2.0,4.0,4.0,15.0,15.0,71.0,71.0,5.467e-11,7.013e-11,6.24e-11,25.0,1
681,2.0,2.0,2.0,1.0,2.0,6.0,2.0,2.0,4.0,4.0,17.0,17.0,63.0,63.0,5.455e-11,6.975e-11,6.215e-11,25.0,1
682,2.0,2.0,2.0,1.0,2.0,6.0,2.0,2.0,4.0,4.0,17.0,17.0,65.0,65.0,5.458e-11,6.981e-11,6.219e-11,25.0,1
683,2.0,2.0,2.0,1.0,2.0,6.0,2.0,2.0,4.0,4.0,17.0,17.0,67.0,67.0,5.46e-11,6.987e-11,6.224e-11,25.0,1
684,2.0,2.0,2.0,1.0,2.0,6.0,2.0,2.0,4.0,4.0,17.0,17.0,69.0,69.0,5.464e-11,6.993e-11,6.229e-11,25.0,1
685,2.0,2.0,2.0,1.0,2.0,6.0,2.0,2.0,4.0,4.0,17.0,17.0,71.0,71.0,5.468e-11,7e-11,6.234e-11,25.0,1
686,2.0,2.0,2.0,1.0,2.0,6.0,2.0,2.0,4.0,4.0,19.0,19.0,63.0,63.0,5.474e-11,6.983e-11,6.229e-11,25.0,1
687,2.0,2.0,2.0,1.0,2.0,6.0,2.0,2.0,4.0,4.0,19.0,19.0,65.0,65.0,5.475e-11,6.987e-11,6.231e-11,25.0,1
688,2.0,2.0,2.0,1.0,2.0,6.0,2.0,2.0,4.0,4.0,19.0,19.0,67.0,67.0,5.477e-11,6.992e-11,6.234e-11,25.0,1
689,2.0,2.0,2.0,1.0,2.0,6.0,2.0,2.0,4.0,4.0,19.0,19.0,69.0,69.0,5.48e-11,6.997e-11,6.239e-11,25.0,1
690,2.0,2.0,2.0,1.0,2.0,6.0,2.0,2.0,4.0,4.0,19.0,19.0,71.0,71.0,5.483e-11,7.002e-11,6.243e-11,25.0,1
691,2.0,2.0,2.0,1.0,2.0,6.0,2.0,2.0,5.0,5.0,15.0,15.0,63.0,63.0,5.409e-11,6.956e-11,6.183e-11,25.0,1
692,2.0,2.0,2.0,1.0,2.0,6.0,2.0,2.0,5.0,5.0,15.0,15.0,65.0,65.0,5.413e-11,6.963e-11,6.188e-11,25.0,1
693,2.0,2.0,2.0,1.0,2.0,6.0,2.0,2.0,5.0,5.0,15.0,15.0,67.0,67.0,5.417e-11,6.971e-11,6.194e-11,25.0,1
694,2.0,2.0,2.0,1.0,2.0,6.0,2.0,2.0,5.0,5.0,15.0,15.0,69.0,69.0,5.422e-11,6.978e-11,6.2e-11,25.0,1
695,2.0,2.0,2.0,1.0,2.0,6.0,2.0,2.0,5.0,5.0,15.0,15.0,71.0,71.0,5.428e-11,6.987e-11,6.207e-11,25.0,1
696,2.0,2.0,2.0,1.0,2.0,6.0,2.0,2.0,5.0,5.0,17.0,17.0,63.0,63.0,5.404e-11,6.94e-11,6.172e-11,25.0,1
697,2.0,2.0,2.0,1.0,2.0,6.0,2.0,2.0,5.0,5.0,17.0,17.0,65.0,65.0,5.406e-11,6.945e-11,6.176e-11,25.0,1
698,2.0,2.0,2.0,1.0,2.0,6.0,2.0,2.0,5.0,5.0,17.0,17.0,67.0,67.0,5.409e-11,6.951e-11,6.18e-11,25.0,1
699,2.0,2.0,2.0,1.0,2.0,6.0,2.0,2.0,5.0,5.0,17.0,17.0,69.0,69.0,5.412e-11,6.957e-11,6.185e-11,25.0,1
700,2.0,2.0,2.0,1.0,2.0,6.0,2.0,2.0,5.0,5.0,17.0,17.0,71.0,71.0,5.416e-11,6.963e-11,6.19e-11,25.0,1
701,2.0,2.0,2.0,1.0,2.0,6.0,2.0,2.0,5.0,5.0,19.0,19.0,63.0,63.0,5.41e-11,6.936e-11,6.173e-11,25.0,1
702,2.0,2.0,2.0,1.0,2.0,6.0,2.0,2.0,5.0,5.0,19.0,19.0,65.0,65.0,5.411e-11,6.94e-11,6.176e-11,25.0,1
703,2.0,2.0,2.0,1.0,2.0,6.0,2.0,2.0,5.0,5.0,19.0,19.0,67.0,67.0,5.413e-11,6.945e-11,6.179e-11,25.0,1
704,2.0,2.0,2.0,1.0,2.0,6.0,2.0,2.0,5.0,5.0,19.0,19.0,69.0,69.0,5.415e-11,6.949e-11,6.182e-11,25.0,1
705,2.0,2.0,2.0,1.0,2.0,6.0,2.0,2.0,5.0,5.0,19.0,19.0,71.0,71.0,5.418e-11,6.955e-11,6.186e-11,25.0,1
706,2.0,2.0,2.0,1.0,2.0,6.0,2.0,2.0,6.0,6.0,15.0,15.0,63.0,63.0,5.405e-11,6.96e-11,6.183e-11,25.0,1
707,2.0,2.0,2.0,1.0,2.0,6.0,2.0,2.0,6.0,6.0,15.0,15.0,65.0,65.0,5.408e-11,6.967e-11,6.188e-11,25.0,1
708,2.0,2.0,2.0,1.0,2.0,6.0,2.0,2.0,6.0,6.0,15.0,15.0,67.0,67.0,5.413e-11,6.974e-11,6.193e-11,25.0,1
709,2.0,2.0,2.0,1.0,2.0,6.0,2.0,2.0,6.0,6.0,15.0,15.0,69.0,69.0,5.417e-11,6.982e-11,6.2e-11,25.0,1
710,2.0,2.0,2.0,1.0,2.0,6.0,2.0,2.0,6.0,6.0,15.0,15.0,71.0,71.0,5.423e-11,6.991e-11,6.207e-11,25.0,1
711,2.0,2.0,2.0,1.0,2.0,6.0,2.0,2.0,6.0,6.0,17.0,17.0,63.0,63.0,5.391e-11,6.936e-11,6.164e-11,25.0,1
712,2.0,2.0,2.0,1.0,2.0,6.0,2.0,2.0,6.0,6.0,17.0,17.0,65.0,65.0,5.393e-11,6.942e-11,6.167e-11,25.0,1
713,2.0,2.0,2.0,1.0,2.0,6.0,2.0,2.0,6.0,6.0,17.0,17.0,67.0,67.0,5.396e-11,6.947e-11,6.171e-11,25.0,1
714,2.0,2.0,2.0,1.0,2.0,6.0,2.0,2.0,6.0,6.0,17.0,17.0,69.0,69.0,5.399e-11,6.953e-11,6.176e-11,25.0,1
715,2.0,2.0,2.0,1.0,2.0,6.0,2.0,2.0,6.0,6.0,17.0,17.0,71.0,71.0,5.403e-11,6.96e-11,6.181e-11,25.0,1
716,2.0,2.0,2.0,1.0,2.0,6.0,2.0,2.0,6.0,6.0,19.0,19.0,63.0,63.0,5.39e-11,6.926e-11,6.158e-11,25.0,1
717,2.0,2.0,2.0,1.0,2.0,6.0,2.0,2.0,6.0,6.0,19.0,19.0,65.0,65.0,5.39e-11,6.93e-11,6.16e-11,25.0,1
718,2.0,2.0,2.0,1.0,2.0,6.0,2.0,2.0,6.0,6.0,19.0,19.0,67.0,67.0,5.391e-11,6.934e-11,6.163e-11,25.0,1
719,2.0,2.0,2.0,1.0,2.0,6.0,2.0,2.0,6.0,6.0,19.0,19.0,69.0,69.0,5.393e-11,6.939e-11,6.166e-11,25.0,1
720,2.0,2.0,2.0,1.0,2.0,6.0,2.0,2.0,6.0,6.0,19.0,19.0,71.0,71.0,5.396e-11,6.944e-11,6.17e-11,25.0,1
721,2.0,2.0,3.0,2.0,1.0,3.0,1.0,1.0,4.0,4.0,15.0,15.0,63.0,63.0,4.969e-11,5.336e-11,5.152e-11,25.0,1
722,2.0,2.0,3.0,2.0,1.0,3.0,1.0,1.0,4.0,4.0,15.0,15.0,65.0,65.0,4.972e-11,5.343e-11,5.157e-11,25.0,1
723,2.0,2.0,3.0,2.0,1.0,3.0,1.0,1.0,4.0,4.0,15.0,15.0,67.0,67.0,4.977e-11,5.35e-11,5.164e-11,25.0,1
724,2.0,2.0,3.0,2.0,1.0,3.0,1.0,1.0,4.0,4.0,15.0,15.0,69.0,69.0,4.982e-11,5.358e-11,5.17e-11,25.0,1
725,2.0,2.0,3.0,2.0,1.0,3.0,1.0,1.0,4.0,4.0,15.0,15.0,71.0,71.0,4.988e-11,5.367e-11,5.177e-11,25.0,1
726,2.0,2.0,3.0,2.0,1.0,3.0,1.0,1.0,4.0,4.0,17.0,17.0,63.0,63.0,4.977e-11,5.334e-11,5.155e-11,25.0,1
727,2.0,2.0,3.0,2.0,1.0,3.0,1.0,1.0,4.0,4.0,17.0,17.0,65.0,65.0,4.98e-11,5.339e-11,5.159e-11,25.0,1
728,2.0,2.0,3.0,2.0,1.0,3.0,1.0,1.0,4.0,4.0,17.0,17.0,67.0,67.0,4.983e-11,5.345e-11,5.164e-11,25.0,1
729,2.0,2.0,3.0,2.0,1.0,3.0,1.0,1.0,4.0,4.0,17.0,17.0,69.0,69.0,4.986e-11,5.351e-11,5.169e-11,25.0,1
730,2.0,2.0,3.0,2.0,1.0,3.0,1.0,1.0,4.0,4.0,17.0,17.0,71.0,71.0,4.99e-11,5.357e-11,5.174e-11,25.0,1
731,2.0,2.0,3.0,2.0,1.0,3.0,1.0,1.0,4.0,4.0,19.0,19.0,63.0,63.0,4.998e-11,5.344e-11,5.171e-11,25.0,1
732,2.0,2.0,3.0,2.0,1.0,3.0,1.0,1.0,4.0,4.0,19.0,19.0,65.0,65.0,4.999e-11,5.349e-11,5.174e-11,25.0,1
733,2.0,2.0,3.0,2.0,1.0,3.0,1.0,1.0,4.0,4.0,19.0,19.0,67.0,67.0,5e-11,5.353e-11,5.177e-11,25.0,1
734,2.0,2.0,3.0,2.0,1.0,3.0,1.0,1.0,4.0,4.0,19.0,19.0,69.0,69.0,5.003e-11,5.358e-11,5.18e-11,25.0,1
735,2.0,2.0,3.0,2.0,1.0,3.0,1.0,1.0,4.0,4.0,19.0,19.0,71.0,71.0,5.006e-11,5.363e-11,5.185e-11,25.0,1
736,2.0,2.0,3.0,2.0,1.0,3.0,1.0,1.0,5.0,5.0,15.0,15.0,63.0,63.0,4.987e-11,5.375e-11,5.181e-11,25.0,1
737,2.0,2.0,3.0,2.0,1.0,3.0,1.0,1.0,5.0,5.0,15.0,15.0,65.0,65.0,4.991e-11,5.382e-11,5.186e-11,25.0,1
738,2.0,2.0,3.0,2.0,1.0,3.0,1.0,1.0,5.0,5.0,15.0,15.0,67.0,67.0,4.995e-11,5.389e-11,5.192e-11,25.0,1
739,2.0,2.0,3.0,2.0,1.0,3.0,1.0,1.0,5.0,5.0,15.0,15.0,69.0,69.0,5e-11,5.396e-11,5.198e-11,25.0,1
740,2.0,2.0,3.0,2.0,1.0,3.0,1.0,1.0,5.0,5.0,15.0,15.0,71.0,71.0,5.005e-11,5.405e-11,5.205e-11,25.0,1
741,2.0,2.0,3.0,2.0,1.0,3.0,1.0,1.0,5.0,5.0,17.0,17.0,63.0,63.0,4.984e-11,5.362e-11,5.173e-11,25.0,1
742,2.0,2.0,3.0,2.0,1.0,3.0,1.0,1.0,5.0,5.0,17.0,17.0,65.0,65.0,4.986e-11,5.367e-11,5.177e-11,25.0,1
743,2.0,2.0,3.0,2.0,1.0,3.0,1.0,1.0,5.0,5.0,17.0,17.0,67.0,67.0,4.989e-11,5.373e-11,5.181e-11,25.0,1
744,2.0,2.0,3.0,2.0,1.0,3.0,1.0,1.0,5.0,5.0,17.0,17.0,69.0,69.0,4.992e-11,5.379e-11,5.186e-11,25.0,1
745,2.0,2.0,3.0,2.0,1.0,3.0,1.0,1.0,5.0,5.0,17.0,17.0,71.0,71.0,4.996e-11,5.385e-11,5.191e-11,25.0,1
746,2.0,2.0,3.0,2.0,1.0,3.0,1.0,1.0,5.0,5.0,19.0,19.0,63.0,63.0,4.993e-11,5.362e-11,5.177e-11,25.0,1
747,2.0,2.0,3.0,2.0,1.0,3.0,1.0,1.0,5.0,5.0,19.0,19.0,65.0,65.0,4.994e-11,5.366e-11,5.18e-11,25.0,1
748,2.0,2.0,3.0,2.0,1.0,3.0,1.0,1.0,5.0,5.0,19.0,19.0,67.0,67.0,4.995e-11,5.371e-11,5.183e-11,25.0,1
749,2.0,2.0,3.0,2.0,1.0,3.0,1.0,1.0,5.0,5.0,19.0,19.0,69.0,69.0,4.998e-11,5.375e-11,5.186e-11,25.0,1
750,2.0,2.0,3.0,2.0,1.0,3.0,1.0,1.0,5.0,5.0,19.0,19.0,71.0,71.0,5e-11,5.381e-11,5.191e-11,25.0,1
751,2.0,2.0,3.0,2.0,1.0,3.0,1.0,1.0,6.0,6.0,15.0,15.0,63.0,63.0,5.038e-11,5.443e-11,5.24e-11,25.0,1
752,2.0,2.0,3.0,2.0,1.0,3.0,1.0,1.0,6.0,6.0,15.0,15.0,65.0,65.0,5.042e-11,5.45e-11,5.246e-11,25.0,1
753,2.0,2.0,3.0,2.0,1.0,3.0,1.0,1.0,6.0,6.0,15.0,15.0,67.0,67.0,5.045e-11,5.456e-11,5.251e-11,25.0,1
754,2.0,2.0,3.0,2.0,1.0,3.0,1.0,1.0,6.0,6.0,15.0,15.0,69.0,69.0,5.05e-11,5.465e-11,5.258e-11,25.0,1
755,2.0,2.0,3.0,2.0,1.0,3.0,1.0,1.0,6.0,6.0,15.0,15.0,71.0,71.0,5.055e-11,5.473e-11,5.264e-11,25.0,1
756,2.0,2.0,3.0,2.0,1.0,3.0,1.0,1.0,6.0,6.0,17.0,17.0,63.0,63.0,5.027e-11,5.423e-11,5.225e-11,25.0,1
757,2.0,2.0,3.0,2.0,1.0,3.0,1.0,1.0,6.0,6.0,17.0,17.0,65.0,65.0,5.029e-11,5.428e-11,5.229e-11,25.0,1
758,2.0,2.0,3.0,2.0,1.0,3.0,1.0,1.0,6.0,6.0,17.0,17.0,67.0,67.0,5.032e-11,5.433e-11,5.232e-11,25.0,1
759,2.0,2.0,3.0,2.0,1.0,3.0,1.0,1.0,6.0,6.0,17.0,17.0,69.0,69.0,5.035e-11,5.44e-11,5.237e-11,25.0,1
760,2.0,2.0,3.0,2.0,1.0,3.0,1.0,1.0,6.0,6.0,17.0,17.0,71.0,71.0,5.039e-11,5.446e-11,5.243e-11,25.0,1
761,2.0,2.0,3.0,2.0,1.0,3.0,1.0,1.0,6.0,6.0,19.0,19.0,63.0,63.0,5.028e-11,5.417e-11,5.222e-11,25.0,1
762,2.0,2.0,3.0,2.0,1.0,3.0,1.0,1.0,6.0,6.0,19.0,19.0,65.0,65.0,5.029e-11,5.421e-11,5.225e-11,25.0,1
763,2.0,2.0,3.0,2.0,1.0,3.0,1.0,1.0,6.0,6.0,19.0,19.0,67.0,67.0,5.03e-11,5.425e-11,5.227e-11,25.0,1
764,2.0,2.0,3.0,2.0,1.0,3.0,1.0,1.0,6.0,6.0,19.0,19.0,69.0,69.0,5.032e-11,5.429e-11,5.23e-11,25.0,1
765,2.0,2.0,3.0,2.0,1.0,3.0,1.0,1.0,6.0,6.0,19.0,19.0,71.0,71.0,5.034e-11,5.434e-11,5.234e-11,25.0,1
766,2.0,2.0,3.0,2.0,1.0,3.0,2.0,2.0,4.0,4.0,15.0,15.0,63.0,63.0,4.811e-11,5.18e-11,4.996e-11,25.0,1
767,2.0,2.0,3.0,2.0,1.0,3.0,2.0,2.0,4.0,4.0,15.0,15.0,65.0,65.0,4.815e-11,5.187e-11,5.001e-11,25.0,1
768,2.0,2.0,3.0,2.0,1.0,3.0,2.0,2.0,4.0,4.0,15.0,15.0,67.0,67.0,4.82e-11,5.194e-11,5.007e-11,25.0,1
769,2.0,2.0,3.0,2.0,1.0,3.0,2.0,2.0,4.0,4.0,15.0,15.0,69.0,69.0,4.825e-11,5.203e-11,5.014e-11,25.0,1
770,2.0,2.0,3.0,2.0,1.0,3.0,2.0,2.0,4.0,4.0,15.0,15.0,71.0,71.0,4.831e-11,5.211e-11,5.021e-11,25.0,1
771,2.0,2.0,3.0,2.0,1.0,3.0,2.0,2.0,4.0,4.0,17.0,17.0,63.0,63.0,4.819e-11,5.175e-11,4.997e-11,25.0,1
772,2.0,2.0,3.0,2.0,1.0,3.0,2.0,2.0,4.0,4.0,17.0,17.0,65.0,65.0,4.821e-11,5.18e-11,5.001e-11,25.0,1
773,2.0,2.0,3.0,2.0,1.0,3.0,2.0,2.0,4.0,4.0,17.0,17.0,67.0,67.0,4.825e-11,5.186e-11,5.005e-11,25.0,1
774,2.0,2.0,3.0,2.0,1.0,3.0,2.0,2.0,4.0,4.0,17.0,17.0,69.0,69.0,4.829e-11,5.192e-11,5.01e-11,25.0,1
775,2.0,2.0,3.0,2.0,1.0,3.0,2.0,2.0,4.0,4.0,17.0,17.0,71.0,71.0,4.832e-11,5.199e-11,5.016e-11,25.0,1
776,2.0,2.0,3.0,2.0,1.0,3.0,2.0,2.0,4.0,4.0,19.0,19.0,63.0,63.0,4.838e-11,5.182e-11,5.01e-11,25.0,1
777,2.0,2.0,3.0,2.0,1.0,3.0,2.0,2.0,4.0,4.0,19.0,19.0,65.0,65.0,4.839e-11,5.186e-11,5.013e-11,25.0,1
778,2.0,2.0,3.0,2.0,1.0,3.0,2.0,2.0,4.0,4.0,19.0,19.0,67.0,67.0,4.841e-11,5.191e-11,5.016e-11,25.0,1
779,2.0,2.0,3.0,2.0,1.0,3.0,2.0,2.0,4.0,4.0,19.0,19.0,69.0,69.0,4.843e-11,5.196e-11,5.02e-11,25.0,1
780,2.0,2.0,3.0,2.0,1.0,3.0,2.0,2.0,4.0,4.0,19.0,19.0,71.0,71.0,4.846e-11,5.201e-11,5.024e-11,25.0,1
781,2.0,2.0,3.0,2.0,1.0,3.0,2.0,2.0,5.0,5.0,15.0,15.0,63.0,63.0,4.774e-11,5.157e-11,4.965e-11,25.0,1
782,2.0,2.0,3.0,2.0,1.0,3.0,2.0,2.0,5.0,5.0,15.0,15.0,65.0,65.0,4.777e-11,5.164e-11,4.97e-11,25.0,1
783,2.0,2.0,3.0,2.0,1.0,3.0,2.0,2.0,5.0,5.0,15.0,15.0,67.0,67.0,4.782e-11,5.171e-11,4.977e-11,25.0,1
784,2.0,2.0,3.0,2.0,1.0,3.0,2.0,2.0,5.0,5.0,15.0,15.0,69.0,69.0,4.788e-11,5.179e-11,4.983e-11,25.0,1
785,2.0,2.0,3.0,2.0,1.0,3.0,2.0,2.0,5.0,5.0,15.0,15.0,71.0,71.0,4.793e-11,5.187e-11,4.99e-11,25.0,1
786,2.0,2.0,3.0,2.0,1.0,3.0,2.0,2.0,5.0,5.0,17.0,17.0,63.0,63.0,4.768e-11,5.14e-11,4.954e-11,25.0,1
787,2.0,2.0,3.0,2.0,1.0,3.0,2.0,2.0,5.0,5.0,17.0,17.0,65.0,65.0,4.771e-11,5.145e-11,4.958e-11,25.0,1
788,2.0,2.0,3.0,2.0,1.0,3.0,2.0,2.0,5.0,5.0,17.0,17.0,67.0,67.0,4.774e-11,5.151e-11,4.962e-11,25.0,1
789,2.0,2.0,3.0,2.0,1.0,3.0,2.0,2.0,5.0,5.0,17.0,17.0,69.0,69.0,4.778e-11,5.157e-11,4.967e-11,25.0,1
790,2.0,2.0,3.0,2.0,1.0,3.0,2.0,2.0,5.0,5.0,17.0,17.0,71.0,71.0,4.781e-11,5.164e-11,4.973e-11,25.0,1
791,2.0,2.0,3.0,2.0,1.0,3.0,2.0,2.0,5.0,5.0,19.0,19.0,63.0,63.0,4.775e-11,5.137e-11,4.956e-11,25.0,1
792,2.0,2.0,3.0,2.0,1.0,3.0,2.0,2.0,5.0,5.0,19.0,19.0,65.0,65.0,4.777e-11,5.141e-11,4.959e-11,25.0,1
793,2.0,2.0,3.0,2.0,1.0,3.0,2.0,2.0,5.0,5.0,19.0,19.0,67.0,67.0,4.778e-11,5.145e-11,4.962e-11,25.0,1
794,2.0,2.0,3.0,2.0,1.0,3.0,2.0,2.0,5.0,5.0,19.0,19.0,69.0,69.0,4.78e-11,5.15e-11,4.965e-11,25.0,1
795,2.0,2.0,3.0,2.0,1.0,3.0,2.0,2.0,5.0,5.0,19.0,19.0,71.0,71.0,4.783e-11,5.155e-11,4.969e-11,25.0,1
796,2.0,2.0,3.0,2.0,1.0,3.0,2.0,2.0,6.0,6.0,15.0,15.0,63.0,63.0,4.771e-11,5.162e-11,4.966e-11,25.0,1
797,2.0,2.0,3.0,2.0,1.0,3.0,2.0,2.0,6.0,6.0,15.0,15.0,65.0,65.0,4.774e-11,5.169e-11,4.972e-11,25.0,1
798,2.0,2.0,3.0,2.0,1.0,3.0,2.0,2.0,6.0,6.0,15.0,15.0,67.0,67.0,4.778e-11,5.176e-11,4.977e-11,25.0,1
799,2.0,2.0,3.0,2.0,1.0,3.0,2.0,2.0,6.0,6.0,15.0,15.0,69.0,69.0,4.783e-11,5.184e-11,4.984e-11,25.0,1
800,2.0,2.0,3.0,2.0,1.0,3.0,2.0,2.0,6.0,6.0,15.0,15.0,71.0,71.0,4.789e-11,5.192e-11,4.99e-11,25.0,1
801,2.0,2.0,3.0,2.0,1.0,3.0,2.0,2.0,6.0,6.0,17.0,17.0,63.0,63.0,4.757e-11,5.138e-11,4.948e-11,25.0,1
802,2.0,2.0,3.0,2.0,1.0,3.0,2.0,2.0,6.0,6.0,17.0,17.0,65.0,65.0,4.759e-11,5.144e-11,4.952e-11,25.0,1
803,2.0,2.0,3.0,2.0,1.0,3.0,2.0,2.0,6.0,6.0,17.0,17.0,67.0,67.0,4.762e-11,5.15e-11,4.956e-11,25.0,1
804,2.0,2.0,3.0,2.0,1.0,3.0,2.0,2.0,6.0,6.0,17.0,17.0,69.0,69.0,4.765e-11,5.155e-11,4.96e-11,25.0,1
805,2.0,2.0,3.0,2.0,1.0,3.0,2.0,2.0,6.0,6.0,17.0,17.0,71.0,71.0,4.769e-11,5.161e-11,4.965e-11,25.0,1
806,2.0,2.0,3.0,2.0,1.0,3.0,2.0,2.0,6.0,6.0,19.0,19.0,63.0,63.0,4.755e-11,5.128e-11,4.942e-11,25.0,1
807,2.0,2.0,3.0,2.0,1.0,3.0,2.0,2.0,6.0,6.0,19.0,19.0,65.0,65.0,4.756e-11,5.132e-11,4.944e-11,25.0,1
808,2.0,2.0,3.0,2.0,1.0,3.0,2.0,2.0,6.0,6.0,19.0,19.0,67.0,67.0,4.757e-11,5.136e-11,4.947e-11,25.0,1
809,2.0,2.0,3.0,2.0,1.0,3.0,2.0,2.0,6.0,6.0,19.0,19.0,69.0,69.0,4.76e-11,5.141e-11,4.95e-11,25.0,1
810,2.0,2.0,3.0,2.0,1.0,3.0,2.0,2.0,6.0,6.0,19.0,19.0,71.0,71.0,4.762e-11,5.147e-11,4.954e-11,25.0,1
811,2.0,2.0,3.0,2.0,2.0,6.0,1.0,1.0,4.0,4.0,15.0,15.0,63.0,63.0,5.453e-11,6.006e-11,5.73e-11,25.0,1
812,2.0,2.0,3.0,2.0,2.0,6.0,1.0,1.0,4.0,4.0,15.0,15.0,65.0,65.0,5.457e-11,6.012e-11,5.735e-11,25.0,1
813,2.0,2.0,3.0,2.0,2.0,6.0,1.0,1.0,4.0,4.0,15.0,15.0,67.0,67.0,5.462e-11,6.02e-11,5.741e-11,25.0,1
814,2.0,2.0,3.0,2.0,2.0,6.0,1.0,1.0,4.0,4.0,15.0,15.0,69.0,69.0,5.467e-11,6.028e-11,5.748e-11,25.0,1
815,2.0,2.0,3.0,2.0,2.0,6.0,1.0,1.0,4.0,4.0,15.0,15.0,71.0,71.0,5.473e-11,6.037e-11,5.755e-11,25.0,1
816,2.0,2.0,3.0,2.0,2.0,6.0,1.0,1.0,4.0,4.0,17.0,17.0,63.0,63.0,5.463e-11,6.003e-11,5.733e-11,25.0,1
817,2.0,2.0,3.0,2.0,2.0,6.0,1.0,1.0,4.0,4.0,17.0,17.0,65.0,65.0,5.465e-11,6.009e-11,5.737e-11,25.0,1
818,2.0,2.0,3.0,2.0,2.0,6.0,1.0,1.0,4.0,4.0,17.0,17.0,67.0,67.0,5.468e-11,6.014e-11,5.741e-11,25.0,1
819,2.0,2.0,3.0,2.0,2.0,6.0,1.0,1.0,4.0,4.0,17.0,17.0,69.0,69.0,5.472e-11,6.02e-11,5.746e-11,25.0,1
820,2.0,2.0,3.0,2.0,2.0,6.0,1.0,1.0,4.0,4.0,17.0,17.0,71.0,71.0,5.476e-11,6.027e-11,5.752e-11,25.0,1
821,2.0,2.0,3.0,2.0,2.0,6.0,1.0,1.0,4.0,4.0,19.0,19.0,63.0,63.0,5.482e-11,6.014e-11,5.748e-11,25.0,1
822,2.0,2.0,3.0,2.0,2.0,6.0,1.0,1.0,4.0,4.0,19.0,19.0,65.0,65.0,5.484e-11,6.018e-11,5.751e-11,25.0,1
823,2.0,2.0,3.0,2.0,2.0,6.0,1.0,1.0,4.0,4.0,19.0,19.0,67.0,67.0,5.486e-11,6.022e-11,5.754e-11,25.0,1
824,2.0,2.0,3.0,2.0,2.0,6.0,1.0,1.0,4.0,4.0,19.0,19.0,69.0,69.0,5.488e-11,6.027e-11,5.758e-11,25.0,1
825,2.0,2.0,3.0,2.0,2.0,6.0,1.0,1.0,4.0,4.0,19.0,19.0,71.0,71.0,5.492e-11,6.033e-11,5.762e-11,25.0,1
826,2.0,2.0,3.0,2.0,2.0,6.0,1.0,1.0,5.0,5.0,15.0,15.0,63.0,63.0,5.471e-11,6.044e-11,5.757e-11,25.0,1
827,2.0,2.0,3.0,2.0,2.0,6.0,1.0,1.0,5.0,5.0,15.0,15.0,65.0,65.0,5.475e-11,6.051e-11,5.763e-11,25.0,1
828,2.0,2.0,3.0,2.0,2.0,6.0,1.0,1.0,5.0,5.0,15.0,15.0,67.0,67.0,5.479e-11,6.058e-11,5.768e-11,25.0,1
829,2.0,2.0,3.0,2.0,2.0,6.0,1.0,1.0,5.0,5.0,15.0,15.0,69.0,69.0,5.484e-11,6.066e-11,5.775e-11,25.0,1
830,2.0,2.0,3.0,2.0,2.0,6.0,1.0,1.0,5.0,5.0,15.0,15.0,71.0,71.0,5.489e-11,6.075e-11,5.782e-11,25.0,1
831,2.0,2.0,3.0,2.0,2.0,6.0,1.0,1.0,5.0,5.0,17.0,17.0,63.0,63.0,5.468e-11,6.031e-11,5.75e-11,25.0,1
832,2.0,2.0,3.0,2.0,2.0,6.0,1.0,1.0,5.0,5.0,17.0,17.0,65.0,65.0,5.47e-11,6.037e-11,5.754e-11,25.0,1
833,2.0,2.0,3.0,2.0,2.0,6.0,1.0,1.0,5.0,5.0,17.0,17.0,67.0,67.0,5.473e-11,6.042e-11,5.757e-11,25.0,1
834,2.0,2.0,3.0,2.0,2.0,6.0,1.0,1.0,5.0,5.0,17.0,17.0,69.0,69.0,5.477e-11,6.048e-11,5.763e-11,25.0,1
835,2.0,2.0,3.0,2.0,2.0,6.0,1.0,1.0,5.0,5.0,17.0,17.0,71.0,71.0,5.481e-11,6.055e-11,5.768e-11,25.0,1
836,2.0,2.0,3.0,2.0,2.0,6.0,1.0,1.0,5.0,5.0,19.0,19.0,63.0,63.0,5.477e-11,6.032e-11,5.754e-11,25.0,1
837,2.0,2.0,3.0,2.0,2.0,6.0,1.0,1.0,5.0,5.0,19.0,19.0,65.0,65.0,5.477e-11,6.036e-11,5.757e-11,25.0,1
838,2.0,2.0,3.0,2.0,2.0,6.0,1.0,1.0,5.0,5.0,19.0,19.0,67.0,67.0,5.479e-11,6.04e-11,5.759e-11,25.0,1
839,2.0,2.0,3.0,2.0,2.0,6.0,1.0,1.0,5.0,5.0,19.0,19.0,69.0,69.0,5.481e-11,6.045e-11,5.763e-11,25.0,1
