index,sn_xinvpa0,sp_xinvpa0,sn_nand2,sp_nand2,sn_nor3,sp_nor3,sn_buffer_0,sp_buffer_0,sn_buffer_1,sp_buffer_1,sn_buffer_2,sp_buffer_2,tplh,tphl,tp,temper,alter#
1,1.0,1.0,2.0,1.0,1.0,3.0,1.0,1.0,9.0,9.0,49.0,49.0,6.231e-11,5.199e-11,5.715e-11,25.0,1
2,1.0,1.0,2.0,1.0,1.0,3.0,1.0,1.0,9.0,9.0,51.0,51.0,6.238e-11,5.212e-11,5.725e-11,25.0,1
3,1.0,1.0,2.0,1.0,1.0,3.0,1.0,1.0,9.0,9.0,53.0,53.0,6.248e-11,5.225e-11,5.737e-11,25.0,1
4,1.0,1.0,2.0,1.0,1.0,3.0,1.0,1.0,9.0,9.0,55.0,55.0,6.258e-11,5.241e-11,5.749e-11,25.0,1
5,1.0,1.0,2.0,1.0,1.0,3.0,1.0,1.0,9.0,9.0,57.0,57.0,6.27e-11,5.257e-11,5.763e-11,25.0,1
6,1.0,1.0,2.0,1.0,1.0,3.0,1.0,1.0,11.0,11.0,49.0,49.0,6.373e-11,5.306e-11,5.839e-11,25.0,1
7,1.0,1.0,2.0,1.0,1.0,3.0,1.0,1.0,11.0,11.0,51.0,51.0,6.377e-11,5.314e-11,5.846e-11,25.0,1
8,1.0,1.0,2.0,1.0,1.0,3.0,1.0,1.0,11.0,11.0,53.0,53.0,6.382e-11,5.325e-11,5.854e-11,25.0,1
9,1.0,1.0,2.0,1.0,1.0,3.0,1.0,1.0,11.0,11.0,55.0,55.0,6.389e-11,5.335e-11,5.862e-11,25.0,1
10,1.0,1.0,2.0,1.0,1.0,3.0,1.0,1.0,11.0,11.0,57.0,57.0,6.397e-11,5.347e-11,5.872e-11,25.0,1
11,1.0,1.0,2.0,1.0,1.0,3.0,1.0,1.0,13.0,13.0,49.0,49.0,6.553e-11,5.451e-11,6.002e-11,25.0,1
12,1.0,1.0,2.0,1.0,1.0,3.0,1.0,1.0,13.0,13.0,51.0,51.0,6.553e-11,5.458e-11,6.006e-11,25.0,1
13,1.0,1.0,2.0,1.0,1.0,3.0,1.0,1.0,13.0,13.0,53.0,53.0,6.556e-11,5.464e-11,6.01e-11,25.0,1
14,1.0,1.0,2.0,1.0,1.0,3.0,1.0,1.0,13.0,13.0,55.0,55.0,6.56e-11,5.472e-11,6.016e-11,25.0,1
15,1.0,1.0,2.0,1.0,1.0,3.0,1.0,1.0,13.0,13.0,57.0,57.0,6.565e-11,5.481e-11,6.023e-11,25.0,1
16,1.0,1.0,2.0,1.0,1.0,3.0,2.0,2.0,9.0,9.0,49.0,49.0,5.736e-11,4.748e-11,5.242e-11,25.0,1
17,1.0,1.0,2.0,1.0,1.0,3.0,2.0,2.0,9.0,9.0,51.0,51.0,5.742e-11,4.759e-11,5.251e-11,25.0,1
18,1.0,1.0,2.0,1.0,1.0,3.0,2.0,2.0,9.0,9.0,53.0,53.0,5.749e-11,4.772e-11,5.261e-11,25.0,1
19,1.0,1.0,2.0,1.0,1.0,3.0,2.0,2.0,9.0,9.0,55.0,55.0,5.758e-11,4.786e-11,5.272e-11,25.0,1
20,1.0,1.0,2.0,1.0,1.0,3.0,2.0,2.0,9.0,9.0,57.0,57.0,5.768e-11,4.801e-11,5.285e-11,25.0,1
21,1.0,1.0,2.0,1.0,1.0,3.0,2.0,2.0,11.0,11.0,49.0,49.0,5.749e-11,4.742e-11,5.245e-11,25.0,1
22,1.0,1.0,2.0,1.0,1.0,3.0,2.0,2.0,11.0,11.0,51.0,51.0,5.751e-11,4.749e-11,5.25e-11,25.0,1
23,1.0,1.0,2.0,1.0,1.0,3.0,2.0,2.0,11.0,11.0,53.0,53.0,5.755e-11,4.758e-11,5.256e-11,25.0,1
24,1.0,1.0,2.0,1.0,1.0,3.0,2.0,2.0,11.0,11.0,55.0,55.0,5.759e-11,4.767e-11,5.263e-11,25.0,1
25,1.0,1.0,2.0,1.0,1.0,3.0,2.0,2.0,11.0,11.0,57.0,57.0,5.766e-11,4.778e-11,5.272e-11,25.0,1
26,1.0,1.0,2.0,1.0,1.0,3.0,2.0,2.0,13.0,13.0,49.0,49.0,5.796e-11,4.773e-11,5.285e-11,25.0,1
27,1.0,1.0,2.0,1.0,1.0,3.0,2.0,2.0,13.0,13.0,51.0,51.0,5.796e-11,4.778e-11,5.287e-11,25.0,1
28,1.0,1.0,2.0,1.0,1.0,3.0,2.0,2.0,13.0,13.0,53.0,53.0,5.796e-11,4.783e-11,5.29e-11,25.0,1
29,1.0,1.0,2.0,1.0,1.0,3.0,2.0,2.0,13.0,13.0,55.0,55.0,5.799e-11,4.79e-11,5.295e-11,25.0,1
30,1.0,1.0,2.0,1.0,1.0,3.0,2.0,2.0,13.0,13.0,57.0,57.0,5.803e-11,4.797e-11,5.3e-11,25.0,1
31,1.0,1.0,2.0,1.0,1.0,3.0,3.0,3.0,9.0,9.0,49.0,49.0,5.665e-11,4.665e-11,5.165e-11,25.0,1
32,1.0,1.0,2.0,1.0,1.0,3.0,3.0,3.0,9.0,9.0,51.0,51.0,5.671e-11,4.677e-11,5.174e-11,25.0,1
33,1.0,1.0,2.0,1.0,1.0,3.0,3.0,3.0,9.0,9.0,53.0,53.0,5.677e-11,4.69e-11,5.183e-11,25.0,1
34,1.0,1.0,2.0,1.0,1.0,3.0,3.0,3.0,9.0,9.0,55.0,55.0,5.685e-11,4.702e-11,5.194e-11,25.0,1
35,1.0,1.0,2.0,1.0,1.0,3.0,3.0,3.0,9.0,9.0,57.0,57.0,5.695e-11,4.717e-11,5.206e-11,25.0,1
36,1.0,1.0,2.0,1.0,1.0,3.0,3.0,3.0,11.0,11.0,49.0,49.0,5.638e-11,4.623e-11,5.13e-11,25.0,1
37,1.0,1.0,2.0,1.0,1.0,3.0,3.0,3.0,11.0,11.0,51.0,51.0,5.638e-11,4.63e-11,5.134e-11,25.0,1
38,1.0,1.0,2.0,1.0,1.0,3.0,3.0,3.0,11.0,11.0,53.0,53.0,5.64e-11,4.638e-11,5.139e-11,25.0,1
39,1.0,1.0,2.0,1.0,1.0,3.0,3.0,3.0,11.0,11.0,55.0,55.0,5.645e-11,4.647e-11,5.146e-11,25.0,1
40,1.0,1.0,2.0,1.0,1.0,3.0,3.0,3.0,11.0,11.0,57.0,57.0,5.65e-11,4.657e-11,5.153e-11,25.0,1
41,1.0,1.0,2.0,1.0,1.0,3.0,3.0,3.0,13.0,13.0,49.0,49.0,5.644e-11,4.618e-11,5.131e-11,25.0,1
42,1.0,1.0,2.0,1.0,1.0,3.0,3.0,3.0,13.0,13.0,51.0,51.0,5.641e-11,4.622e-11,5.132e-11,25.0,1
43,1.0,1.0,2.0,1.0,1.0,3.0,3.0,3.0,13.0,13.0,53.0,53.0,5.641e-11,4.627e-11,5.134e-11,25.0,1
44,1.0,1.0,2.0,1.0,1.0,3.0,3.0,3.0,13.0,13.0,55.0,55.0,5.642e-11,4.633e-11,5.138e-11,25.0,1
45,1.0,1.0,2.0,1.0,1.0,3.0,3.0,3.0,13.0,13.0,57.0,57.0,5.645e-11,4.64e-11,5.142e-11,25.0,1
46,1.0,1.0,2.0,1.0,2.0,6.0,1.0,1.0,9.0,9.0,49.0,49.0,7.617e-11,5.952e-11,6.784e-11,25.0,1
47,1.0,1.0,2.0,1.0,2.0,6.0,1.0,1.0,9.0,9.0,51.0,51.0,7.623e-11,5.965e-11,6.794e-11,25.0,1
48,1.0,1.0,2.0,1.0,2.0,6.0,1.0,1.0,9.0,9.0,53.0,53.0,7.634e-11,5.979e-11,6.807e-11,25.0,1
49,1.0,1.0,2.0,1.0,2.0,6.0,1.0,1.0,9.0,9.0,55.0,55.0,7.644e-11,5.995e-11,6.82e-11,25.0,1
50,1.0,1.0,2.0,1.0,2.0,6.0,1.0,1.0,9.0,9.0,57.0,57.0,7.656e-11,6.01e-11,6.833e-11,25.0,1
51,1.0,1.0,2.0,1.0,2.0,6.0,1.0,1.0,11.0,11.0,49.0,49.0,7.759e-11,6.063e-11,6.911e-11,25.0,1
52,1.0,1.0,2.0,1.0,2.0,6.0,1.0,1.0,11.0,11.0,51.0,51.0,7.763e-11,6.072e-11,6.918e-11,25.0,1
53,1.0,1.0,2.0,1.0,2.0,6.0,1.0,1.0,11.0,11.0,53.0,53.0,7.769e-11,6.082e-11,6.925e-11,25.0,1
54,1.0,1.0,2.0,1.0,2.0,6.0,1.0,1.0,11.0,11.0,55.0,55.0,7.775e-11,6.093e-11,6.934e-11,25.0,1
55,1.0,1.0,2.0,1.0,2.0,6.0,1.0,1.0,11.0,11.0,57.0,57.0,7.784e-11,6.105e-11,6.944e-11,25.0,1
56,1.0,1.0,2.0,1.0,2.0,6.0,1.0,1.0,13.0,13.0,49.0,49.0,7.939e-11,6.21e-11,7.075e-11,25.0,1
57,1.0,1.0,2.0,1.0,2.0,6.0,1.0,1.0,13.0,13.0,51.0,51.0,7.94e-11,6.216e-11,7.078e-11,25.0,1
58,1.0,1.0,2.0,1.0,2.0,6.0,1.0,1.0,13.0,13.0,53.0,53.0,7.943e-11,6.223e-11,7.083e-11,25.0,1
59,1.0,1.0,2.0,1.0,2.0,6.0,1.0,1.0,13.0,13.0,55.0,55.0,7.947e-11,6.231e-11,7.089e-11,25.0,1
60,1.0,1.0,2.0,1.0,2.0,6.0,1.0,1.0,13.0,13.0,57.0,57.0,7.952e-11,6.24e-11,7.096e-11,25.0,1
61,1.0,1.0,2.0,1.0,2.0,6.0,2.0,2.0,9.0,9.0,49.0,49.0,7.058e-11,5.435e-11,6.246e-11,25.0,1
62,1.0,1.0,2.0,1.0,2.0,6.0,2.0,2.0,9.0,9.0,51.0,51.0,7.062e-11,5.446e-11,6.254e-11,25.0,1
63,1.0,1.0,2.0,1.0,2.0,6.0,2.0,2.0,9.0,9.0,53.0,53.0,7.071e-11,5.459e-11,6.265e-11,25.0,1
64,1.0,1.0,2.0,1.0,2.0,6.0,2.0,2.0,9.0,9.0,55.0,55.0,7.079e-11,5.474e-11,6.276e-11,25.0,1
65,1.0,1.0,2.0,1.0,2.0,6.0,2.0,2.0,9.0,9.0,57.0,57.0,7.089e-11,5.488e-11,6.289e-11,25.0,1
66,1.0,1.0,2.0,1.0,2.0,6.0,2.0,2.0,11.0,11.0,49.0,49.0,7.069e-11,5.431e-11,6.25e-11,25.0,1
67,1.0,1.0,2.0,1.0,2.0,6.0,2.0,2.0,11.0,11.0,51.0,51.0,7.071e-11,5.438e-11,6.255e-11,25.0,1
68,1.0,1.0,2.0,1.0,2.0,6.0,2.0,2.0,11.0,11.0,53.0,53.0,7.075e-11,5.446e-11,6.26e-11,25.0,1
69,1.0,1.0,2.0,1.0,2.0,6.0,2.0,2.0,11.0,11.0,55.0,55.0,7.08e-11,5.456e-11,6.268e-11,25.0,1
70,1.0,1.0,2.0,1.0,2.0,6.0,2.0,2.0,11.0,11.0,57.0,57.0,7.086e-11,5.466e-11,6.276e-11,25.0,1
71,1.0,1.0,2.0,1.0,2.0,6.0,2.0,2.0,13.0,13.0,49.0,49.0,7.116e-11,5.463e-11,6.29e-11,25.0,1
72,1.0,1.0,2.0,1.0,2.0,6.0,2.0,2.0,13.0,13.0,51.0,51.0,7.115e-11,5.468e-11,6.292e-11,25.0,1
73,1.0,1.0,2.0,1.0,2.0,6.0,2.0,2.0,13.0,13.0,53.0,53.0,7.116e-11,5.473e-11,6.295e-11,25.0,1
74,1.0,1.0,2.0,1.0,2.0,6.0,2.0,2.0,13.0,13.0,55.0,55.0,7.118e-11,5.48e-11,6.299e-11,25.0,1
75,1.0,1.0,2.0,1.0,2.0,6.0,2.0,2.0,13.0,13.0,57.0,57.0,7.122e-11,5.487e-11,6.305e-11,25.0,1
76,1.0,1.0,2.0,1.0,2.0,6.0,3.0,3.0,9.0,9.0,49.0,49.0,6.932e-11,5.307e-11,6.119e-11,25.0,1
77,1.0,1.0,2.0,1.0,2.0,6.0,3.0,3.0,9.0,9.0,51.0,51.0,6.936e-11,5.318e-11,6.127e-11,25.0,1
78,1.0,1.0,2.0,1.0,2.0,6.0,3.0,3.0,9.0,9.0,53.0,53.0,6.943e-11,5.331e-11,6.137e-11,25.0,1
79,1.0,1.0,2.0,1.0,2.0,6.0,3.0,3.0,9.0,9.0,55.0,55.0,6.951e-11,5.344e-11,6.148e-11,25.0,1
80,1.0,1.0,2.0,1.0,2.0,6.0,3.0,3.0,9.0,9.0,57.0,57.0,6.96e-11,5.359e-11,6.16e-11,25.0,1
81,1.0,1.0,2.0,1.0,2.0,6.0,3.0,3.0,11.0,11.0,49.0,49.0,6.9e-11,5.263e-11,6.082e-11,25.0,1
82,1.0,1.0,2.0,1.0,2.0,6.0,3.0,3.0,11.0,11.0,51.0,51.0,6.901e-11,5.27e-11,6.085e-11,25.0,1
83,1.0,1.0,2.0,1.0,2.0,6.0,3.0,3.0,11.0,11.0,53.0,53.0,6.904e-11,5.278e-11,6.091e-11,25.0,1
84,1.0,1.0,2.0,1.0,2.0,6.0,3.0,3.0,11.0,11.0,55.0,55.0,6.908e-11,5.287e-11,6.097e-11,25.0,1
85,1.0,1.0,2.0,1.0,2.0,6.0,3.0,3.0,11.0,11.0,57.0,57.0,6.913e-11,5.297e-11,6.105e-11,25.0,1
86,1.0,1.0,2.0,1.0,2.0,6.0,3.0,3.0,13.0,13.0,49.0,49.0,6.905e-11,5.258e-11,6.081e-11,25.0,1
87,1.0,1.0,2.0,1.0,2.0,6.0,3.0,3.0,13.0,13.0,51.0,51.0,6.902e-11,5.261e-11,6.082e-11,25.0,1
88,1.0,1.0,2.0,1.0,2.0,6.0,3.0,3.0,13.0,13.0,53.0,53.0,6.903e-11,5.266e-11,6.084e-11,25.0,1
89,1.0,1.0,2.0,1.0,2.0,6.0,3.0,3.0,13.0,13.0,55.0,55.0,6.904e-11,5.272e-11,6.088e-11,25.0,1
90,1.0,1.0,2.0,1.0,2.0,6.0,3.0,3.0,13.0,13.0,57.0,57.0,6.907e-11,5.279e-11,6.093e-11,25.0,1
91,1.0,1.0,3.0,2.0,1.0,3.0,1.0,1.0,9.0,9.0,49.0,49.0,5.778e-11,5.262e-11,5.52e-11,25.0,1
92,1.0,1.0,3.0,2.0,1.0,3.0,1.0,1.0,9.0,9.0,51.0,51.0,5.786e-11,5.275e-11,5.53e-11,25.0,1
93,1.0,1.0,3.0,2.0,1.0,3.0,1.0,1.0,9.0,9.0,53.0,53.0,5.795e-11,5.289e-11,5.542e-11,25.0,1
94,1.0,1.0,3.0,2.0,1.0,3.0,1.0,1.0,9.0,9.0,55.0,55.0,5.806e-11,5.305e-11,5.555e-11,25.0,1
95,1.0,1.0,3.0,2.0,1.0,3.0,1.0,1.0,9.0,9.0,57.0,57.0,5.818e-11,5.32e-11,5.569e-11,25.0,1
96,1.0,1.0,3.0,2.0,1.0,3.0,1.0,1.0,11.0,11.0,49.0,49.0,5.92e-11,5.369e-11,5.644e-11,25.0,1
97,1.0,1.0,3.0,2.0,1.0,3.0,1.0,1.0,11.0,11.0,51.0,51.0,5.925e-11,5.378e-11,5.651e-11,25.0,1
98,1.0,1.0,3.0,2.0,1.0,3.0,1.0,1.0,11.0,11.0,53.0,53.0,5.929e-11,5.389e-11,5.659e-11,25.0,1
99,1.0,1.0,3.0,2.0,1.0,3.0,1.0,1.0,11.0,11.0,55.0,55.0,5.937e-11,5.399e-11,5.668e-11,25.0,1
100,1.0,1.0,3.0,2.0,1.0,3.0,1.0,1.0,11.0,11.0,57.0,57.0,5.945e-11,5.411e-11,5.678e-11,25.0,1
101,1.0,1.0,3.0,2.0,1.0,3.0,1.0,1.0,13.0,13.0,49.0,49.0,6.1e-11,5.515e-11,5.807e-11,25.0,1
102,1.0,1.0,3.0,2.0,1.0,3.0,1.0,1.0,13.0,13.0,51.0,51.0,6.101e-11,5.52e-11,5.81e-11,25.0,1
103,1.0,1.0,3.0,2.0,1.0,3.0,1.0,1.0,13.0,13.0,53.0,53.0,6.103e-11,5.527e-11,5.815e-11,25.0,1
104,1.0,1.0,3.0,2.0,1.0,3.0,1.0,1.0,13.0,13.0,55.0,55.0,6.107e-11,5.535e-11,5.821e-11,25.0,1
105,1.0,1.0,3.0,2.0,1.0,3.0,1.0,1.0,13.0,13.0,57.0,57.0,6.112e-11,5.544e-11,5.828e-11,25.0,1
106,1.0,1.0,3.0,2.0,1.0,3.0,2.0,2.0,9.0,9.0,49.0,49.0,5.262e-11,4.801e-11,5.032e-11,25.0,1
107,1.0,1.0,3.0,2.0,1.0,3.0,2.0,2.0,9.0,9.0,51.0,51.0,5.269e-11,4.813e-11,5.041e-11,25.0,1
108,1.0,1.0,3.0,2.0,1.0,3.0,2.0,2.0,9.0,9.0,53.0,53.0,5.276e-11,4.826e-11,5.051e-11,25.0,1
109,1.0,1.0,3.0,2.0,1.0,3.0,2.0,2.0,9.0,9.0,55.0,55.0,5.284e-11,4.84e-11,5.062e-11,25.0,1
110,1.0,1.0,3.0,2.0,1.0,3.0,2.0,2.0,9.0,9.0,57.0,57.0,5.294e-11,4.854e-11,5.074e-11,25.0,1
111,1.0,1.0,3.0,2.0,1.0,3.0,2.0,2.0,11.0,11.0,49.0,49.0,5.277e-11,4.796e-11,5.037e-11,25.0,1
112,1.0,1.0,3.0,2.0,1.0,3.0,2.0,2.0,11.0,11.0,51.0,51.0,5.278e-11,4.804e-11,5.041e-11,25.0,1
113,1.0,1.0,3.0,2.0,1.0,3.0,2.0,2.0,11.0,11.0,53.0,53.0,5.282e-11,4.812e-11,5.047e-11,25.0,1
114,1.0,1.0,3.0,2.0,1.0,3.0,2.0,2.0,11.0,11.0,55.0,55.0,5.287e-11,4.822e-11,5.054e-11,25.0,1
115,1.0,1.0,3.0,2.0,1.0,3.0,2.0,2.0,11.0,11.0,57.0,57.0,5.293e-11,4.833e-11,5.063e-11,25.0,1
116,1.0,1.0,3.0,2.0,1.0,3.0,2.0,2.0,13.0,13.0,49.0,49.0,5.325e-11,4.828e-11,5.077e-11,25.0,1
117,1.0,1.0,3.0,2.0,1.0,3.0,2.0,2.0,13.0,13.0,51.0,51.0,5.324e-11,4.833e-11,5.078e-11,25.0,1
118,1.0,1.0,3.0,2.0,1.0,3.0,2.0,2.0,13.0,13.0,53.0,53.0,5.325e-11,4.839e-11,5.082e-11,25.0,1
119,1.0,1.0,3.0,2.0,1.0,3.0,2.0,2.0,13.0,13.0,55.0,55.0,5.327e-11,4.845e-11,5.086e-11,25.0,1
120,1.0,1.0,3.0,2.0,1.0,3.0,2.0,2.0,13.0,13.0,57.0,57.0,5.33e-11,4.853e-11,5.092e-11,25.0,1
121,1.0,1.0,3.0,2.0,1.0,3.0,3.0,3.0,9.0,9.0,49.0,49.0,5.176e-11,4.712e-11,4.944e-11,25.0,1
122,1.0,1.0,3.0,2.0,1.0,3.0,3.0,3.0,9.0,9.0,51.0,51.0,5.181e-11,4.724e-11,4.952e-11,25.0,1
123,1.0,1.0,3.0,2.0,1.0,3.0,3.0,3.0,9.0,9.0,53.0,53.0,5.187e-11,4.737e-11,4.962e-11,25.0,1
124,1.0,1.0,3.0,2.0,1.0,3.0,3.0,3.0,9.0,9.0,55.0,55.0,5.195e-11,4.75e-11,4.973e-11,25.0,1
125,1.0,1.0,3.0,2.0,1.0,3.0,3.0,3.0,9.0,9.0,57.0,57.0,5.204e-11,4.765e-11,4.985e-11,25.0,1
126,1.0,1.0,3.0,2.0,1.0,3.0,3.0,3.0,11.0,11.0,49.0,49.0,5.148e-11,4.671e-11,4.909e-11,25.0,1
127,1.0,1.0,3.0,2.0,1.0,3.0,3.0,3.0,11.0,11.0,51.0,51.0,5.149e-11,4.678e-11,4.913e-11,25.0,1
128,1.0,1.0,3.0,2.0,1.0,3.0,3.0,3.0,11.0,11.0,53.0,53.0,5.151e-11,4.687e-11,4.919e-11,25.0,1
129,1.0,1.0,3.0,2.0,1.0,3.0,3.0,3.0,11.0,11.0,55.0,55.0,5.155e-11,4.696e-11,4.925e-11,25.0,1
130,1.0,1.0,3.0,2.0,1.0,3.0,3.0,3.0,11.0,11.0,57.0,57.0,5.161e-11,4.705e-11,4.933e-11,25.0,1
131,1.0,1.0,3.0,2.0,1.0,3.0,3.0,3.0,13.0,13.0,49.0,49.0,5.155e-11,4.667e-11,4.911e-11,25.0,1
132,1.0,1.0,3.0,2.0,1.0,3.0,3.0,3.0,13.0,13.0,51.0,51.0,5.152e-11,4.672e-11,4.912e-11,25.0,1
133,1.0,1.0,3.0,2.0,1.0,3.0,3.0,3.0,13.0,13.0,53.0,53.0,5.152e-11,4.677e-11,4.915e-11,25.0,1
134,1.0,1.0,3.0,2.0,1.0,3.0,3.0,3.0,13.0,13.0,55.0,55.0,5.154e-11,4.683e-11,4.918e-11,25.0,1
135,1.0,1.0,3.0,2.0,1.0,3.0,3.0,3.0,13.0,13.0,57.0,57.0,5.156e-11,4.69e-11,4.923e-11,25.0,1
136,1.0,1.0,3.0,2.0,2.0,6.0,1.0,1.0,9.0,9.0,49.0,49.0,6.448e-11,5.745e-11,6.096e-11,25.0,1
137,1.0,1.0,3.0,2.0,2.0,6.0,1.0,1.0,9.0,9.0,51.0,51.0,6.455e-11,5.759e-11,6.107e-11,25.0,1
138,1.0,1.0,3.0,2.0,2.0,6.0,1.0,1.0,9.0,9.0,53.0,53.0,6.465e-11,5.773e-11,6.119e-11,25.0,1
139,1.0,1.0,3.0,2.0,2.0,6.0,1.0,1.0,9.0,9.0,55.0,55.0,6.476e-11,5.788e-11,6.132e-11,25.0,1
140,1.0,1.0,3.0,2.0,2.0,6.0,1.0,1.0,9.0,9.0,57.0,57.0,6.487e-11,5.803e-11,6.145e-11,25.0,1
141,1.0,1.0,3.0,2.0,2.0,6.0,1.0,1.0,11.0,11.0,49.0,49.0,6.59e-11,5.854e-11,6.222e-11,25.0,1
142,1.0,1.0,3.0,2.0,2.0,6.0,1.0,1.0,11.0,11.0,51.0,51.0,6.594e-11,5.863e-11,6.228e-11,25.0,1
143,1.0,1.0,3.0,2.0,2.0,6.0,1.0,1.0,11.0,11.0,53.0,53.0,6.6e-11,5.873e-11,6.236e-11,25.0,1
144,1.0,1.0,3.0,2.0,2.0,6.0,1.0,1.0,11.0,11.0,55.0,55.0,6.607e-11,5.884e-11,6.245e-11,25.0,1
145,1.0,1.0,3.0,2.0,2.0,6.0,1.0,1.0,11.0,11.0,57.0,57.0,6.614e-11,5.896e-11,6.255e-11,25.0,1
146,1.0,1.0,3.0,2.0,2.0,6.0,1.0,1.0,13.0,13.0,49.0,49.0,6.77e-11,6e-11,6.385e-11,25.0,1
147,1.0,1.0,3.0,2.0,2.0,6.0,1.0,1.0,13.0,13.0,51.0,51.0,6.771e-11,6.006e-11,6.389e-11,25.0,1
148,1.0,1.0,3.0,2.0,2.0,6.0,1.0,1.0,13.0,13.0,53.0,53.0,6.774e-11,6.013e-11,6.393e-11,25.0,1
149,1.0,1.0,3.0,2.0,2.0,6.0,1.0,1.0,13.0,13.0,55.0,55.0,6.778e-11,6.021e-11,6.4e-11,25.0,1
150,1.0,1.0,3.0,2.0,2.0,6.0,1.0,1.0,13.0,13.0,57.0,57.0,6.782e-11,6.03e-11,6.406e-11,25.0,1
151,1.0,1.0,3.0,2.0,2.0,6.0,2.0,2.0,9.0,9.0,49.0,49.0,5.87e-11,5.226e-11,5.548e-11,25.0,1
152,1.0,1.0,3.0,2.0,2.0,6.0,2.0,2.0,9.0,9.0,51.0,51.0,5.876e-11,5.238e-11,5.557e-11,25.0,1
153,1.0,1.0,3.0,2.0,2.0,6.0,2.0,2.0,9.0,9.0,53.0,53.0,5.884e-11,5.251e-11,5.567e-11,25.0,1
154,1.0,1.0,3.0,2.0,2.0,6.0,2.0,2.0,9.0,9.0,55.0,55.0,5.892e-11,5.265e-11,5.578e-11,25.0,1
155,1.0,1.0,3.0,2.0,2.0,6.0,2.0,2.0,9.0,9.0,57.0,57.0,5.902e-11,5.28e-11,5.591e-11,25.0,1
156,1.0,1.0,3.0,2.0,2.0,6.0,2.0,2.0,11.0,11.0,49.0,49.0,5.883e-11,5.219e-11,5.551e-11,25.0,1
157,1.0,1.0,3.0,2.0,2.0,6.0,2.0,2.0,11.0,11.0,51.0,51.0,5.885e-11,5.226e-11,5.555e-11,25.0,1
158,1.0,1.0,3.0,2.0,2.0,6.0,2.0,2.0,11.0,11.0,53.0,53.0,5.888e-11,5.235e-11,5.562e-11,25.0,1
159,1.0,1.0,3.0,2.0,2.0,6.0,2.0,2.0,11.0,11.0,55.0,55.0,5.893e-11,5.244e-11,5.569e-11,25.0,1
160,1.0,1.0,3.0,2.0,2.0,6.0,2.0,2.0,11.0,11.0,57.0,57.0,5.899e-11,5.255e-11,5.577e-11,25.0,1
161,1.0,1.0,3.0,2.0,2.0,6.0,2.0,2.0,13.0,13.0,49.0,49.0,5.93e-11,5.249e-11,5.59e-11,25.0,1
162,1.0,1.0,3.0,2.0,2.0,6.0,2.0,2.0,13.0,13.0,51.0,51.0,5.929e-11,5.254e-11,5.591e-11,25.0,1
163,1.0,1.0,3.0,2.0,2.0,6.0,2.0,2.0,13.0,13.0,53.0,53.0,5.931e-11,5.259e-11,5.595e-11,25.0,1
164,1.0,1.0,3.0,2.0,2.0,6.0,2.0,2.0,13.0,13.0,55.0,55.0,5.933e-11,5.266e-11,5.599e-11,25.0,1
165,1.0,1.0,3.0,2.0,2.0,6.0,2.0,2.0,13.0,13.0,57.0,57.0,5.935e-11,5.273e-11,5.604e-11,25.0,1
166,1.0,1.0,3.0,2.0,2.0,6.0,3.0,3.0,9.0,9.0,49.0,49.0,5.727e-11,5.09e-11,5.409e-11,25.0,1
167,1.0,1.0,3.0,2.0,2.0,6.0,3.0,3.0,9.0,9.0,51.0,51.0,5.732e-11,5.101e-11,5.417e-11,25.0,1
168,1.0,1.0,3.0,2.0,2.0,6.0,3.0,3.0,9.0,9.0,53.0,53.0,5.739e-11,5.114e-11,5.427e-11,25.0,1
169,1.0,1.0,3.0,2.0,2.0,6.0,3.0,3.0,9.0,9.0,55.0,55.0,5.747e-11,5.128e-11,5.437e-11,25.0,1
170,1.0,1.0,3.0,2.0,2.0,6.0,3.0,3.0,9.0,9.0,57.0,57.0,5.756e-11,5.143e-11,5.449e-11,25.0,1
171,1.0,1.0,3.0,2.0,2.0,6.0,3.0,3.0,11.0,11.0,49.0,49.0,5.697e-11,5.044e-11,5.371e-11,25.0,1
172,1.0,1.0,3.0,2.0,2.0,6.0,3.0,3.0,11.0,11.0,51.0,51.0,5.698e-11,5.051e-11,5.375e-11,25.0,1
173,1.0,1.0,3.0,2.0,2.0,6.0,3.0,3.0,11.0,11.0,53.0,53.0,5.7e-11,5.059e-11,5.38e-11,25.0,1
174,1.0,1.0,3.0,2.0,2.0,6.0,3.0,3.0,11.0,11.0,55.0,55.0,5.704e-11,5.069e-11,5.386e-11,25.0,1
175,1.0,1.0,3.0,2.0,2.0,6.0,3.0,3.0,11.0,11.0,57.0,57.0,5.71e-11,5.079e-11,5.394e-11,25.0,1
176,1.0,1.0,3.0,2.0,2.0,6.0,3.0,3.0,13.0,13.0,49.0,49.0,5.702e-11,5.037e-11,5.369e-11,25.0,1
177,1.0,1.0,3.0,2.0,2.0,6.0,3.0,3.0,13.0,13.0,51.0,51.0,5.699e-11,5.041e-11,5.37e-11,25.0,1
178,1.0,1.0,3.0,2.0,2.0,6.0,3.0,3.0,13.0,13.0,53.0,53.0,5.7e-11,5.046e-11,5.373e-11,25.0,1
179,1.0,1.0,3.0,2.0,2.0,6.0,3.0,3.0,13.0,13.0,55.0,55.0,5.701e-11,5.052e-11,5.376e-11,25.0,1
180,1.0,1.0,3.0,2.0,2.0,6.0,3.0,3.0,13.0,13.0,57.0,57.0,5.703e-11,5.058e-11,5.381e-11,25.0,1
181,1.0,1.0,4.0,2.0,1.0,3.0,1.0,1.0,9.0,9.0,49.0,49.0,6.047e-11,5.24e-11,5.643e-11,25.0,1
182,1.0,1.0,4.0,2.0,1.0,3.0,1.0,1.0,9.0,9.0,51.0,51.0,6.054e-11,5.253e-11,5.654e-11,25.0,1
183,1.0,1.0,4.0,2.0,1.0,3.0,1.0,1.0,9.0,9.0,53.0,53.0,6.064e-11,5.268e-11,5.666e-11,25.0,1
184,1.0,1.0,4.0,2.0,1.0,3.0,1.0,1.0,9.0,9.0,55.0,55.0,6.075e-11,5.282e-11,5.679e-11,25.0,1
185,1.0,1.0,4.0,2.0,1.0,3.0,1.0,1.0,9.0,9.0,57.0,57.0,6.087e-11,5.298e-11,5.692e-11,25.0,1
186,1.0,1.0,4.0,2.0,1.0,3.0,1.0,1.0,11.0,11.0,49.0,49.0,6.189e-11,5.346e-11,5.768e-11,25.0,1
187,1.0,1.0,4.0,2.0,1.0,3.0,1.0,1.0,11.0,11.0,51.0,51.0,6.194e-11,5.356e-11,5.775e-11,25.0,1
188,1.0,1.0,4.0,2.0,1.0,3.0,1.0,1.0,11.0,11.0,53.0,53.0,6.199e-11,5.366e-11,5.782e-11,25.0,1
189,1.0,1.0,4.0,2.0,1.0,3.0,1.0,1.0,11.0,11.0,55.0,55.0,6.206e-11,5.377e-11,5.791e-11,25.0,1
190,1.0,1.0,4.0,2.0,1.0,3.0,1.0,1.0,11.0,11.0,57.0,57.0,6.214e-11,5.389e-11,5.801e-11,25.0,1
191,1.0,1.0,4.0,2.0,1.0,3.0,1.0,1.0,13.0,13.0,49.0,49.0,6.369e-11,5.492e-11,5.93e-11,25.0,1
192,1.0,1.0,4.0,2.0,1.0,3.0,1.0,1.0,13.0,13.0,51.0,51.0,6.37e-11,5.497e-11,5.934e-11,25.0,1
193,1.0,1.0,4.0,2.0,1.0,3.0,1.0,1.0,13.0,13.0,53.0,53.0,6.372e-11,5.504e-11,5.938e-11,25.0,1
194,1.0,1.0,4.0,2.0,1.0,3.0,1.0,1.0,13.0,13.0,55.0,55.0,6.376e-11,5.512e-11,5.944e-11,25.0,1
195,1.0,1.0,4.0,2.0,1.0,3.0,1.0,1.0,13.0,13.0,57.0,57.0,6.382e-11,5.521e-11,5.951e-11,25.0,1
196,1.0,1.0,4.0,2.0,1.0,3.0,2.0,2.0,9.0,9.0,49.0,49.0,5.533e-11,4.777e-11,5.155e-11,25.0,1
197,1.0,1.0,4.0,2.0,1.0,3.0,2.0,2.0,9.0,9.0,51.0,51.0,5.539e-11,4.788e-11,5.164e-11,25.0,1
198,1.0,1.0,4.0,2.0,1.0,3.0,2.0,2.0,9.0,9.0,53.0,53.0,5.546e-11,4.801e-11,5.174e-11,25.0,1
199,1.0,1.0,4.0,2.0,1.0,3.0,2.0,2.0,9.0,9.0,55.0,55.0,5.555e-11,4.815e-11,5.185e-11,25.0,1
200,1.0,1.0,4.0,2.0,1.0,3.0,2.0,2.0,9.0,9.0,57.0,57.0,5.564e-11,4.83e-11,5.197e-11,25.0,1
201,1.0,1.0,4.0,2.0,1.0,3.0,2.0,2.0,11.0,11.0,49.0,49.0,5.547e-11,4.771e-11,5.159e-11,25.0,1
202,1.0,1.0,4.0,2.0,1.0,3.0,2.0,2.0,11.0,11.0,51.0,51.0,5.548e-11,4.778e-11,5.163e-11,25.0,1
203,1.0,1.0,4.0,2.0,1.0,3.0,2.0,2.0,11.0,11.0,53.0,53.0,5.552e-11,4.787e-11,5.17e-11,25.0,1
204,1.0,1.0,4.0,2.0,1.0,3.0,2.0,2.0,11.0,11.0,55.0,55.0,5.557e-11,4.797e-11,5.177e-11,25.0,1
205,1.0,1.0,4.0,2.0,1.0,3.0,2.0,2.0,11.0,11.0,57.0,57.0,5.563e-11,4.807e-11,5.185e-11,25.0,1
206,1.0,1.0,4.0,2.0,1.0,3.0,2.0,2.0,13.0,13.0,49.0,49.0,5.594e-11,4.802e-11,5.198e-11,25.0,1
207,1.0,1.0,4.0,2.0,1.0,3.0,2.0,2.0,13.0,13.0,51.0,51.0,5.594e-11,4.807e-11,5.2e-11,25.0,1
208,1.0,1.0,4.0,2.0,1.0,3.0,2.0,2.0,13.0,13.0,53.0,53.0,5.594e-11,4.812e-11,5.203e-11,25.0,1
209,1.0,1.0,4.0,2.0,1.0,3.0,2.0,2.0,13.0,13.0,55.0,55.0,5.597e-11,4.819e-11,5.208e-11,25.0,1
210,1.0,1.0,4.0,2.0,1.0,3.0,2.0,2.0,13.0,13.0,57.0,57.0,5.6e-11,4.827e-11,5.214e-11,25.0,1
211,1.0,1.0,4.0,2.0,1.0,3.0,3.0,3.0,9.0,9.0,49.0,49.0,5.445e-11,4.684e-11,5.065e-11,25.0,1
212,1.0,1.0,4.0,2.0,1.0,3.0,3.0,3.0,9.0,9.0,51.0,51.0,5.45e-11,4.696e-11,5.073e-11,25.0,1
213,1.0,1.0,4.0,2.0,1.0,3.0,3.0,3.0,9.0,9.0,53.0,53.0,5.457e-11,4.708e-11,5.083e-11,25.0,1
214,1.0,1.0,4.0,2.0,1.0,3.0,3.0,3.0,9.0,9.0,55.0,55.0,5.465e-11,4.722e-11,5.093e-11,25.0,1
215,1.0,1.0,4.0,2.0,1.0,3.0,3.0,3.0,9.0,9.0,57.0,57.0,5.474e-11,4.736e-11,5.105e-11,25.0,1
216,1.0,1.0,4.0,2.0,1.0,3.0,3.0,3.0,11.0,11.0,49.0,49.0,5.418e-11,4.642e-11,5.03e-11,25.0,1
217,1.0,1.0,4.0,2.0,1.0,3.0,3.0,3.0,11.0,11.0,51.0,51.0,5.418e-11,4.649e-11,5.034e-11,25.0,1
218,1.0,1.0,4.0,2.0,1.0,3.0,3.0,3.0,11.0,11.0,53.0,53.0,5.421e-11,4.658e-11,5.039e-11,25.0,1
219,1.0,1.0,4.0,2.0,1.0,3.0,3.0,3.0,11.0,11.0,55.0,55.0,5.425e-11,4.666e-11,5.046e-11,25.0,1
220,1.0,1.0,4.0,2.0,1.0,3.0,3.0,3.0,11.0,11.0,57.0,57.0,5.43e-11,4.677e-11,5.053e-11,25.0,1
221,1.0,1.0,4.0,2.0,1.0,3.0,3.0,3.0,13.0,13.0,49.0,49.0,5.424e-11,4.638e-11,5.031e-11,25.0,1
222,1.0,1.0,4.0,2.0,1.0,3.0,3.0,3.0,13.0,13.0,51.0,51.0,5.423e-11,4.642e-11,5.032e-11,25.0,1
223,1.0,1.0,4.0,2.0,1.0,3.0,3.0,3.0,13.0,13.0,53.0,53.0,5.422e-11,4.647e-11,5.035e-11,25.0,1
224,1.0,1.0,4.0,2.0,1.0,3.0,3.0,3.0,13.0,13.0,55.0,55.0,5.423e-11,4.653e-11,5.038e-11,25.0,1
225,1.0,1.0,4.0,2.0,1.0,3.0,3.0,3.0,13.0,13.0,57.0,57.0,5.426e-11,4.66e-11,5.043e-11,25.0,1
226,1.0,1.0,4.0,2.0,2.0,6.0,1.0,1.0,9.0,9.0,49.0,49.0,6.716e-11,5.605e-11,6.16e-11,25.0,1
227,1.0,1.0,4.0,2.0,2.0,6.0,1.0,1.0,9.0,9.0,51.0,51.0,6.724e-11,5.618e-11,6.171e-11,25.0,1
228,1.0,1.0,4.0,2.0,2.0,6.0,1.0,1.0,9.0,9.0,53.0,53.0,6.733e-11,5.632e-11,6.183e-11,25.0,1
229,1.0,1.0,4.0,2.0,2.0,6.0,1.0,1.0,9.0,9.0,55.0,55.0,6.744e-11,5.647e-11,6.196e-11,25.0,1
230,1.0,1.0,4.0,2.0,2.0,6.0,1.0,1.0,9.0,9.0,57.0,57.0,6.756e-11,5.663e-11,6.209e-11,25.0,1
231,1.0,1.0,4.0,2.0,2.0,6.0,1.0,1.0,11.0,11.0,49.0,49.0,6.859e-11,5.712e-11,6.285e-11,25.0,1
232,1.0,1.0,4.0,2.0,2.0,6.0,1.0,1.0,11.0,11.0,51.0,51.0,6.863e-11,5.721e-11,6.292e-11,25.0,1
233,1.0,1.0,4.0,2.0,2.0,6.0,1.0,1.0,11.0,11.0,53.0,53.0,6.868e-11,5.731e-11,6.3e-11,25.0,1
234,1.0,1.0,4.0,2.0,2.0,6.0,1.0,1.0,11.0,11.0,55.0,55.0,6.876e-11,5.742e-11,6.309e-11,25.0,1
235,1.0,1.0,4.0,2.0,2.0,6.0,1.0,1.0,11.0,11.0,57.0,57.0,6.884e-11,5.753e-11,6.318e-11,25.0,1
236,1.0,1.0,4.0,2.0,2.0,6.0,1.0,1.0,13.0,13.0,49.0,49.0,7.038e-11,5.857e-11,6.448e-11,25.0,1
237,1.0,1.0,4.0,2.0,2.0,6.0,1.0,1.0,13.0,13.0,51.0,51.0,7.04e-11,5.863e-11,6.452e-11,25.0,1
238,1.0,1.0,4.0,2.0,2.0,6.0,1.0,1.0,13.0,13.0,53.0,53.0,7.042e-11,5.871e-11,6.456e-11,25.0,1
239,1.0,1.0,4.0,2.0,2.0,6.0,1.0,1.0,13.0,13.0,55.0,55.0,7.046e-11,5.878e-11,6.462e-11,25.0,1
240,1.0,1.0,4.0,2.0,2.0,6.0,1.0,1.0,13.0,13.0,57.0,57.0,7.052e-11,5.887e-11,6.469e-11,25.0,1
241,1.0,1.0,4.0,2.0,2.0,6.0,2.0,2.0,9.0,9.0,49.0,49.0,6.139e-11,5.085e-11,5.612e-11,25.0,1
242,1.0,1.0,4.0,2.0,2.0,6.0,2.0,2.0,9.0,9.0,51.0,51.0,6.145e-11,5.096e-11,5.621e-11,25.0,1
243,1.0,1.0,4.0,2.0,2.0,6.0,2.0,2.0,9.0,9.0,53.0,53.0,6.152e-11,5.11e-11,5.631e-11,25.0,1
244,1.0,1.0,4.0,2.0,2.0,6.0,2.0,2.0,9.0,9.0,55.0,55.0,6.161e-11,5.123e-11,5.642e-11,25.0,1
245,1.0,1.0,4.0,2.0,2.0,6.0,2.0,2.0,9.0,9.0,57.0,57.0,6.171e-11,5.138e-11,5.655e-11,25.0,1
246,1.0,1.0,4.0,2.0,2.0,6.0,2.0,2.0,11.0,11.0,49.0,49.0,6.152e-11,5.077e-11,5.615e-11,25.0,1
247,1.0,1.0,4.0,2.0,2.0,6.0,2.0,2.0,11.0,11.0,51.0,51.0,6.154e-11,5.084e-11,5.619e-11,25.0,1
248,1.0,1.0,4.0,2.0,2.0,6.0,2.0,2.0,11.0,11.0,53.0,53.0,6.157e-11,5.092e-11,5.625e-11,25.0,1
249,1.0,1.0,4.0,2.0,2.0,6.0,2.0,2.0,11.0,11.0,55.0,55.0,6.162e-11,5.103e-11,5.632e-11,25.0,1
250,1.0,1.0,4.0,2.0,2.0,6.0,2.0,2.0,11.0,11.0,57.0,57.0,6.168e-11,5.113e-11,5.64e-11,25.0,1
251,1.0,1.0,4.0,2.0,2.0,6.0,2.0,2.0,13.0,13.0,49.0,49.0,6.199e-11,5.106e-11,5.652e-11,25.0,1
252,1.0,1.0,4.0,2.0,2.0,6.0,2.0,2.0,13.0,13.0,51.0,51.0,6.198e-11,5.111e-11,5.654e-11,25.0,1
253,1.0,1.0,4.0,2.0,2.0,6.0,2.0,2.0,13.0,13.0,53.0,53.0,6.199e-11,5.116e-11,5.657e-11,25.0,1
254,1.0,1.0,4.0,2.0,2.0,6.0,2.0,2.0,13.0,13.0,55.0,55.0,6.201e-11,5.123e-11,5.662e-11,25.0,1
255,1.0,1.0,4.0,2.0,2.0,6.0,2.0,2.0,13.0,13.0,57.0,57.0,6.205e-11,5.131e-11,5.668e-11,25.0,1
256,1.0,1.0,4.0,2.0,2.0,6.0,3.0,3.0,9.0,9.0,49.0,49.0,5.996e-11,4.945e-11,5.471e-11,25.0,1
257,1.0,1.0,4.0,2.0,2.0,6.0,3.0,3.0,9.0,9.0,51.0,51.0,6.001e-11,4.957e-11,5.479e-11,25.0,1
258,1.0,1.0,4.0,2.0,2.0,6.0,3.0,3.0,9.0,9.0,53.0,53.0,6.008e-11,4.969e-11,5.489e-11,25.0,1
259,1.0,1.0,4.0,2.0,2.0,6.0,3.0,3.0,9.0,9.0,55.0,55.0,6.016e-11,4.983e-11,5.5e-11,25.0,1
260,1.0,1.0,4.0,2.0,2.0,6.0,3.0,3.0,9.0,9.0,57.0,57.0,6.025e-11,4.998e-11,5.511e-11,25.0,1
261,1.0,1.0,4.0,2.0,2.0,6.0,3.0,3.0,11.0,11.0,49.0,49.0,5.966e-11,4.899e-11,5.432e-11,25.0,1
262,1.0,1.0,4.0,2.0,2.0,6.0,3.0,3.0,11.0,11.0,51.0,51.0,5.966e-11,4.906e-11,5.436e-11,25.0,1
263,1.0,1.0,4.0,2.0,2.0,6.0,3.0,3.0,11.0,11.0,53.0,53.0,5.969e-11,4.914e-11,5.442e-11,25.0,1
264,1.0,1.0,4.0,2.0,2.0,6.0,3.0,3.0,11.0,11.0,55.0,55.0,5.973e-11,4.923e-11,5.448e-11,25.0,1
265,1.0,1.0,4.0,2.0,2.0,6.0,3.0,3.0,11.0,11.0,57.0,57.0,5.979e-11,4.934e-11,5.456e-11,25.0,1
266,1.0,1.0,4.0,2.0,2.0,6.0,3.0,3.0,13.0,13.0,49.0,49.0,5.971e-11,4.891e-11,5.431e-11,25.0,1
267,1.0,1.0,4.0,2.0,2.0,6.0,3.0,3.0,13.0,13.0,51.0,51.0,5.969e-11,4.895e-11,5.432e-11,25.0,1
268,1.0,1.0,4.0,2.0,2.0,6.0,3.0,3.0,13.0,13.0,53.0,53.0,5.969e-11,4.901e-11,5.435e-11,25.0,1
269,1.0,1.0,4.0,2.0,2.0,6.0,3.0,3.0,13.0,13.0,55.0,55.0,5.97e-11,4.907e-11,5.439e-11,25.0,1
270,1.0,1.0,4.0,2.0,2.0,6.0,3.0,3.0,13.0,13.0,57.0,57.0,5.973e-11,4.913e-11,5.443e-11,25.0,1
271,2.0,2.0,2.0,1.0,1.0,3.0,1.0,1.0,9.0,9.0,49.0,49.0,6.231e-11,5.199e-11,5.715e-11,25.0,1
272,2.0,2.0,2.0,1.0,1.0,3.0,1.0,1.0,9.0,9.0,51.0,51.0,6.238e-11,5.212e-11,5.725e-11,25.0,1
273,2.0,2.0,2.0,1.0,1.0,3.0,1.0,1.0,9.0,9.0,53.0,53.0,6.248e-11,5.226e-11,5.737e-11,25.0,1
274,2.0,2.0,2.0,1.0,1.0,3.0,1.0,1.0,9.0,9.0,55.0,55.0,6.258e-11,5.241e-11,5.75e-11,25.0,1
275,2.0,2.0,2.0,1.0,1.0,3.0,1.0,1.0,9.0,9.0,57.0,57.0,6.27e-11,5.256e-11,5.763e-11,25.0,1
276,2.0,2.0,2.0,1.0,1.0,3.0,1.0,1.0,11.0,11.0,49.0,49.0,6.373e-11,5.305e-11,5.839e-11,25.0,1
277,2.0,2.0,2.0,1.0,1.0,3.0,1.0,1.0,11.0,11.0,51.0,51.0,6.377e-11,5.315e-11,5.846e-11,25.0,1
278,2.0,2.0,2.0,1.0,1.0,3.0,1.0,1.0,11.0,11.0,53.0,53.0,6.382e-11,5.325e-11,5.853e-11,25.0,1
279,2.0,2.0,2.0,1.0,1.0,3.0,1.0,1.0,11.0,11.0,55.0,55.0,6.389e-11,5.336e-11,5.862e-11,25.0,1
280,2.0,2.0,2.0,1.0,1.0,3.0,1.0,1.0,11.0,11.0,57.0,57.0,6.397e-11,5.347e-11,5.872e-11,25.0,1
281,2.0,2.0,2.0,1.0,1.0,3.0,1.0,1.0,13.0,13.0,49.0,49.0,6.552e-11,5.451e-11,6.002e-11,25.0,1
282,2.0,2.0,2.0,1.0,1.0,3.0,1.0,1.0,13.0,13.0,51.0,51.0,6.553e-11,5.457e-11,6.005e-11,25.0,1
283,2.0,2.0,2.0,1.0,1.0,3.0,1.0,1.0,13.0,13.0,53.0,53.0,6.556e-11,5.464e-11,6.01e-11,25.0,1
284,2.0,2.0,2.0,1.0,1.0,3.0,1.0,1.0,13.0,13.0,55.0,55.0,6.56e-11,5.472e-11,6.016e-11,25.0,1
285,2.0,2.0,2.0,1.0,1.0,3.0,1.0,1.0,13.0,13.0,57.0,57.0,6.565e-11,5.481e-11,6.023e-11,25.0,1
286,2.0,2.0,2.0,1.0,1.0,3.0,2.0,2.0,9.0,9.0,49.0,49.0,5.736e-11,4.748e-11,5.242e-11,25.0,1
287,2.0,2.0,2.0,1.0,1.0,3.0,2.0,2.0,9.0,9.0,51.0,51.0,5.741e-11,4.76e-11,5.251e-11,25.0,1
288,2.0,2.0,2.0,1.0,1.0,3.0,2.0,2.0,9.0,9.0,53.0,53.0,5.749e-11,4.772e-11,5.26e-11,25.0,1
289,2.0,2.0,2.0,1.0,1.0,3.0,2.0,2.0,9.0,9.0,55.0,55.0,5.758e-11,4.786e-11,5.272e-11,25.0,1
290,2.0,2.0,2.0,1.0,1.0,3.0,2.0,2.0,9.0,9.0,57.0,57.0,5.768e-11,4.801e-11,5.284e-11,25.0,1
291,2.0,2.0,2.0,1.0,1.0,3.0,2.0,2.0,11.0,11.0,49.0,49.0,5.749e-11,4.742e-11,5.245e-11,25.0,1
292,2.0,2.0,2.0,1.0,1.0,3.0,2.0,2.0,11.0,11.0,51.0,51.0,5.751e-11,4.749e-11,5.25e-11,25.0,1
293,2.0,2.0,2.0,1.0,1.0,3.0,2.0,2.0,11.0,11.0,53.0,53.0,5.754e-11,4.758e-11,5.256e-11,25.0,1
294,2.0,2.0,2.0,1.0,1.0,3.0,2.0,2.0,11.0,11.0,55.0,55.0,5.759e-11,4.767e-11,5.263e-11,25.0,1
295,2.0,2.0,2.0,1.0,1.0,3.0,2.0,2.0,11.0,11.0,57.0,57.0,5.765e-11,4.778e-11,5.272e-11,25.0,1
296,2.0,2.0,2.0,1.0,1.0,3.0,2.0,2.0,13.0,13.0,49.0,49.0,5.797e-11,4.773e-11,5.285e-11,25.0,1
297,2.0,2.0,2.0,1.0,1.0,3.0,2.0,2.0,13.0,13.0,51.0,51.0,5.795e-11,4.778e-11,5.287e-11,25.0,1
298,2.0,2.0,2.0,1.0,1.0,3.0,2.0,2.0,13.0,13.0,53.0,53.0,5.796e-11,4.783e-11,5.29e-11,25.0,1
299,2.0,2.0,2.0,1.0,1.0,3.0,2.0,2.0,13.0,13.0,55.0,55.0,5.798e-11,4.79e-11,5.294e-11,25.0,1
300,2.0,2.0,2.0,1.0,1.0,3.0,2.0,2.0,13.0,13.0,57.0,57.0,5.803e-11,4.798e-11,5.3e-11,25.0,1
301,2.0,2.0,2.0,1.0,1.0,3.0,3.0,3.0,9.0,9.0,49.0,49.0,5.666e-11,4.665e-11,5.165e-11,25.0,1
302,2.0,2.0,2.0,1.0,1.0,3.0,3.0,3.0,9.0,9.0,51.0,51.0,5.671e-11,4.676e-11,5.174e-11,25.0,1
303,2.0,2.0,2.0,1.0,1.0,3.0,3.0,3.0,9.0,9.0,53.0,53.0,5.677e-11,4.69e-11,5.183e-11,25.0,1
304,2.0,2.0,2.0,1.0,1.0,3.0,3.0,3.0,9.0,9.0,55.0,55.0,5.685e-11,4.702e-11,5.194e-11,25.0,1
305,2.0,2.0,2.0,1.0,1.0,3.0,3.0,3.0,9.0,9.0,57.0,57.0,5.694e-11,4.717e-11,5.206e-11,25.0,1
306,2.0,2.0,2.0,1.0,1.0,3.0,3.0,3.0,11.0,11.0,49.0,49.0,5.637e-11,4.623e-11,5.13e-11,25.0,1
307,2.0,2.0,2.0,1.0,1.0,3.0,3.0,3.0,11.0,11.0,51.0,51.0,5.638e-11,4.63e-11,5.134e-11,25.0,1
308,2.0,2.0,2.0,1.0,1.0,3.0,3.0,3.0,11.0,11.0,53.0,53.0,5.64e-11,4.638e-11,5.139e-11,25.0,1
309,2.0,2.0,2.0,1.0,1.0,3.0,3.0,3.0,11.0,11.0,55.0,55.0,5.645e-11,4.647e-11,5.146e-11,25.0,1
310,2.0,2.0,2.0,1.0,1.0,3.0,3.0,3.0,11.0,11.0,57.0,57.0,5.65e-11,4.657e-11,5.153e-11,25.0,1
311,2.0,2.0,2.0,1.0,1.0,3.0,3.0,3.0,13.0,13.0,49.0,49.0,5.643e-11,4.618e-11,5.131e-11,25.0,1
312,2.0,2.0,2.0,1.0,1.0,3.0,3.0,3.0,13.0,13.0,51.0,51.0,5.642e-11,4.622e-11,5.132e-11,25.0,1
313,2.0,2.0,2.0,1.0,1.0,3.0,3.0,3.0,13.0,13.0,53.0,53.0,5.641e-11,4.628e-11,5.134e-11,25.0,1
314,2.0,2.0,2.0,1.0,1.0,3.0,3.0,3.0,13.0,13.0,55.0,55.0,5.642e-11,4.633e-11,5.138e-11,25.0,1
315,2.0,2.0,2.0,1.0,1.0,3.0,3.0,3.0,13.0,13.0,57.0,57.0,5.645e-11,4.64e-11,5.142e-11,25.0,1
316,2.0,2.0,2.0,1.0,2.0,6.0,1.0,1.0,9.0,9.0,49.0,49.0,7.616e-11,5.952e-11,6.784e-11,25.0,1
317,2.0,2.0,2.0,1.0,2.0,6.0,1.0,1.0,9.0,9.0,51.0,51.0,7.623e-11,5.965e-11,6.794e-11,25.0,1
318,2.0,2.0,2.0,1.0,2.0,6.0,1.0,1.0,9.0,9.0,53.0,53.0,7.633e-11,5.98e-11,6.806e-11,25.0,1
319,2.0,2.0,2.0,1.0,2.0,6.0,1.0,1.0,9.0,9.0,55.0,55.0,7.643e-11,5.995e-11,6.819e-11,25.0,1
320,2.0,2.0,2.0,1.0,2.0,6.0,1.0,1.0,9.0,9.0,57.0,57.0,7.655e-11,6.011e-11,6.833e-11,25.0,1
321,2.0,2.0,2.0,1.0,2.0,6.0,1.0,1.0,11.0,11.0,49.0,49.0,7.758e-11,6.063e-11,6.911e-11,25.0,1
322,2.0,2.0,2.0,1.0,2.0,6.0,1.0,1.0,11.0,11.0,51.0,51.0,7.762e-11,6.072e-11,6.917e-11,25.0,1
323,2.0,2.0,2.0,1.0,2.0,6.0,1.0,1.0,11.0,11.0,53.0,53.0,7.768e-11,6.083e-11,6.925e-11,25.0,1
324,2.0,2.0,2.0,1.0,2.0,6.0,1.0,1.0,11.0,11.0,55.0,55.0,7.775e-11,6.093e-11,6.934e-11,25.0,1
325,2.0,2.0,2.0,1.0,2.0,6.0,1.0,1.0,11.0,11.0,57.0,57.0,7.783e-11,6.104e-11,6.944e-11,25.0,1
326,2.0,2.0,2.0,1.0,2.0,6.0,1.0,1.0,13.0,13.0,49.0,49.0,7.939e-11,6.21e-11,7.074e-11,25.0,1
327,2.0,2.0,2.0,1.0,2.0,6.0,1.0,1.0,13.0,13.0,51.0,51.0,7.939e-11,6.216e-11,7.078e-11,25.0,1
328,2.0,2.0,2.0,1.0,2.0,6.0,1.0,1.0,13.0,13.0,53.0,53.0,7.942e-11,6.222e-11,7.082e-11,25.0,1
329,2.0,2.0,2.0,1.0,2.0,6.0,1.0,1.0,13.0,13.0,55.0,55.0,7.946e-11,6.231e-11,7.088e-11,25.0,1
330,2.0,2.0,2.0,1.0,2.0,6.0,1.0,1.0,13.0,13.0,57.0,57.0,7.951e-11,6.24e-11,7.095e-11,25.0,1
331,2.0,2.0,2.0,1.0,2.0,6.0,2.0,2.0,9.0,9.0,49.0,49.0,7.057e-11,5.435e-11,6.246e-11,25.0,1
332,2.0,2.0,2.0,1.0,2.0,6.0,2.0,2.0,9.0,9.0,51.0,51.0,7.062e-11,5.447e-11,6.254e-11,25.0,1
333,2.0,2.0,2.0,1.0,2.0,6.0,2.0,2.0,9.0,9.0,53.0,53.0,7.07e-11,5.46e-11,6.265e-11,25.0,1
334,2.0,2.0,2.0,1.0,2.0,6.0,2.0,2.0,9.0,9.0,55.0,55.0,7.078e-11,5.473e-11,6.276e-11,25.0,1
335,2.0,2.0,2.0,1.0,2.0,6.0,2.0,2.0,9.0,9.0,57.0,57.0,7.088e-11,5.489e-11,6.288e-11,25.0,1
336,2.0,2.0,2.0,1.0,2.0,6.0,2.0,2.0,11.0,11.0,49.0,49.0,7.069e-11,5.431e-11,6.25e-11,25.0,1
337,2.0,2.0,2.0,1.0,2.0,6.0,2.0,2.0,11.0,11.0,51.0,51.0,7.07e-11,5.438e-11,6.254e-11,25.0,1
338,2.0,2.0,2.0,1.0,2.0,6.0,2.0,2.0,11.0,11.0,53.0,53.0,7.073e-11,5.447e-11,6.26e-11,25.0,1
339,2.0,2.0,2.0,1.0,2.0,6.0,2.0,2.0,11.0,11.0,55.0,55.0,7.079e-11,5.456e-11,6.268e-11,25.0,1
340,2.0,2.0,2.0,1.0,2.0,6.0,2.0,2.0,11.0,11.0,57.0,57.0,7.085e-11,5.466e-11,6.276e-11,25.0,1
341,2.0,2.0,2.0,1.0,2.0,6.0,2.0,2.0,13.0,13.0,49.0,49.0,7.115e-11,5.463e-11,6.289e-11,25.0,1
342,2.0,2.0,2.0,1.0,2.0,6.0,2.0,2.0,13.0,13.0,51.0,51.0,7.114e-11,5.468e-11,6.291e-11,25.0,1
343,2.0,2.0,2.0,1.0,2.0,6.0,2.0,2.0,13.0,13.0,53.0,53.0,7.115e-11,5.473e-11,6.294e-11,25.0,1
344,2.0,2.0,2.0,1.0,2.0,6.0,2.0,2.0,13.0,13.0,55.0,55.0,7.118e-11,5.48e-11,6.299e-11,25.0,1
345,2.0,2.0,2.0,1.0,2.0,6.0,2.0,2.0,13.0,13.0,57.0,57.0,7.121e-11,5.488e-11,6.304e-11,25.0,1
346,2.0,2.0,2.0,1.0,2.0,6.0,3.0,3.0,9.0,9.0,49.0,49.0,6.93e-11,5.307e-11,6.119e-11,25.0,1
347,2.0,2.0,2.0,1.0,2.0,6.0,3.0,3.0,9.0,9.0,51.0,51.0,6.935e-11,5.319e-11,6.127e-11,25.0,1
348,2.0,2.0,2.0,1.0,2.0,6.0,3.0,3.0,9.0,9.0,53.0,53.0,6.942e-11,5.331e-11,6.137e-11,25.0,1
349,2.0,2.0,2.0,1.0,2.0,6.0,3.0,3.0,9.0,9.0,55.0,55.0,6.95e-11,5.345e-11,6.147e-11,25.0,1
350,2.0,2.0,2.0,1.0,2.0,6.0,3.0,3.0,9.0,9.0,57.0,57.0,6.959e-11,5.359e-11,6.159e-11,25.0,1
351,2.0,2.0,2.0,1.0,2.0,6.0,3.0,3.0,11.0,11.0,49.0,49.0,6.899e-11,5.263e-11,6.081e-11,25.0,1
352,2.0,2.0,2.0,1.0,2.0,6.0,3.0,3.0,11.0,11.0,51.0,51.0,6.901e-11,5.27e-11,6.086e-11,25.0,1
353,2.0,2.0,2.0,1.0,2.0,6.0,3.0,3.0,11.0,11.0,53.0,53.0,6.903e-11,5.278e-11,6.09e-11,25.0,1
354,2.0,2.0,2.0,1.0,2.0,6.0,3.0,3.0,11.0,11.0,55.0,55.0,6.907e-11,5.287e-11,6.097e-11,25.0,1
355,2.0,2.0,2.0,1.0,2.0,6.0,3.0,3.0,11.0,11.0,57.0,57.0,6.912e-11,5.296e-11,6.104e-11,25.0,1
356,2.0,2.0,2.0,1.0,2.0,6.0,3.0,3.0,13.0,13.0,49.0,49.0,6.904e-11,5.257e-11,6.081e-11,25.0,1
357,2.0,2.0,2.0,1.0,2.0,6.0,3.0,3.0,13.0,13.0,51.0,51.0,6.901e-11,5.261e-11,6.081e-11,25.0,1
358,2.0,2.0,2.0,1.0,2.0,6.0,3.0,3.0,13.0,13.0,53.0,53.0,6.902e-11,5.266e-11,6.084e-11,25.0,1
359,2.0,2.0,2.0,1.0,2.0,6.0,3.0,3.0,13.0,13.0,55.0,55.0,6.903e-11,5.272e-11,6.088e-11,25.0,1
360,2.0,2.0,2.0,1.0,2.0,6.0,3.0,3.0,13.0,13.0,57.0,57.0,6.905e-11,5.28e-11,6.093e-11,25.0,1
361,2.0,2.0,3.0,2.0,1.0,3.0,1.0,1.0,9.0,9.0,49.0,49.0,5.778e-11,5.262e-11,5.52e-11,25.0,1
362,2.0,2.0,3.0,2.0,1.0,3.0,1.0,1.0,9.0,9.0,51.0,51.0,5.786e-11,5.275e-11,5.53e-11,25.0,1
363,2.0,2.0,3.0,2.0,1.0,3.0,1.0,1.0,9.0,9.0,53.0,53.0,5.795e-11,5.289e-11,5.542e-11,25.0,1
364,2.0,2.0,3.0,2.0,1.0,3.0,1.0,1.0,9.0,9.0,55.0,55.0,5.806e-11,5.304e-11,5.555e-11,25.0,1
365,2.0,2.0,3.0,2.0,1.0,3.0,1.0,1.0,9.0,9.0,57.0,57.0,5.818e-11,5.321e-11,5.569e-11,25.0,1
366,2.0,2.0,3.0,2.0,1.0,3.0,1.0,1.0,11.0,11.0,49.0,49.0,5.92e-11,5.369e-11,5.644e-11,25.0,1
367,2.0,2.0,3.0,2.0,1.0,3.0,1.0,1.0,11.0,11.0,51.0,51.0,5.924e-11,5.378e-11,5.651e-11,25.0,1
368,2.0,2.0,3.0,2.0,1.0,3.0,1.0,1.0,11.0,11.0,53.0,53.0,5.93e-11,5.388e-11,5.659e-11,25.0,1
369,2.0,2.0,3.0,2.0,1.0,3.0,1.0,1.0,11.0,11.0,55.0,55.0,5.937e-11,5.399e-11,5.668e-11,25.0,1
370,2.0,2.0,3.0,2.0,1.0,3.0,1.0,1.0,11.0,11.0,57.0,57.0,5.945e-11,5.411e-11,5.678e-11,25.0,1
371,2.0,2.0,3.0,2.0,1.0,3.0,1.0,1.0,13.0,13.0,49.0,49.0,6.1e-11,5.515e-11,5.807e-11,25.0,1
372,2.0,2.0,3.0,2.0,1.0,3.0,1.0,1.0,13.0,13.0,51.0,51.0,6.101e-11,5.52e-11,5.81e-11,25.0,1
373,2.0,2.0,3.0,2.0,1.0,3.0,1.0,1.0,13.0,13.0,53.0,53.0,6.103e-11,5.527e-11,5.815e-11,25.0,1
374,2.0,2.0,3.0,2.0,1.0,3.0,1.0,1.0,13.0,13.0,55.0,55.0,6.107e-11,5.535e-11,5.821e-11,25.0,1
375,2.0,2.0,3.0,2.0,1.0,3.0,1.0,1.0,13.0,13.0,57.0,57.0,6.113e-11,5.544e-11,5.828e-11,25.0,1
376,2.0,2.0,3.0,2.0,1.0,3.0,2.0,2.0,9.0,9.0,49.0,49.0,5.263e-11,4.801e-11,5.032e-11,25.0,1
377,2.0,2.0,3.0,2.0,1.0,3.0,2.0,2.0,9.0,9.0,51.0,51.0,5.269e-11,4.813e-11,5.041e-11,25.0,1
378,2.0,2.0,3.0,2.0,1.0,3.0,2.0,2.0,9.0,9.0,53.0,53.0,5.276e-11,4.826e-11,5.051e-11,25.0,1
379,2.0,2.0,3.0,2.0,1.0,3.0,2.0,2.0,9.0,9.0,55.0,55.0,5.285e-11,4.84e-11,5.062e-11,25.0,1
380,2.0,2.0,3.0,2.0,1.0,3.0,2.0,2.0,9.0,9.0,57.0,57.0,5.295e-11,4.854e-11,5.075e-11,25.0,1
381,2.0,2.0,3.0,2.0,1.0,3.0,2.0,2.0,11.0,11.0,49.0,49.0,5.277e-11,4.797e-11,5.037e-11,25.0,1
382,2.0,2.0,3.0,2.0,1.0,3.0,2.0,2.0,11.0,11.0,51.0,51.0,5.278e-11,4.804e-11,5.041e-11,25.0,1
383,2.0,2.0,3.0,2.0,1.0,3.0,2.0,2.0,11.0,11.0,53.0,53.0,5.282e-11,4.813e-11,5.048e-11,25.0,1
384,2.0,2.0,3.0,2.0,1.0,3.0,2.0,2.0,11.0,11.0,55.0,55.0,5.287e-11,4.822e-11,5.054e-11,25.0,1
385,2.0,2.0,3.0,2.0,1.0,3.0,2.0,2.0,11.0,11.0,57.0,57.0,5.293e-11,4.832e-11,5.063e-11,25.0,1
386,2.0,2.0,3.0,2.0,1.0,3.0,2.0,2.0,13.0,13.0,49.0,49.0,5.325e-11,4.829e-11,5.077e-11,25.0,1
387,2.0,2.0,3.0,2.0,1.0,3.0,2.0,2.0,13.0,13.0,51.0,51.0,5.324e-11,4.833e-11,5.078e-11,25.0,1
388,2.0,2.0,3.0,2.0,1.0,3.0,2.0,2.0,13.0,13.0,53.0,53.0,5.325e-11,4.839e-11,5.082e-11,25.0,1
389,2.0,2.0,3.0,2.0,1.0,3.0,2.0,2.0,13.0,13.0,55.0,55.0,5.327e-11,4.845e-11,5.086e-11,25.0,1
390,2.0,2.0,3.0,2.0,1.0,3.0,2.0,2.0,13.0,13.0,57.0,57.0,5.331e-11,4.853e-11,5.092e-11,25.0,1
391,2.0,2.0,3.0,2.0,1.0,3.0,3.0,3.0,9.0,9.0,49.0,49.0,5.176e-11,4.713e-11,4.944e-11,25.0,1
392,2.0,2.0,3.0,2.0,1.0,3.0,3.0,3.0,9.0,9.0,51.0,51.0,5.18e-11,4.725e-11,4.953e-11,25.0,1
393,2.0,2.0,3.0,2.0,1.0,3.0,3.0,3.0,9.0,9.0,53.0,53.0,5.187e-11,4.737e-11,4.962e-11,25.0,1
394,2.0,2.0,3.0,2.0,1.0,3.0,3.0,3.0,9.0,9.0,55.0,55.0,5.195e-11,4.75e-11,4.973e-11,25.0,1
395,2.0,2.0,3.0,2.0,1.0,3.0,3.0,3.0,9.0,9.0,57.0,57.0,5.205e-11,4.765e-11,4.985e-11,25.0,1
396,2.0,2.0,3.0,2.0,1.0,3.0,3.0,3.0,11.0,11.0,49.0,49.0,5.148e-11,4.672e-11,4.91e-11,25.0,1
397,2.0,2.0,3.0,2.0,1.0,3.0,3.0,3.0,11.0,11.0,51.0,51.0,5.149e-11,4.678e-11,4.913e-11,25.0,1
398,2.0,2.0,3.0,2.0,1.0,3.0,3.0,3.0,11.0,11.0,53.0,53.0,5.151e-11,4.686e-11,4.919e-11,25.0,1
399,2.0,2.0,3.0,2.0,1.0,3.0,3.0,3.0,11.0,11.0,55.0,55.0,5.155e-11,4.695e-11,4.925e-11,25.0,1
400,2.0,2.0,3.0,2.0,1.0,3.0,3.0,3.0,11.0,11.0,57.0,57.0,5.161e-11,4.706e-11,4.933e-11,25.0,1
401,2.0,2.0,3.0,2.0,1.0,3.0,3.0,3.0,13.0,13.0,49.0,49.0,5.155e-11,4.667e-11,4.911e-11,25.0,1
402,2.0,2.0,3.0,2.0,1.0,3.0,3.0,3.0,13.0,13.0,51.0,51.0,5.153e-11,4.671e-11,4.912e-11,25.0,1
403,2.0,2.0,3.0,2.0,1.0,3.0,3.0,3.0,13.0,13.0,53.0,53.0,5.153e-11,4.676e-11,4.915e-11,25.0,1
404,2.0,2.0,3.0,2.0,1.0,3.0,3.0,3.0,13.0,13.0,55.0,55.0,5.154e-11,4.682e-11,4.918e-11,25.0,1
405,2.0,2.0,3.0,2.0,1.0,3.0,3.0,3.0,13.0,13.0,57.0,57.0,5.157e-11,4.689e-11,4.923e-11,25.0,1
406,2.0,2.0,3.0,2.0,2.0,6.0,1.0,1.0,9.0,9.0,49.0,49.0,6.447e-11,5.745e-11,6.096e-11,25.0,1
407,2.0,2.0,3.0,2.0,2.0,6.0,1.0,1.0,9.0,9.0,51.0,51.0,6.455e-11,5.758e-11,6.107e-11,25.0,1
408,2.0,2.0,3.0,2.0,2.0,6.0,1.0,1.0,9.0,9.0,53.0,53.0,6.464e-11,5.772e-11,6.118e-11,25.0,1
409,2.0,2.0,3.0,2.0,2.0,6.0,1.0,1.0,9.0,9.0,55.0,55.0,6.475e-11,5.787e-11,6.131e-11,25.0,1
410,2.0,2.0,3.0,2.0,2.0,6.0,1.0,1.0,9.0,9.0,57.0,57.0,6.487e-11,5.803e-11,6.145e-11,25.0,1
411,2.0,2.0,3.0,2.0,2.0,6.0,1.0,1.0,11.0,11.0,49.0,49.0,6.589e-11,5.853e-11,6.221e-11,25.0,1
412,2.0,2.0,3.0,2.0,2.0,6.0,1.0,1.0,11.0,11.0,51.0,51.0,6.594e-11,5.862e-11,6.228e-11,25.0,1
413,2.0,2.0,3.0,2.0,2.0,6.0,1.0,1.0,11.0,11.0,53.0,53.0,6.599e-11,5.872e-11,6.236e-11,25.0,1
414,2.0,2.0,3.0,2.0,2.0,6.0,1.0,1.0,11.0,11.0,55.0,55.0,6.606e-11,5.884e-11,6.245e-11,25.0,1
415,2.0,2.0,3.0,2.0,2.0,6.0,1.0,1.0,11.0,11.0,57.0,57.0,6.615e-11,5.895e-11,6.255e-11,25.0,1
416,2.0,2.0,3.0,2.0,2.0,6.0,1.0,1.0,13.0,13.0,49.0,49.0,6.769e-11,6e-11,6.385e-11,25.0,1
417,2.0,2.0,3.0,2.0,2.0,6.0,1.0,1.0,13.0,13.0,51.0,51.0,6.771e-11,6.006e-11,6.388e-11,25.0,1
418,2.0,2.0,3.0,2.0,2.0,6.0,1.0,1.0,13.0,13.0,53.0,53.0,6.773e-11,6.013e-11,6.393e-11,25.0,1
419,2.0,2.0,3.0,2.0,2.0,6.0,1.0,1.0,13.0,13.0,55.0,55.0,6.778e-11,6.021e-11,6.399e-11,25.0,1
420,2.0,2.0,3.0,2.0,2.0,6.0,1.0,1.0,13.0,13.0,57.0,57.0,6.783e-11,6.029e-11,6.406e-11,25.0,1
421,2.0,2.0,3.0,2.0,2.0,6.0,2.0,2.0,9.0,9.0,49.0,49.0,5.869e-11,5.226e-11,5.548e-11,25.0,1
422,2.0,2.0,3.0,2.0,2.0,6.0,2.0,2.0,9.0,9.0,51.0,51.0,5.875e-11,5.238e-11,5.557e-11,25.0,1
423,2.0,2.0,3.0,2.0,2.0,6.0,2.0,2.0,9.0,9.0,53.0,53.0,5.883e-11,5.251e-11,5.567e-11,25.0,1
424,2.0,2.0,3.0,2.0,2.0,6.0,2.0,2.0,9.0,9.0,55.0,55.0,5.892e-11,5.265e-11,5.578e-11,25.0,1
425,2.0,2.0,3.0,2.0,2.0,6.0,2.0,2.0,9.0,9.0,57.0,57.0,5.901e-11,5.279e-11,5.59e-11,25.0,1
426,2.0,2.0,3.0,2.0,2.0,6.0,2.0,2.0,11.0,11.0,49.0,49.0,5.882e-11,5.218e-11,5.55e-11,25.0,1
427,2.0,2.0,3.0,2.0,2.0,6.0,2.0,2.0,11.0,11.0,51.0,51.0,5.884e-11,5.226e-11,5.555e-11,25.0,1
428,2.0,2.0,3.0,2.0,2.0,6.0,2.0,2.0,11.0,11.0,53.0,53.0,5.888e-11,5.235e-11,5.561e-11,25.0,1
429,2.0,2.0,3.0,2.0,2.0,6.0,2.0,2.0,11.0,11.0,55.0,55.0,5.893e-11,5.244e-11,5.569e-11,25.0,1
430,2.0,2.0,3.0,2.0,2.0,6.0,2.0,2.0,11.0,11.0,57.0,57.0,5.899e-11,5.255e-11,5.577e-11,25.0,1
431,2.0,2.0,3.0,2.0,2.0,6.0,2.0,2.0,13.0,13.0,49.0,49.0,5.93e-11,5.248e-11,5.589e-11,25.0,1
432,2.0,2.0,3.0,2.0,2.0,6.0,2.0,2.0,13.0,13.0,51.0,51.0,5.929e-11,5.253e-11,5.591e-11,25.0,1
433,2.0,2.0,3.0,2.0,2.0,6.0,2.0,2.0,13.0,13.0,53.0,53.0,5.93e-11,5.259e-11,5.594e-11,25.0,1
434,2.0,2.0,3.0,2.0,2.0,6.0,2.0,2.0,13.0,13.0,55.0,55.0,5.932e-11,5.265e-11,5.599e-11,25.0,1
435,2.0,2.0,3.0,2.0,2.0,6.0,2.0,2.0,13.0,13.0,57.0,57.0,5.936e-11,5.273e-11,5.604e-11,25.0,1
436,2.0,2.0,3.0,2.0,2.0,6.0,3.0,3.0,9.0,9.0,49.0,49.0,5.727e-11,5.09e-11,5.408e-11,25.0,1
437,2.0,2.0,3.0,2.0,2.0,6.0,3.0,3.0,9.0,9.0,51.0,51.0,5.732e-11,5.101e-11,5.416e-11,25.0,1
438,2.0,2.0,3.0,2.0,2.0,6.0,3.0,3.0,9.0,9.0,53.0,53.0,5.738e-11,5.114e-11,5.426e-11,25.0,1
439,2.0,2.0,3.0,2.0,2.0,6.0,3.0,3.0,9.0,9.0,55.0,55.0,5.747e-11,5.127e-11,5.437e-11,25.0,1
440,2.0,2.0,3.0,2.0,2.0,6.0,3.0,3.0,9.0,9.0,57.0,57.0,5.756e-11,5.142e-11,5.449e-11,25.0,1
441,2.0,2.0,3.0,2.0,2.0,6.0,3.0,3.0,11.0,11.0,49.0,49.0,5.696e-11,5.043e-11,5.37e-11,25.0,1
442,2.0,2.0,3.0,2.0,2.0,6.0,3.0,3.0,11.0,11.0,51.0,51.0,5.697e-11,5.051e-11,5.374e-11,25.0,1
443,2.0,2.0,3.0,2.0,2.0,6.0,3.0,3.0,11.0,11.0,53.0,53.0,5.7e-11,5.059e-11,5.38e-11,25.0,1
444,2.0,2.0,3.0,2.0,2.0,6.0,3.0,3.0,11.0,11.0,55.0,55.0,5.704e-11,5.068e-11,5.386e-11,25.0,1
445,2.0,2.0,3.0,2.0,2.0,6.0,3.0,3.0,11.0,11.0,57.0,57.0,5.709e-11,5.078e-11,5.394e-11,25.0,1
446,2.0,2.0,3.0,2.0,2.0,6.0,3.0,3.0,13.0,13.0,49.0,49.0,5.701e-11,5.036e-11,5.369e-11,25.0,1
447,2.0,2.0,3.0,2.0,2.0,6.0,3.0,3.0,13.0,13.0,51.0,51.0,5.699e-11,5.04e-11,5.37e-11,25.0,1
448,2.0,2.0,3.0,2.0,2.0,6.0,3.0,3.0,13.0,13.0,53.0,53.0,5.699e-11,5.046e-11,5.373e-11,25.0,1
449,2.0,2.0,3.0,2.0,2.0,6.0,3.0,3.0,13.0,13.0,55.0,55.0,5.701e-11,5.052e-11,5.376e-11,25.0,1
450,2.0,2.0,3.0,2.0,2.0,6.0,3.0,3.0,13.0,13.0,57.0,57.0,5.703e-11,5.058e-11,5.381e-11,25.0,1
451,2.0,2.0,4.0,2.0,1.0,3.0,1.0,1.0,9.0,9.0,49.0,49.0,6.047e-11,5.24e-11,5.644e-11,25.0,1
452,2.0,2.0,4.0,2.0,1.0,3.0,1.0,1.0,9.0,9.0,51.0,51.0,6.055e-11,5.253e-11,5.654e-11,25.0,1
453,2.0,2.0,4.0,2.0,1.0,3.0,1.0,1.0,9.0,9.0,53.0,53.0,6.064e-11,5.268e-11,5.666e-11,25.0,1
454,2.0,2.0,4.0,2.0,1.0,3.0,1.0,1.0,9.0,9.0,55.0,55.0,6.075e-11,5.282e-11,5.679e-11,25.0,1
455,2.0,2.0,4.0,2.0,1.0,3.0,1.0,1.0,9.0,9.0,57.0,57.0,6.087e-11,5.298e-11,5.693e-11,25.0,1
456,2.0,2.0,4.0,2.0,1.0,3.0,1.0,1.0,11.0,11.0,49.0,49.0,6.19e-11,5.346e-11,5.768e-11,25.0,1
457,2.0,2.0,4.0,2.0,1.0,3.0,1.0,1.0,11.0,11.0,51.0,51.0,6.194e-11,5.355e-11,5.775e-11,25.0,1
458,2.0,2.0,4.0,2.0,1.0,3.0,1.0,1.0,11.0,11.0,53.0,53.0,6.199e-11,5.366e-11,5.783e-11,25.0,1
459,2.0,2.0,4.0,2.0,1.0,3.0,1.0,1.0,11.0,11.0,55.0,55.0,6.206e-11,5.377e-11,5.791e-11,25.0,1
460,2.0,2.0,4.0,2.0,1.0,3.0,1.0,1.0,11.0,11.0,57.0,57.0,6.214e-11,5.388e-11,5.801e-11,25.0,1
461,2.0,2.0,4.0,2.0,1.0,3.0,1.0,1.0,13.0,13.0,49.0,49.0,6.369e-11,5.491e-11,5.93e-11,25.0,1
462,2.0,2.0,4.0,2.0,1.0,3.0,1.0,1.0,13.0,13.0,51.0,51.0,6.37e-11,5.497e-11,5.933e-11,25.0,1
463,2.0,2.0,4.0,2.0,1.0,3.0,1.0,1.0,13.0,13.0,53.0,53.0,6.373e-11,5.504e-11,5.938e-11,25.0,1
464,2.0,2.0,4.0,2.0,1.0,3.0,1.0,1.0,13.0,13.0,55.0,55.0,6.376e-11,5.512e-11,5.944e-11,25.0,1
465,2.0,2.0,4.0,2.0,1.0,3.0,1.0,1.0,13.0,13.0,57.0,57.0,6.382e-11,5.521e-11,5.951e-11,25.0,1
466,2.0,2.0,4.0,2.0,1.0,3.0,2.0,2.0,9.0,9.0,49.0,49.0,5.533e-11,4.777e-11,5.155e-11,25.0,1
467,2.0,2.0,4.0,2.0,1.0,3.0,2.0,2.0,9.0,9.0,51.0,51.0,5.539e-11,4.788e-11,5.163e-11,25.0,1
468,2.0,2.0,4.0,2.0,1.0,3.0,2.0,2.0,9.0,9.0,53.0,53.0,5.546e-11,4.801e-11,5.173e-11,25.0,1
469,2.0,2.0,4.0,2.0,1.0,3.0,2.0,2.0,9.0,9.0,55.0,55.0,5.555e-11,4.815e-11,5.185e-11,25.0,1
470,2.0,2.0,4.0,2.0,1.0,3.0,2.0,2.0,9.0,9.0,57.0,57.0,5.565e-11,4.83e-11,5.198e-11,25.0,1
471,2.0,2.0,4.0,2.0,1.0,3.0,2.0,2.0,11.0,11.0,49.0,49.0,5.547e-11,4.771e-11,5.159e-11,25.0,1
472,2.0,2.0,4.0,2.0,1.0,3.0,2.0,2.0,11.0,11.0,51.0,51.0,5.549e-11,4.779e-11,5.164e-11,25.0,1
473,2.0,2.0,4.0,2.0,1.0,3.0,2.0,2.0,11.0,11.0,53.0,53.0,5.552e-11,4.787e-11,5.17e-11,25.0,1
474,2.0,2.0,4.0,2.0,1.0,3.0,2.0,2.0,11.0,11.0,55.0,55.0,5.557e-11,4.797e-11,5.177e-11,25.0,1
475,2.0,2.0,4.0,2.0,1.0,3.0,2.0,2.0,11.0,11.0,57.0,57.0,5.563e-11,4.807e-11,5.185e-11,25.0,1
476,2.0,2.0,4.0,2.0,1.0,3.0,2.0,2.0,13.0,13.0,49.0,49.0,5.595e-11,4.802e-11,5.198e-11,25.0,1
477,2.0,2.0,4.0,2.0,1.0,3.0,2.0,2.0,13.0,13.0,51.0,51.0,5.594e-11,4.806e-11,5.2e-11,25.0,1
478,2.0,2.0,4.0,2.0,1.0,3.0,2.0,2.0,13.0,13.0,53.0,53.0,5.595e-11,4.813e-11,5.204e-11,25.0,1
479,2.0,2.0,4.0,2.0,1.0,3.0,2.0,2.0,13.0,13.0,55.0,55.0,5.597e-11,4.819e-11,5.208e-11,25.0,1
480,2.0,2.0,4.0,2.0,1.0,3.0,2.0,2.0,13.0,13.0,57.0,57.0,5.601e-11,4.827e-11,5.214e-11,25.0,1
481,2.0,2.0,4.0,2.0,1.0,3.0,3.0,3.0,9.0,9.0,49.0,49.0,5.446e-11,4.684e-11,5.065e-11,25.0,1
482,2.0,2.0,4.0,2.0,1.0,3.0,3.0,3.0,9.0,9.0,51.0,51.0,5.451e-11,4.696e-11,5.073e-11,25.0,1
483,2.0,2.0,4.0,2.0,1.0,3.0,3.0,3.0,9.0,9.0,53.0,53.0,5.457e-11,4.708e-11,5.082e-11,25.0,1
484,2.0,2.0,4.0,2.0,1.0,3.0,3.0,3.0,9.0,9.0,55.0,55.0,5.465e-11,4.721e-11,5.093e-11,25.0,1
485,2.0,2.0,4.0,2.0,1.0,3.0,3.0,3.0,9.0,9.0,57.0,57.0,5.475e-11,4.737e-11,5.106e-11,25.0,1
486,2.0,2.0,4.0,2.0,1.0,3.0,3.0,3.0,11.0,11.0,49.0,49.0,5.418e-11,4.642e-11,5.03e-11,25.0,1
487,2.0,2.0,4.0,2.0,1.0,3.0,3.0,3.0,11.0,11.0,51.0,51.0,5.419e-11,4.649e-11,5.034e-11,25.0,1
488,2.0,2.0,4.0,2.0,1.0,3.0,3.0,3.0,11.0,11.0,53.0,53.0,5.421e-11,4.658e-11,5.04e-11,25.0,1
489,2.0,2.0,4.0,2.0,1.0,3.0,3.0,3.0,11.0,11.0,55.0,55.0,5.425e-11,4.667e-11,5.046e-11,25.0,1
490,2.0,2.0,4.0,2.0,1.0,3.0,3.0,3.0,11.0,11.0,57.0,57.0,5.431e-11,4.677e-11,5.054e-11,25.0,1
491,2.0,2.0,4.0,2.0,1.0,3.0,3.0,3.0,13.0,13.0,49.0,49.0,5.425e-11,4.638e-11,5.031e-11,25.0,1
492,2.0,2.0,4.0,2.0,1.0,3.0,3.0,3.0,13.0,13.0,51.0,51.0,5.423e-11,4.643e-11,5.033e-11,25.0,1
493,2.0,2.0,4.0,2.0,1.0,3.0,3.0,3.0,13.0,13.0,53.0,53.0,5.423e-11,4.647e-11,5.035e-11,25.0,1
494,2.0,2.0,4.0,2.0,1.0,3.0,3.0,3.0,13.0,13.0,55.0,55.0,5.424e-11,4.653e-11,5.039e-11,25.0,1
495,2.0,2.0,4.0,2.0,1.0,3.0,3.0,3.0,13.0,13.0,57.0,57.0,5.427e-11,4.66e-11,5.043e-11,25.0,1
496,2.0,2.0,4.0,2.0,2.0,6.0,1.0,1.0,9.0,9.0,49.0,49.0,6.715e-11,5.605e-11,6.16e-11,25.0,1
497,2.0,2.0,4.0,2.0,2.0,6.0,1.0,1.0,9.0,9.0,51.0,51.0,6.723e-11,5.618e-11,6.171e-11,25.0,1
498,2.0,2.0,4.0,2.0,2.0,6.0,1.0,1.0,9.0,9.0,53.0,53.0,6.733e-11,5.632e-11,6.183e-11,25.0,1
499,2.0,2.0,4.0,2.0,2.0,6.0,1.0,1.0,9.0,9.0,55.0,55.0,6.743e-11,5.647e-11,6.195e-11,25.0,1
500,2.0,2.0,4.0,2.0,2.0,6.0,1.0,1.0,9.0,9.0,57.0,57.0,6.756e-11,5.663e-11,6.209e-11,25.0,1
501,2.0,2.0,4.0,2.0,2.0,6.0,1.0,1.0,11.0,11.0,49.0,49.0,6.858e-11,5.712e-11,6.285e-11,25.0,1
502,2.0,2.0,4.0,2.0,2.0,6.0,1.0,1.0,11.0,11.0,51.0,51.0,6.862e-11,5.721e-11,6.292e-11,25.0,1
503,2.0,2.0,4.0,2.0,2.0,6.0,1.0,1.0,11.0,11.0,53.0,53.0,6.868e-11,5.731e-11,6.299e-11,25.0,1
504,2.0,2.0,4.0,2.0,2.0,6.0,1.0,1.0,11.0,11.0,55.0,55.0,6.875e-11,5.742e-11,6.309e-11,25.0,1
505,2.0,2.0,4.0,2.0,2.0,6.0,1.0,1.0,11.0,11.0,57.0,57.0,6.883e-11,5.753e-11,6.318e-11,25.0,1
506,2.0,2.0,4.0,2.0,2.0,6.0,1.0,1.0,13.0,13.0,49.0,49.0,7.039e-11,5.857e-11,6.448e-11,25.0,1
507,2.0,2.0,4.0,2.0,2.0,6.0,1.0,1.0,13.0,13.0,51.0,51.0,7.039e-11,5.863e-11,6.451e-11,25.0,1
508,2.0,2.0,4.0,2.0,2.0,6.0,1.0,1.0,13.0,13.0,53.0,53.0,7.042e-11,5.87e-11,6.456e-11,25.0,1
509,2.0,2.0,4.0,2.0,2.0,6.0,1.0,1.0,13.0,13.0,55.0,55.0,7.046e-11,5.878e-11,6.462e-11,25.0,1
510,2.0,2.0,4.0,2.0,2.0,6.0,1.0,1.0,13.0,13.0,57.0,57.0,7.051e-11,5.887e-11,6.469e-11,25.0,1
511,2.0,2.0,4.0,2.0,2.0,6.0,2.0,2.0,9.0,9.0,49.0,49.0,6.139e-11,5.084e-11,5.612e-11,25.0,1
512,2.0,2.0,4.0,2.0,2.0,6.0,2.0,2.0,9.0,9.0,51.0,51.0,6.144e-11,5.096e-11,5.62e-11,25.0,1
513,2.0,2.0,4.0,2.0,2.0,6.0,2.0,2.0,9.0,9.0,53.0,53.0,6.152e-11,5.109e-11,5.63e-11,25.0,1
514,2.0,2.0,4.0,2.0,2.0,6.0,2.0,2.0,9.0,9.0,55.0,55.0,6.161e-11,5.123e-11,5.642e-11,25.0,1
515,2.0,2.0,4.0,2.0,2.0,6.0,2.0,2.0,9.0,9.0,57.0,57.0,6.171e-11,5.138e-11,5.654e-11,25.0,1
516,2.0,2.0,4.0,2.0,2.0,6.0,2.0,2.0,11.0,11.0,49.0,49.0,6.152e-11,5.076e-11,5.614e-11,25.0,1
517,2.0,2.0,4.0,2.0,2.0,6.0,2.0,2.0,11.0,11.0,51.0,51.0,6.153e-11,5.084e-11,5.619e-11,25.0,1
518,2.0,2.0,4.0,2.0,2.0,6.0,2.0,2.0,11.0,11.0,53.0,53.0,6.157e-11,5.093e-11,5.625e-11,25.0,1
519,2.0,2.0,4.0,2.0,2.0,6.0,2.0,2.0,11.0,11.0,55.0,55.0,6.161e-11,5.102e-11,5.632e-11,25.0,1
520,2.0,2.0,4.0,2.0,2.0,6.0,2.0,2.0,11.0,11.0,57.0,57.0,6.167e-11,5.112e-11,5.64e-11,25.0,1
521,2.0,2.0,4.0,2.0,2.0,6.0,2.0,2.0,13.0,13.0,49.0,49.0,6.199e-11,5.106e-11,5.652e-11,25.0,1
522,2.0,2.0,4.0,2.0,2.0,6.0,2.0,2.0,13.0,13.0,51.0,51.0,6.198e-11,5.111e-11,5.654e-11,25.0,1
523,2.0,2.0,4.0,2.0,2.0,6.0,2.0,2.0,13.0,13.0,53.0,53.0,6.198e-11,5.116e-11,5.657e-11,25.0,1
524,2.0,2.0,4.0,2.0,2.0,6.0,2.0,2.0,13.0,13.0,55.0,55.0,6.201e-11,5.123e-11,5.662e-11,25.0,1
525,2.0,2.0,4.0,2.0,2.0,6.0,2.0,2.0,13.0,13.0,57.0,57.0,6.204e-11,5.13e-11,5.667e-11,25.0,1
526,2.0,2.0,4.0,2.0,2.0,6.0,3.0,3.0,9.0,9.0,49.0,49.0,5.996e-11,4.945e-11,5.47e-11,25.0,1
527,2.0,2.0,4.0,2.0,2.0,6.0,3.0,3.0,9.0,9.0,51.0,51.0,6.001e-11,4.957e-11,5.479e-11,25.0,1
528,2.0,2.0,4.0,2.0,2.0,6.0,3.0,3.0,9.0,9.0,53.0,53.0,6.007e-11,4.97e-11,5.488e-11,25.0,1
529,2.0,2.0,4.0,2.0,2.0,6.0,3.0,3.0,9.0,9.0,55.0,55.0,6.015e-11,4.983e-11,5.499e-11,25.0,1
530,2.0,2.0,4.0,2.0,2.0,6.0,3.0,3.0,9.0,9.0,57.0,57.0,6.025e-11,4.997e-11,5.511e-11,25.0,1
531,2.0,2.0,4.0,2.0,2.0,6.0,3.0,3.0,11.0,11.0,49.0,49.0,5.965e-11,4.899e-11,5.432e-11,25.0,1
532,2.0,2.0,4.0,2.0,2.0,6.0,3.0,3.0,11.0,11.0,51.0,51.0,5.966e-11,4.906e-11,5.436e-11,25.0,1
533,2.0,2.0,4.0,2.0,2.0,6.0,3.0,3.0,11.0,11.0,53.0,53.0,5.969e-11,4.914e-11,5.441e-11,25.0,1
534,2.0,2.0,4.0,2.0,2.0,6.0,3.0,3.0,11.0,11.0,55.0,55.0,5.973e-11,4.923e-11,5.448e-11,25.0,1
535,2.0,2.0,4.0,2.0,2.0,6.0,3.0,3.0,11.0,11.0,57.0,57.0,5.978e-11,4.933e-11,5.456e-11,25.0,1
536,2.0,2.0,4.0,2.0,2.0,6.0,3.0,3.0,13.0,13.0,49.0,49.0,5.97e-11,4.891e-11,5.431e-11,25.0,1
537,2.0,2.0,4.0,2.0,2.0,6.0,3.0,3.0,13.0,13.0,51.0,51.0,5.968e-11,4.895e-11,5.432e-11,25.0,1
538,2.0,2.0,4.0,2.0,2.0,6.0,3.0,3.0,13.0,13.0,53.0,53.0,5.968e-11,4.901e-11,5.435e-11,25.0,1
539,2.0,2.0,4.0,2.0,2.0,6.0,3.0,3.0,13.0,13.0,55.0,55.0,5.97e-11,4.906e-11,5.438e-11,25.0,1
540,2.0,2.0,4.0,2.0,2.0,6.0,3.0,3.0,13.0,13.0,57.0,57.0,5.972e-11,4.913e-11,5.443e-11,25.0,1
541,3.0,3.0,2.0,1.0,1.0,3.0,1.0,1.0,9.0,9.0,49.0,49.0,6.231e-11,5.199e-11,5.715e-11,25.0,1
542,3.0,3.0,2.0,1.0,1.0,3.0,1.0,1.0,9.0,9.0,51.0,51.0,6.238e-11,5.212e-11,5.725e-11,25.0,1
543,3.0,3.0,2.0,1.0,1.0,3.0,1.0,1.0,9.0,9.0,53.0,53.0,6.248e-11,5.226e-11,5.737e-11,25.0,1
544,3.0,3.0,2.0,1.0,1.0,3.0,1.0,1.0,9.0,9.0,55.0,55.0,6.258e-11,5.241e-11,5.749e-11,25.0,1
545,3.0,3.0,2.0,1.0,1.0,3.0,1.0,1.0,9.0,9.0,57.0,57.0,6.27e-11,5.257e-11,5.763e-11,25.0,1
546,3.0,3.0,2.0,1.0,1.0,3.0,1.0,1.0,11.0,11.0,49.0,49.0,6.373e-11,5.306e-11,5.839e-11,25.0,1
547,3.0,3.0,2.0,1.0,1.0,3.0,1.0,1.0,11.0,11.0,51.0,51.0,6.377e-11,5.315e-11,5.846e-11,25.0,1
548,3.0,3.0,2.0,1.0,1.0,3.0,1.0,1.0,11.0,11.0,53.0,53.0,6.383e-11,5.325e-11,5.854e-11,25.0,1
549,3.0,3.0,2.0,1.0,1.0,3.0,1.0,1.0,11.0,11.0,55.0,55.0,6.389e-11,5.336e-11,5.863e-11,25.0,1
550,3.0,3.0,2.0,1.0,1.0,3.0,1.0,1.0,11.0,11.0,57.0,57.0,6.397e-11,5.347e-11,5.872e-11,25.0,1
551,3.0,3.0,2.0,1.0,1.0,3.0,1.0,1.0,13.0,13.0,49.0,49.0,6.553e-11,5.451e-11,6.002e-11,25.0,1
552,3.0,3.0,2.0,1.0,1.0,3.0,1.0,1.0,13.0,13.0,51.0,51.0,6.553e-11,5.457e-11,6.005e-11,25.0,1
553,3.0,3.0,2.0,1.0,1.0,3.0,1.0,1.0,13.0,13.0,53.0,53.0,6.556e-11,5.465e-11,6.01e-11,25.0,1
554,3.0,3.0,2.0,1.0,1.0,3.0,1.0,1.0,13.0,13.0,55.0,55.0,6.56e-11,5.472e-11,6.016e-11,25.0,1
555,3.0,3.0,2.0,1.0,1.0,3.0,1.0,1.0,13.0,13.0,57.0,57.0,6.566e-11,5.48e-11,6.023e-11,25.0,1
556,3.0,3.0,2.0,1.0,1.0,3.0,2.0,2.0,9.0,9.0,49.0,49.0,5.736e-11,4.747e-11,5.242e-11,25.0,1
557,3.0,3.0,2.0,1.0,1.0,3.0,2.0,2.0,9.0,9.0,51.0,51.0,5.742e-11,4.76e-11,5.251e-11,25.0,1
558,3.0,3.0,2.0,1.0,1.0,3.0,2.0,2.0,9.0,9.0,53.0,53.0,5.748e-11,4.773e-11,5.261e-11,25.0,1
559,3.0,3.0,2.0,1.0,1.0,3.0,2.0,2.0,9.0,9.0,55.0,55.0,5.758e-11,4.787e-11,5.272e-11,25.0,1
560,3.0,3.0,2.0,1.0,1.0,3.0,2.0,2.0,9.0,9.0,57.0,57.0,5.768e-11,4.801e-11,5.285e-11,25.0,1
561,3.0,3.0,2.0,1.0,1.0,3.0,2.0,2.0,11.0,11.0,49.0,49.0,5.749e-11,4.742e-11,5.245e-11,25.0,1
562,3.0,3.0,2.0,1.0,1.0,3.0,2.0,2.0,11.0,11.0,51.0,51.0,5.752e-11,4.75e-11,5.251e-11,25.0,1
563,3.0,3.0,2.0,1.0,1.0,3.0,2.0,2.0,11.0,11.0,53.0,53.0,5.754e-11,4.758e-11,5.256e-11,25.0,1
564,3.0,3.0,2.0,1.0,1.0,3.0,2.0,2.0,11.0,11.0,55.0,55.0,5.76e-11,4.768e-11,5.264e-11,25.0,1
565,3.0,3.0,2.0,1.0,1.0,3.0,2.0,2.0,11.0,11.0,57.0,57.0,5.766e-11,4.778e-11,5.272e-11,25.0,1
566,3.0,3.0,2.0,1.0,1.0,3.0,2.0,2.0,13.0,13.0,49.0,49.0,5.797e-11,4.773e-11,5.285e-11,25.0,1
567,3.0,3.0,2.0,1.0,1.0,3.0,2.0,2.0,13.0,13.0,51.0,51.0,5.795e-11,4.778e-11,5.287e-11,25.0,1
568,3.0,3.0,2.0,1.0,1.0,3.0,2.0,2.0,13.0,13.0,53.0,53.0,5.796e-11,4.783e-11,5.29e-11,25.0,1
569,3.0,3.0,2.0,1.0,1.0,3.0,2.0,2.0,13.0,13.0,55.0,55.0,5.799e-11,4.79e-11,5.294e-11,25.0,1
570,3.0,3.0,2.0,1.0,1.0,3.0,2.0,2.0,13.0,13.0,57.0,57.0,5.802e-11,4.798e-11,5.3e-11,25.0,1
571,3.0,3.0,2.0,1.0,1.0,3.0,3.0,3.0,9.0,9.0,49.0,49.0,5.665e-11,4.665e-11,5.165e-11,25.0,1
572,3.0,3.0,2.0,1.0,1.0,3.0,3.0,3.0,9.0,9.0,51.0,51.0,5.671e-11,4.677e-11,5.174e-11,25.0,1
573,3.0,3.0,2.0,1.0,1.0,3.0,3.0,3.0,9.0,9.0,53.0,53.0,5.677e-11,4.69e-11,5.183e-11,25.0,1
574,3.0,3.0,2.0,1.0,1.0,3.0,3.0,3.0,9.0,9.0,55.0,55.0,5.685e-11,4.703e-11,5.194e-11,25.0,1
575,3.0,3.0,2.0,1.0,1.0,3.0,3.0,3.0,9.0,9.0,57.0,57.0,5.695e-11,4.718e-11,5.206e-11,25.0,1
576,3.0,3.0,2.0,1.0,1.0,3.0,3.0,3.0,11.0,11.0,49.0,49.0,5.637e-11,4.623e-11,5.13e-11,25.0,1
577,3.0,3.0,2.0,1.0,1.0,3.0,3.0,3.0,11.0,11.0,51.0,51.0,5.638e-11,4.63e-11,5.134e-11,25.0,1
578,3.0,3.0,2.0,1.0,1.0,3.0,3.0,3.0,11.0,11.0,53.0,53.0,5.641e-11,4.638e-11,5.139e-11,25.0,1
579,3.0,3.0,2.0,1.0,1.0,3.0,3.0,3.0,11.0,11.0,55.0,55.0,5.645e-11,4.647e-11,5.146e-11,25.0,1
580,3.0,3.0,2.0,1.0,1.0,3.0,3.0,3.0,11.0,11.0,57.0,57.0,5.65e-11,4.657e-11,5.153e-11,25.0,1
581,3.0,3.0,2.0,1.0,1.0,3.0,3.0,3.0,13.0,13.0,49.0,49.0,5.643e-11,4.618e-11,5.131e-11,25.0,1
582,3.0,3.0,2.0,1.0,1.0,3.0,3.0,3.0,13.0,13.0,51.0,51.0,5.642e-11,4.623e-11,5.132e-11,25.0,1
583,3.0,3.0,2.0,1.0,1.0,3.0,3.0,3.0,13.0,13.0,53.0,53.0,5.641e-11,4.627e-11,5.134e-11,25.0,1
584,3.0,3.0,2.0,1.0,1.0,3.0,3.0,3.0,13.0,13.0,55.0,55.0,5.642e-11,4.634e-11,5.138e-11,25.0,1
585,3.0,3.0,2.0,1.0,1.0,3.0,3.0,3.0,13.0,13.0,57.0,57.0,5.645e-11,4.64e-11,5.143e-11,25.0,1
586,3.0,3.0,2.0,1.0,2.0,6.0,1.0,1.0,9.0,9.0,49.0,49.0,7.615e-11,5.953e-11,6.784e-11,25.0,1
587,3.0,3.0,2.0,1.0,2.0,6.0,1.0,1.0,9.0,9.0,51.0,51.0,7.623e-11,5.966e-11,6.795e-11,25.0,1
588,3.0,3.0,2.0,1.0,2.0,6.0,1.0,1.0,9.0,9.0,53.0,53.0,7.633e-11,5.98e-11,6.806e-11,25.0,1
589,3.0,3.0,2.0,1.0,2.0,6.0,1.0,1.0,9.0,9.0,55.0,55.0,7.643e-11,5.995e-11,6.819e-11,25.0,1
590,3.0,3.0,2.0,1.0,2.0,6.0,1.0,1.0,9.0,9.0,57.0,57.0,7.655e-11,6.01e-11,6.833e-11,25.0,1
591,3.0,3.0,2.0,1.0,2.0,6.0,1.0,1.0,11.0,11.0,49.0,49.0,7.758e-11,6.064e-11,6.911e-11,25.0,1
592,3.0,3.0,2.0,1.0,2.0,6.0,1.0,1.0,11.0,11.0,51.0,51.0,7.762e-11,6.073e-11,6.918e-11,25.0,1
593,3.0,3.0,2.0,1.0,2.0,6.0,1.0,1.0,11.0,11.0,53.0,53.0,7.768e-11,6.083e-11,6.925e-11,25.0,1
594,3.0,3.0,2.0,1.0,2.0,6.0,1.0,1.0,11.0,11.0,55.0,55.0,7.775e-11,6.093e-11,6.934e-11,25.0,1
595,3.0,3.0,2.0,1.0,2.0,6.0,1.0,1.0,11.0,11.0,57.0,57.0,7.783e-11,6.105e-11,6.944e-11,25.0,1
596,3.0,3.0,2.0,1.0,2.0,6.0,1.0,1.0,13.0,13.0,49.0,49.0,7.938e-11,6.21e-11,7.074e-11,25.0,1
597,3.0,3.0,2.0,1.0,2.0,6.0,1.0,1.0,13.0,13.0,51.0,51.0,7.939e-11,6.216e-11,7.078e-11,25.0,1
598,3.0,3.0,2.0,1.0,2.0,6.0,1.0,1.0,13.0,13.0,53.0,53.0,7.942e-11,6.223e-11,7.082e-11,25.0,1
599,3.0,3.0,2.0,1.0,2.0,6.0,1.0,1.0,13.0,13.0,55.0,55.0,7.945e-11,6.231e-11,7.088e-11,25.0,1
600,3.0,3.0,2.0,1.0,2.0,6.0,1.0,1.0,13.0,13.0,57.0,57.0,7.951e-11,6.24e-11,7.095e-11,25.0,1
601,3.0,3.0,2.0,1.0,2.0,6.0,2.0,2.0,9.0,9.0,49.0,49.0,7.057e-11,5.435e-11,6.246e-11,25.0,1
602,3.0,3.0,2.0,1.0,2.0,6.0,2.0,2.0,9.0,9.0,51.0,51.0,7.062e-11,5.447e-11,6.255e-11,25.0,1
603,3.0,3.0,2.0,1.0,2.0,6.0,2.0,2.0,9.0,9.0,53.0,53.0,7.069e-11,5.46e-11,6.264e-11,25.0,1
604,3.0,3.0,2.0,1.0,2.0,6.0,2.0,2.0,9.0,9.0,55.0,55.0,7.078e-11,5.473e-11,6.276e-11,25.0,1
605,3.0,3.0,2.0,1.0,2.0,6.0,2.0,2.0,9.0,9.0,57.0,57.0,7.088e-11,5.489e-11,6.288e-11,25.0,1
606,3.0,3.0,2.0,1.0,2.0,6.0,2.0,2.0,11.0,11.0,49.0,49.0,7.069e-11,5.431e-11,6.25e-11,25.0,1
607,3.0,3.0,2.0,1.0,2.0,6.0,2.0,2.0,11.0,11.0,51.0,51.0,7.07e-11,5.438e-11,6.254e-11,25.0,1
608,3.0,3.0,2.0,1.0,2.0,6.0,2.0,2.0,11.0,11.0,53.0,53.0,7.073e-11,5.447e-11,6.26e-11,25.0,1
609,3.0,3.0,2.0,1.0,2.0,6.0,2.0,2.0,11.0,11.0,55.0,55.0,7.079e-11,5.456e-11,6.267e-11,25.0,1
610,3.0,3.0,2.0,1.0,2.0,6.0,2.0,2.0,11.0,11.0,57.0,57.0,7.085e-11,5.467e-11,6.276e-11,25.0,1
611,3.0,3.0,2.0,1.0,2.0,6.0,2.0,2.0,13.0,13.0,49.0,49.0,7.115e-11,5.463e-11,6.289e-11,25.0,1
612,3.0,3.0,2.0,1.0,2.0,6.0,2.0,2.0,13.0,13.0,51.0,51.0,7.115e-11,5.468e-11,6.291e-11,25.0,1
613,3.0,3.0,2.0,1.0,2.0,6.0,2.0,2.0,13.0,13.0,53.0,53.0,7.115e-11,5.474e-11,6.294e-11,25.0,1
614,3.0,3.0,2.0,1.0,2.0,6.0,2.0,2.0,13.0,13.0,55.0,55.0,7.117e-11,5.48e-11,6.299e-11,25.0,1
615,3.0,3.0,2.0,1.0,2.0,6.0,2.0,2.0,13.0,13.0,57.0,57.0,7.121e-11,5.487e-11,6.304e-11,25.0,1
616,3.0,3.0,2.0,1.0,2.0,6.0,3.0,3.0,9.0,9.0,49.0,49.0,6.931e-11,5.307e-11,6.119e-11,25.0,1
617,3.0,3.0,2.0,1.0,2.0,6.0,3.0,3.0,9.0,9.0,51.0,51.0,6.936e-11,5.318e-11,6.127e-11,25.0,1
618,3.0,3.0,2.0,1.0,2.0,6.0,3.0,3.0,9.0,9.0,53.0,53.0,6.942e-11,5.332e-11,6.137e-11,25.0,1
619,3.0,3.0,2.0,1.0,2.0,6.0,3.0,3.0,9.0,9.0,55.0,55.0,6.95e-11,5.345e-11,6.147e-11,25.0,1
620,3.0,3.0,2.0,1.0,2.0,6.0,3.0,3.0,9.0,9.0,57.0,57.0,6.96e-11,5.36e-11,6.16e-11,25.0,1
621,3.0,3.0,2.0,1.0,2.0,6.0,3.0,3.0,11.0,11.0,49.0,49.0,6.9e-11,5.263e-11,6.081e-11,25.0,1
622,3.0,3.0,2.0,1.0,2.0,6.0,3.0,3.0,11.0,11.0,51.0,51.0,6.9e-11,5.27e-11,6.085e-11,25.0,1
623,3.0,3.0,2.0,1.0,2.0,6.0,3.0,3.0,11.0,11.0,53.0,53.0,6.903e-11,5.278e-11,6.091e-11,25.0,1
624,3.0,3.0,2.0,1.0,2.0,6.0,3.0,3.0,11.0,11.0,55.0,55.0,6.907e-11,5.287e-11,6.097e-11,25.0,1
625,3.0,3.0,2.0,1.0,2.0,6.0,3.0,3.0,11.0,11.0,57.0,57.0,6.912e-11,5.297e-11,6.105e-11,25.0,1
626,3.0,3.0,2.0,1.0,2.0,6.0,3.0,3.0,13.0,13.0,49.0,49.0,6.904e-11,5.258e-11,6.081e-11,25.0,1
627,3.0,3.0,2.0,1.0,2.0,6.0,3.0,3.0,13.0,13.0,51.0,51.0,6.902e-11,5.261e-11,6.082e-11,25.0,1
628,3.0,3.0,2.0,1.0,2.0,6.0,3.0,3.0,13.0,13.0,53.0,53.0,6.902e-11,5.266e-11,6.084e-11,25.0,1
629,3.0,3.0,2.0,1.0,2.0,6.0,3.0,3.0,13.0,13.0,55.0,55.0,6.903e-11,5.273e-11,6.088e-11,25.0,1
630,3.0,3.0,2.0,1.0,2.0,6.0,3.0,3.0,13.0,13.0,57.0,57.0,6.906e-11,5.279e-11,6.092e-11,25.0,1
631,3.0,3.0,3.0,2.0,1.0,3.0,1.0,1.0,9.0,9.0,49.0,49.0,5.778e-11,5.262e-11,5.52e-11,25.0,1
632,3.0,3.0,3.0,2.0,1.0,3.0,1.0,1.0,9.0,9.0,51.0,51.0,5.786e-11,5.275e-11,5.531e-11,25.0,1
633,3.0,3.0,3.0,2.0,1.0,3.0,1.0,1.0,9.0,9.0,53.0,53.0,5.795e-11,5.289e-11,5.542e-11,25.0,1
634,3.0,3.0,3.0,2.0,1.0,3.0,1.0,1.0,9.0,9.0,55.0,55.0,5.806e-11,5.304e-11,5.555e-11,25.0,1
635,3.0,3.0,3.0,2.0,1.0,3.0,1.0,1.0,9.0,9.0,57.0,57.0,5.818e-11,5.32e-11,5.569e-11,25.0,1
636,3.0,3.0,3.0,2.0,1.0,3.0,1.0,1.0,11.0,11.0,49.0,49.0,5.921e-11,5.369e-11,5.645e-11,25.0,1
637,3.0,3.0,3.0,2.0,1.0,3.0,1.0,1.0,11.0,11.0,51.0,51.0,5.924e-11,5.378e-11,5.651e-11,25.0,1
638,3.0,3.0,3.0,2.0,1.0,3.0,1.0,1.0,11.0,11.0,53.0,53.0,5.93e-11,5.389e-11,5.659e-11,25.0,1
639,3.0,3.0,3.0,2.0,1.0,3.0,1.0,1.0,11.0,11.0,55.0,55.0,5.937e-11,5.399e-11,5.668e-11,25.0,1
640,3.0,3.0,3.0,2.0,1.0,3.0,1.0,1.0,11.0,11.0,57.0,57.0,5.945e-11,5.411e-11,5.678e-11,25.0,1
641,3.0,3.0,3.0,2.0,1.0,3.0,1.0,1.0,13.0,13.0,49.0,49.0,6.1e-11,5.514e-11,5.807e-11,25.0,1
642,3.0,3.0,3.0,2.0,1.0,3.0,1.0,1.0,13.0,13.0,51.0,51.0,6.101e-11,5.521e-11,5.811e-11,25.0,1
643,3.0,3.0,3.0,2.0,1.0,3.0,1.0,1.0,13.0,13.0,53.0,53.0,6.103e-11,5.527e-11,5.815e-11,25.0,1
644,3.0,3.0,3.0,2.0,1.0,3.0,1.0,1.0,13.0,13.0,55.0,55.0,6.107e-11,5.535e-11,5.821e-11,25.0,1
645,3.0,3.0,3.0,2.0,1.0,3.0,1.0,1.0,13.0,13.0,57.0,57.0,6.113e-11,5.544e-11,5.828e-11,25.0,1
646,3.0,3.0,3.0,2.0,1.0,3.0,2.0,2.0,9.0,9.0,49.0,49.0,5.264e-11,4.801e-11,5.032e-11,25.0,1
647,3.0,3.0,3.0,2.0,1.0,3.0,2.0,2.0,9.0,9.0,51.0,51.0,5.269e-11,4.813e-11,5.041e-11,25.0,1
648,3.0,3.0,3.0,2.0,1.0,3.0,2.0,2.0,9.0,9.0,53.0,53.0,5.276e-11,4.826e-11,5.051e-11,25.0,1
649,3.0,3.0,3.0,2.0,1.0,3.0,2.0,2.0,9.0,9.0,55.0,55.0,5.285e-11,4.84e-11,5.062e-11,25.0,1
650,3.0,3.0,3.0,2.0,1.0,3.0,2.0,2.0,9.0,9.0,57.0,57.0,5.295e-11,4.855e-11,5.075e-11,25.0,1
651,3.0,3.0,3.0,2.0,1.0,3.0,2.0,2.0,11.0,11.0,49.0,49.0,5.277e-11,4.797e-11,5.037e-11,25.0,1
652,3.0,3.0,3.0,2.0,1.0,3.0,2.0,2.0,11.0,11.0,51.0,51.0,5.279e-11,4.804e-11,5.042e-11,25.0,1
653,3.0,3.0,3.0,2.0,1.0,3.0,2.0,2.0,11.0,11.0,53.0,53.0,5.282e-11,4.813e-11,5.048e-11,25.0,1
654,3.0,3.0,3.0,2.0,1.0,3.0,2.0,2.0,11.0,11.0,55.0,55.0,5.287e-11,4.822e-11,5.055e-11,25.0,1
655,3.0,3.0,3.0,2.0,1.0,3.0,2.0,2.0,11.0,11.0,57.0,57.0,5.293e-11,4.832e-11,5.063e-11,25.0,1
656,3.0,3.0,3.0,2.0,1.0,3.0,2.0,2.0,13.0,13.0,49.0,49.0,5.325e-11,4.829e-11,5.077e-11,25.0,1
657,3.0,3.0,3.0,2.0,1.0,3.0,2.0,2.0,13.0,13.0,51.0,51.0,5.324e-11,4.833e-11,5.079e-11,25.0,1
658,3.0,3.0,3.0,2.0,1.0,3.0,2.0,2.0,13.0,13.0,53.0,53.0,5.324e-11,4.839e-11,5.082e-11,25.0,1
659,3.0,3.0,3.0,2.0,1.0,3.0,2.0,2.0,13.0,13.0,55.0,55.0,5.327e-11,4.845e-11,5.086e-11,25.0,1
660,3.0,3.0,3.0,2.0,1.0,3.0,2.0,2.0,13.0,13.0,57.0,57.0,5.331e-11,4.853e-11,5.092e-11,25.0,1
661,3.0,3.0,3.0,2.0,1.0,3.0,3.0,3.0,9.0,9.0,49.0,49.0,5.176e-11,4.713e-11,4.944e-11,25.0,1
662,3.0,3.0,3.0,2.0,1.0,3.0,3.0,3.0,9.0,9.0,51.0,51.0,5.18e-11,4.724e-11,4.952e-11,25.0,1
663,3.0,3.0,3.0,2.0,1.0,3.0,3.0,3.0,9.0,9.0,53.0,53.0,5.187e-11,4.737e-11,4.962e-11,25.0,1
664,3.0,3.0,3.0,2.0,1.0,3.0,3.0,3.0,9.0,9.0,55.0,55.0,5.196e-11,4.751e-11,4.973e-11,25.0,1
665,3.0,3.0,3.0,2.0,1.0,3.0,3.0,3.0,9.0,9.0,57.0,57.0,5.205e-11,4.765e-11,4.985e-11,25.0,1
666,3.0,3.0,3.0,2.0,1.0,3.0,3.0,3.0,11.0,11.0,49.0,49.0,5.148e-11,4.671e-11,4.91e-11,25.0,1
667,3.0,3.0,3.0,2.0,1.0,3.0,3.0,3.0,11.0,11.0,51.0,51.0,5.149e-11,4.678e-11,4.913e-11,25.0,1
668,3.0,3.0,3.0,2.0,1.0,3.0,3.0,3.0,11.0,11.0,53.0,53.0,5.152e-11,4.686e-11,4.919e-11,25.0,1
669,3.0,3.0,3.0,2.0,1.0,3.0,3.0,3.0,11.0,11.0,55.0,55.0,5.155e-11,4.696e-11,4.926e-11,25.0,1
670,3.0,3.0,3.0,2.0,1.0,3.0,3.0,3.0,11.0,11.0,57.0,57.0,5.161e-11,4.706e-11,4.933e-11,25.0,1
671,3.0,3.0,3.0,2.0,1.0,3.0,3.0,3.0,13.0,13.0,49.0,49.0,5.155e-11,4.667e-11,4.911e-11,25.0,1
672,3.0,3.0,3.0,2.0,1.0,3.0,3.0,3.0,13.0,13.0,51.0,51.0,5.153e-11,4.672e-11,4.912e-11,25.0,1
673,3.0,3.0,3.0,2.0,1.0,3.0,3.0,3.0,13.0,13.0,53.0,53.0,5.153e-11,4.677e-11,4.915e-11,25.0,1
674,3.0,3.0,3.0,2.0,1.0,3.0,3.0,3.0,13.0,13.0,55.0,55.0,5.154e-11,4.682e-11,4.918e-11,25.0,1
675,3.0,3.0,3.0,2.0,1.0,3.0,3.0,3.0,13.0,13.0,57.0,57.0,5.157e-11,4.689e-11,4.923e-11,25.0,1
676,3.0,3.0,3.0,2.0,2.0,6.0,1.0,1.0,9.0,9.0,49.0,49.0,6.447e-11,5.745e-11,6.096e-11,25.0,1
677,3.0,3.0,3.0,2.0,2.0,6.0,1.0,1.0,9.0,9.0,51.0,51.0,6.454e-11,5.758e-11,6.106e-11,25.0,1
678,3.0,3.0,3.0,2.0,2.0,6.0,1.0,1.0,9.0,9.0,53.0,53.0,6.465e-11,5.772e-11,6.118e-11,25.0,1
679,3.0,3.0,3.0,2.0,2.0,6.0,1.0,1.0,9.0,9.0,55.0,55.0,6.475e-11,5.787e-11,6.131e-11,25.0,1
680,3.0,3.0,3.0,2.0,2.0,6.0,1.0,1.0,9.0,9.0,57.0,57.0,6.487e-11,5.804e-11,6.145e-11,25.0,1
681,3.0,3.0,3.0,2.0,2.0,6.0,1.0,1.0,11.0,11.0,49.0,49.0,6.59e-11,5.854e-11,6.222e-11,25.0,1
682,3.0,3.0,3.0,2.0,2.0,6.0,1.0,1.0,11.0,11.0,51.0,51.0,6.593e-11,5.862e-11,6.228e-11,25.0,1
683,3.0,3.0,3.0,2.0,2.0,6.0,1.0,1.0,11.0,11.0,53.0,53.0,6.599e-11,5.873e-11,6.236e-11,25.0,1
684,3.0,3.0,3.0,2.0,2.0,6.0,1.0,1.0,11.0,11.0,55.0,55.0,6.606e-11,5.884e-11,6.245e-11,25.0,1
685,3.0,3.0,3.0,2.0,2.0,6.0,1.0,1.0,11.0,11.0,57.0,57.0,6.615e-11,5.895e-11,6.255e-11,25.0,1
686,3.0,3.0,3.0,2.0,2.0,6.0,1.0,1.0,13.0,13.0,49.0,49.0,6.77e-11,6e-11,6.385e-11,25.0,1
687,3.0,3.0,3.0,2.0,2.0,6.0,1.0,1.0,13.0,13.0,51.0,51.0,6.77e-11,6.006e-11,6.388e-11,25.0,1
688,3.0,3.0,3.0,2.0,2.0,6.0,1.0,1.0,13.0,13.0,53.0,53.0,6.773e-11,6.013e-11,6.393e-11,25.0,1
689,3.0,3.0,3.0,2.0,2.0,6.0,1.0,1.0,13.0,13.0,55.0,55.0,6.777e-11,6.02e-11,6.399e-11,25.0,1
690,3.0,3.0,3.0,2.0,2.0,6.0,1.0,1.0,13.0,13.0,57.0,57.0,6.783e-11,6.03e-11,6.406e-11,25.0,1
691,3.0,3.0,3.0,2.0,2.0,6.0,2.0,2.0,9.0,9.0,49.0,49.0,5.87e-11,5.226e-11,5.548e-11,25.0,1
692,3.0,3.0,3.0,2.0,2.0,6.0,2.0,2.0,9.0,9.0,51.0,51.0,5.876e-11,5.237e-11,5.557e-11,25.0,1
693,3.0,3.0,3.0,2.0,2.0,6.0,2.0,2.0,9.0,9.0,53.0,53.0,5.882e-11,5.251e-11,5.567e-11,25.0,1
694,3.0,3.0,3.0,2.0,2.0,6.0,2.0,2.0,9.0,9.0,55.0,55.0,5.892e-11,5.265e-11,5.578e-11,25.0,1
695,3.0,3.0,3.0,2.0,2.0,6.0,2.0,2.0,9.0,9.0,57.0,57.0,5.902e-11,5.279e-11,5.59e-11,25.0,1
696,3.0,3.0,3.0,2.0,2.0,6.0,2.0,2.0,11.0,11.0,49.0,49.0,5.882e-11,5.218e-11,5.55e-11,25.0,1
697,3.0,3.0,3.0,2.0,2.0,6.0,2.0,2.0,11.0,11.0,51.0,51.0,5.884e-11,5.226e-11,5.555e-11,25.0,1
698,3.0,3.0,3.0,2.0,2.0,6.0,2.0,2.0,11.0,11.0,53.0,53.0,5.888e-11,5.235e-11,5.561e-11,25.0,1
699,3.0,3.0,3.0,2.0,2.0,6.0,2.0,2.0,11.0,11.0,55.0,55.0,5.892e-11,5.244e-11,5.568e-11,25.0,1
700,3.0,3.0,3.0,2.0,2.0,6.0,2.0,2.0,11.0,11.0,57.0,57.0,5.899e-11,5.255e-11,5.577e-11,25.0,1
701,3.0,3.0,3.0,2.0,2.0,6.0,2.0,2.0,13.0,13.0,49.0,49.0,5.93e-11,5.248e-11,5.589e-11,25.0,1
702,3.0,3.0,3.0,2.0,2.0,6.0,2.0,2.0,13.0,13.0,51.0,51.0,5.929e-11,5.253e-11,5.591e-11,25.0,1
703,3.0,3.0,3.0,2.0,2.0,6.0,2.0,2.0,13.0,13.0,53.0,53.0,5.929e-11,5.259e-11,5.594e-11,25.0,1
704,3.0,3.0,3.0,2.0,2.0,6.0,2.0,2.0,13.0,13.0,55.0,55.0,5.932e-11,5.265e-11,5.599e-11,25.0,1
705,3.0,3.0,3.0,2.0,2.0,6.0,2.0,2.0,13.0,13.0,57.0,57.0,5.936e-11,5.273e-11,5.604e-11,25.0,1
706,3.0,3.0,3.0,2.0,2.0,6.0,3.0,3.0,9.0,9.0,49.0,49.0,5.727e-11,5.09e-11,5.408e-11,25.0,1
707,3.0,3.0,3.0,2.0,2.0,6.0,3.0,3.0,9.0,9.0,51.0,51.0,5.732e-11,5.101e-11,5.416e-11,25.0,1
708,3.0,3.0,3.0,2.0,2.0,6.0,3.0,3.0,9.0,9.0,53.0,53.0,5.738e-11,5.114e-11,5.426e-11,25.0,1
709,3.0,3.0,3.0,2.0,2.0,6.0,3.0,3.0,9.0,9.0,55.0,55.0,5.747e-11,5.128e-11,5.437e-11,25.0,1
710,3.0,3.0,3.0,2.0,2.0,6.0,3.0,3.0,9.0,9.0,57.0,57.0,5.756e-11,5.142e-11,5.449e-11,25.0,1
711,3.0,3.0,3.0,2.0,2.0,6.0,3.0,3.0,11.0,11.0,49.0,49.0,5.696e-11,5.044e-11,5.37e-11,25.0,1
712,3.0,3.0,3.0,2.0,2.0,6.0,3.0,3.0,11.0,11.0,51.0,51.0,5.698e-11,5.051e-11,5.374e-11,25.0,1
713,3.0,3.0,3.0,2.0,2.0,6.0,3.0,3.0,11.0,11.0,53.0,53.0,5.7e-11,5.059e-11,5.38e-11,25.0,1
714,3.0,3.0,3.0,2.0,2.0,6.0,3.0,3.0,11.0,11.0,55.0,55.0,5.704e-11,5.068e-11,5.386e-11,25.0,1
715,3.0,3.0,3.0,2.0,2.0,6.0,3.0,3.0,11.0,11.0,57.0,57.0,5.709e-11,5.078e-11,5.394e-11,25.0,1
716,3.0,3.0,3.0,2.0,2.0,6.0,3.0,3.0,13.0,13.0,49.0,49.0,5.701e-11,5.036e-11,5.369e-11,25.0,1
717,3.0,3.0,3.0,2.0,2.0,6.0,3.0,3.0,13.0,13.0,51.0,51.0,5.699e-11,5.041e-11,5.37e-11,25.0,1
718,3.0,3.0,3.0,2.0,2.0,6.0,3.0,3.0,13.0,13.0,53.0,53.0,5.699e-11,5.046e-11,5.373e-11,25.0,1
719,3.0,3.0,3.0,2.0,2.0,6.0,3.0,3.0,13.0,13.0,55.0,55.0,5.701e-11,5.052e-11,5.376e-11,25.0,1
720,3.0,3.0,3.0,2.0,2.0,6.0,3.0,3.0,13.0,13.0,57.0,57.0,5.703e-11,5.058e-11,5.381e-11,25.0,1
721,3.0,3.0,4.0,2.0,1.0,3.0,1.0,1.0,9.0,9.0,49.0,49.0,6.048e-11,5.241e-11,5.644e-11,25.0,1
722,3.0,3.0,4.0,2.0,1.0,3.0,1.0,1.0,9.0,9.0,51.0,51.0,6.055e-11,5.253e-11,5.654e-11,25.0,1
723,3.0,3.0,4.0,2.0,1.0,3.0,1.0,1.0,9.0,9.0,53.0,53.0,6.065e-11,5.268e-11,5.666e-11,25.0,1
724,3.0,3.0,4.0,2.0,1.0,3.0,1.0,1.0,9.0,9.0,55.0,55.0,6.076e-11,5.283e-11,5.679e-11,25.0,1
725,3.0,3.0,4.0,2.0,1.0,3.0,1.0,1.0,9.0,9.0,57.0,57.0,6.088e-11,5.298e-11,5.693e-11,25.0,1
726,3.0,3.0,4.0,2.0,1.0,3.0,1.0,1.0,11.0,11.0,49.0,49.0,6.19e-11,5.347e-11,5.768e-11,25.0,1
727,3.0,3.0,4.0,2.0,1.0,3.0,1.0,1.0,11.0,11.0,51.0,51.0,6.194e-11,5.356e-11,5.775e-11,25.0,1
728,3.0,3.0,4.0,2.0,1.0,3.0,1.0,1.0,11.0,11.0,53.0,53.0,6.199e-11,5.366e-11,5.783e-11,25.0,1
729,3.0,3.0,4.0,2.0,1.0,3.0,1.0,1.0,11.0,11.0,55.0,55.0,6.207e-11,5.377e-11,5.792e-11,25.0,1
730,3.0,3.0,4.0,2.0,1.0,3.0,1.0,1.0,11.0,11.0,57.0,57.0,6.215e-11,5.389e-11,5.802e-11,25.0,1
731,3.0,3.0,4.0,2.0,1.0,3.0,1.0,1.0,13.0,13.0,49.0,49.0,6.37e-11,5.491e-11,5.93e-11,25.0,1
732,3.0,3.0,4.0,2.0,1.0,3.0,1.0,1.0,13.0,13.0,51.0,51.0,6.371e-11,5.497e-11,5.934e-11,25.0,1
733,3.0,3.0,4.0,2.0,1.0,3.0,1.0,1.0,13.0,13.0,53.0,53.0,6.373e-11,5.504e-11,5.939e-11,25.0,1
734,3.0,3.0,4.0,2.0,1.0,3.0,1.0,1.0,13.0,13.0,55.0,55.0,6.377e-11,5.512e-11,5.944e-11,25.0,1
735,3.0,3.0,4.0,2.0,1.0,3.0,1.0,1.0,13.0,13.0,57.0,57.0,6.382e-11,5.521e-11,5.952e-11,25.0,1
736,3.0,3.0,4.0,2.0,1.0,3.0,2.0,2.0,9.0,9.0,49.0,49.0,5.534e-11,4.776e-11,5.155e-11,25.0,1
737,3.0,3.0,4.0,2.0,1.0,3.0,2.0,2.0,9.0,9.0,51.0,51.0,5.539e-11,4.788e-11,5.164e-11,25.0,1
738,3.0,3.0,4.0,2.0,1.0,3.0,2.0,2.0,9.0,9.0,53.0,53.0,5.546e-11,4.801e-11,5.174e-11,25.0,1
739,3.0,3.0,4.0,2.0,1.0,3.0,2.0,2.0,9.0,9.0,55.0,55.0,5.555e-11,4.815e-11,5.185e-11,25.0,1
740,3.0,3.0,4.0,2.0,1.0,3.0,2.0,2.0,9.0,9.0,57.0,57.0,5.566e-11,4.83e-11,5.198e-11,25.0,1
741,3.0,3.0,4.0,2.0,1.0,3.0,2.0,2.0,11.0,11.0,49.0,49.0,5.548e-11,4.771e-11,5.16e-11,25.0,1
742,3.0,3.0,4.0,2.0,1.0,3.0,2.0,2.0,11.0,11.0,51.0,51.0,5.549e-11,4.778e-11,5.164e-11,25.0,1
743,3.0,3.0,4.0,2.0,1.0,3.0,2.0,2.0,11.0,11.0,53.0,53.0,5.553e-11,4.787e-11,5.17e-11,25.0,1
744,3.0,3.0,4.0,2.0,1.0,3.0,2.0,2.0,11.0,11.0,55.0,55.0,5.557e-11,4.797e-11,5.177e-11,25.0,1
745,3.0,3.0,4.0,2.0,1.0,3.0,2.0,2.0,11.0,11.0,57.0,57.0,5.563e-11,4.807e-11,5.185e-11,25.0,1
746,3.0,3.0,4.0,2.0,1.0,3.0,2.0,2.0,13.0,13.0,49.0,49.0,5.595e-11,4.802e-11,5.199e-11,25.0,1
747,3.0,3.0,4.0,2.0,1.0,3.0,2.0,2.0,13.0,13.0,51.0,51.0,5.594e-11,4.807e-11,5.2e-11,25.0,1
748,3.0,3.0,4.0,2.0,1.0,3.0,2.0,2.0,13.0,13.0,53.0,53.0,5.595e-11,4.812e-11,5.204e-11,25.0,1
749,3.0,3.0,4.0,2.0,1.0,3.0,2.0,2.0,13.0,13.0,55.0,55.0,5.597e-11,4.819e-11,5.208e-11,25.0,1
750,3.0,3.0,4.0,2.0,1.0,3.0,2.0,2.0,13.0,13.0,57.0,57.0,5.601e-11,4.827e-11,5.214e-11,25.0,1
751,3.0,3.0,4.0,2.0,1.0,3.0,3.0,3.0,9.0,9.0,49.0,49.0,5.446e-11,4.684e-11,5.065e-11,25.0,1
752,3.0,3.0,4.0,2.0,1.0,3.0,3.0,3.0,9.0,9.0,51.0,51.0,5.451e-11,4.696e-11,5.074e-11,25.0,1
753,3.0,3.0,4.0,2.0,1.0,3.0,3.0,3.0,9.0,9.0,53.0,53.0,5.458e-11,4.709e-11,5.083e-11,25.0,1
754,3.0,3.0,4.0,2.0,1.0,3.0,3.0,3.0,9.0,9.0,55.0,55.0,5.466e-11,4.722e-11,5.094e-11,25.0,1
755,3.0,3.0,4.0,2.0,1.0,3.0,3.0,3.0,9.0,9.0,57.0,57.0,5.476e-11,4.737e-11,5.106e-11,25.0,1
756,3.0,3.0,4.0,2.0,1.0,3.0,3.0,3.0,11.0,11.0,49.0,49.0,5.418e-11,4.642e-11,5.03e-11,25.0,1
757,3.0,3.0,4.0,2.0,1.0,3.0,3.0,3.0,11.0,11.0,51.0,51.0,5.419e-11,4.649e-11,5.034e-11,25.0,1
758,3.0,3.0,4.0,2.0,1.0,3.0,3.0,3.0,11.0,11.0,53.0,53.0,5.422e-11,4.657e-11,5.04e-11,25.0,1
759,3.0,3.0,4.0,2.0,1.0,3.0,3.0,3.0,11.0,11.0,55.0,55.0,5.426e-11,4.666e-11,5.046e-11,25.0,1
760,3.0,3.0,4.0,2.0,1.0,3.0,3.0,3.0,11.0,11.0,57.0,57.0,5.431e-11,4.677e-11,5.054e-11,25.0,1
761,3.0,3.0,4.0,2.0,1.0,3.0,3.0,3.0,13.0,13.0,49.0,49.0,5.425e-11,4.639e-11,5.032e-11,25.0,1
762,3.0,3.0,4.0,2.0,1.0,3.0,3.0,3.0,13.0,13.0,51.0,51.0,5.423e-11,4.642e-11,5.033e-11,25.0,1
763,3.0,3.0,4.0,2.0,1.0,3.0,3.0,3.0,13.0,13.0,53.0,53.0,5.423e-11,4.647e-11,5.035e-11,25.0,1
764,3.0,3.0,4.0,2.0,1.0,3.0,3.0,3.0,13.0,13.0,55.0,55.0,5.424e-11,4.653e-11,5.038e-11,25.0,1
765,3.0,3.0,4.0,2.0,1.0,3.0,3.0,3.0,13.0,13.0,57.0,57.0,5.427e-11,4.66e-11,5.044e-11,25.0,1
766,3.0,3.0,4.0,2.0,2.0,6.0,1.0,1.0,9.0,9.0,49.0,49.0,6.716e-11,5.605e-11,6.16e-11,25.0,1
767,3.0,3.0,4.0,2.0,2.0,6.0,1.0,1.0,9.0,9.0,51.0,51.0,6.724e-11,5.618e-11,6.171e-11,25.0,1
768,3.0,3.0,4.0,2.0,2.0,6.0,1.0,1.0,9.0,9.0,53.0,53.0,6.733e-11,5.632e-11,6.182e-11,25.0,1
769,3.0,3.0,4.0,2.0,2.0,6.0,1.0,1.0,9.0,9.0,55.0,55.0,6.744e-11,5.647e-11,6.195e-11,25.0,1
770,3.0,3.0,4.0,2.0,2.0,6.0,1.0,1.0,9.0,9.0,57.0,57.0,6.756e-11,5.662e-11,6.209e-11,25.0,1
771,3.0,3.0,4.0,2.0,2.0,6.0,1.0,1.0,11.0,11.0,49.0,49.0,6.858e-11,5.712e-11,6.285e-11,25.0,1
772,3.0,3.0,4.0,2.0,2.0,6.0,1.0,1.0,11.0,11.0,51.0,51.0,6.862e-11,5.721e-11,6.291e-11,25.0,1
773,3.0,3.0,4.0,2.0,2.0,6.0,1.0,1.0,11.0,11.0,53.0,53.0,6.868e-11,5.731e-11,6.299e-11,25.0,1
774,3.0,3.0,4.0,2.0,2.0,6.0,1.0,1.0,11.0,11.0,55.0,55.0,6.875e-11,5.742e-11,6.308e-11,25.0,1
775,3.0,3.0,4.0,2.0,2.0,6.0,1.0,1.0,11.0,11.0,57.0,57.0,6.883e-11,5.753e-11,6.318e-11,25.0,1
776,3.0,3.0,4.0,2.0,2.0,6.0,1.0,1.0,13.0,13.0,49.0,49.0,7.038e-11,5.858e-11,6.448e-11,25.0,1
777,3.0,3.0,4.0,2.0,2.0,6.0,1.0,1.0,13.0,13.0,51.0,51.0,7.04e-11,5.863e-11,6.451e-11,25.0,1
778,3.0,3.0,4.0,2.0,2.0,6.0,1.0,1.0,13.0,13.0,53.0,53.0,7.042e-11,5.87e-11,6.456e-11,25.0,1
779,3.0,3.0,4.0,2.0,2.0,6.0,1.0,1.0,13.0,13.0,55.0,55.0,7.046e-11,5.877e-11,6.462e-11,25.0,1
780,3.0,3.0,4.0,2.0,2.0,6.0,1.0,1.0,13.0,13.0,57.0,57.0,7.052e-11,5.886e-11,6.469e-11,25.0,1
781,3.0,3.0,4.0,2.0,2.0,6.0,2.0,2.0,9.0,9.0,49.0,49.0,6.139e-11,5.084e-11,5.611e-11,25.0,1
782,3.0,3.0,4.0,2.0,2.0,6.0,2.0,2.0,9.0,9.0,51.0,51.0,6.145e-11,5.096e-11,5.621e-11,25.0,1
783,3.0,3.0,4.0,2.0,2.0,6.0,2.0,2.0,9.0,9.0,53.0,53.0,6.152e-11,5.109e-11,5.631e-11,25.0,1
784,3.0,3.0,4.0,2.0,2.0,6.0,2.0,2.0,9.0,9.0,55.0,55.0,6.161e-11,5.123e-11,5.642e-11,25.0,1
785,3.0,3.0,4.0,2.0,2.0,6.0,2.0,2.0,9.0,9.0,57.0,57.0,6.171e-11,5.138e-11,5.654e-11,25.0,1
786,3.0,3.0,4.0,2.0,2.0,6.0,2.0,2.0,11.0,11.0,49.0,49.0,6.152e-11,5.076e-11,5.614e-11,25.0,1
787,3.0,3.0,4.0,2.0,2.0,6.0,2.0,2.0,11.0,11.0,51.0,51.0,6.154e-11,5.084e-11,5.619e-11,25.0,1
788,3.0,3.0,4.0,2.0,2.0,6.0,2.0,2.0,11.0,11.0,53.0,53.0,6.157e-11,5.093e-11,5.625e-11,25.0,1
789,3.0,3.0,4.0,2.0,2.0,6.0,2.0,2.0,11.0,11.0,55.0,55.0,6.162e-11,5.102e-11,5.632e-11,25.0,1
790,3.0,3.0,4.0,2.0,2.0,6.0,2.0,2.0,11.0,11.0,57.0,57.0,6.168e-11,5.112e-11,5.64e-11,25.0,1
791,3.0,3.0,4.0,2.0,2.0,6.0,2.0,2.0,13.0,13.0,49.0,49.0,6.199e-11,5.106e-11,5.652e-11,25.0,1
792,3.0,3.0,4.0,2.0,2.0,6.0,2.0,2.0,13.0,13.0,51.0,51.0,6.198e-11,5.11e-11,5.654e-11,25.0,1
793,3.0,3.0,4.0,2.0,2.0,6.0,2.0,2.0,13.0,13.0,53.0,53.0,6.199e-11,5.116e-11,5.657e-11,25.0,1
794,3.0,3.0,4.0,2.0,2.0,6.0,2.0,2.0,13.0,13.0,55.0,55.0,6.201e-11,5.123e-11,5.662e-11,25.0,1
795,3.0,3.0,4.0,2.0,2.0,6.0,2.0,2.0,13.0,13.0,57.0,57.0,6.205e-11,5.13e-11,5.667e-11,25.0,1
796,3.0,3.0,4.0,2.0,2.0,6.0,3.0,3.0,9.0,9.0,49.0,49.0,5.996e-11,4.945e-11,5.471e-11,25.0,1
797,3.0,3.0,4.0,2.0,2.0,6.0,3.0,3.0,9.0,9.0,51.0,51.0,6.001e-11,4.956e-11,5.478e-11,25.0,1
798,3.0,3.0,4.0,2.0,2.0,6.0,3.0,3.0,9.0,9.0,53.0,53.0,6.007e-11,4.969e-11,5.488e-11,25.0,1
799,3.0,3.0,4.0,2.0,2.0,6.0,3.0,3.0,9.0,9.0,55.0,55.0,6.015e-11,4.983e-11,5.499e-11,25.0,1
800,3.0,3.0,4.0,2.0,2.0,6.0,3.0,3.0,9.0,9.0,57.0,57.0,6.025e-11,4.998e-11,5.511e-11,25.0,1
801,3.0,3.0,4.0,2.0,2.0,6.0,3.0,3.0,11.0,11.0,49.0,49.0,5.966e-11,4.899e-11,5.432e-11,25.0,1
802,3.0,3.0,4.0,2.0,2.0,6.0,3.0,3.0,11.0,11.0,51.0,51.0,5.966e-11,4.906e-11,5.436e-11,25.0,1
803,3.0,3.0,4.0,2.0,2.0,6.0,3.0,3.0,11.0,11.0,53.0,53.0,5.969e-11,4.914e-11,5.441e-11,25.0,1
804,3.0,3.0,4.0,2.0,2.0,6.0,3.0,3.0,11.0,11.0,55.0,55.0,5.973e-11,4.923e-11,5.448e-11,25.0,1
805,3.0,3.0,4.0,2.0,2.0,6.0,3.0,3.0,11.0,11.0,57.0,57.0,5.979e-11,4.933e-11,5.456e-11,25.0,1
806,3.0,3.0,4.0,2.0,2.0,6.0,3.0,3.0,13.0,13.0,49.0,49.0,5.97e-11,4.892e-11,5.431e-11,25.0,1
807,3.0,3.0,4.0,2.0,2.0,6.0,3.0,3.0,13.0,13.0,51.0,51.0,5.969e-11,4.896e-11,5.432e-11,25.0,1
808,3.0,3.0,4.0,2.0,2.0,6.0,3.0,3.0,13.0,13.0,53.0,53.0,5.968e-11,4.9e-11,5.434e-11,25.0,1
809,3.0,3.0,4.0,2.0,2.0,6.0,3.0,3.0,13.0,13.0,55.0,55.0,5.97e-11,4.907e-11,5.438e-11,25.0,1
810,3.0,3.0,4.0,2.0,2.0,6.0,3.0,3.0,13.0,13.0,57.0,57.0,5.972e-11,4.914e-11,5.443e-11,25.0,1
