index,xinvpa0_size,xnand2_size,xnor3_size,buffer_0_size,buffer_1_size,buffer_2_size,tplh,tphl,tp,temper,alter#
1,3.0,3.0,1.0,2.0,11.0,48.0,6.236e-11,6.878e-11,6.557e-11,25.0,1
2,3.0,3.0,1.0,2.0,11.0,51.0,6.238e-11,6.888e-11,6.563e-11,25.0,1
3,3.0,3.0,1.0,2.0,11.0,54.0,6.244e-11,6.901e-11,6.572e-11,25.0,1
4,3.0,3.0,1.0,2.0,11.0,57.0,6.252e-11,6.915e-11,6.584e-11,25.0,1
5,3.0,3.0,1.0,2.0,11.0,60.0,6.264e-11,6.933e-11,6.599e-11,25.0,1
6,3.0,3.0,1.0,2.0,11.0,63.0,6.277e-11,6.951e-11,6.614e-11,25.0,1
7,3.0,3.0,1.0,2.0,11.0,66.0,6.291e-11,6.969e-11,6.63e-11,25.0,1
8,3.0,3.0,1.0,2.0,13.0,48.0,6.285e-11,6.923e-11,6.604e-11,25.0,1
9,3.0,3.0,1.0,2.0,13.0,51.0,6.283e-11,6.929e-11,6.606e-11,25.0,1
10,3.0,3.0,1.0,2.0,13.0,54.0,6.285e-11,6.937e-11,6.611e-11,25.0,1
11,3.0,3.0,1.0,2.0,13.0,57.0,6.289e-11,6.947e-11,6.618e-11,25.0,1
12,3.0,3.0,1.0,2.0,13.0,60.0,6.297e-11,6.96e-11,6.629e-11,25.0,1
13,3.0,3.0,1.0,2.0,13.0,63.0,6.306e-11,6.974e-11,6.64e-11,25.0,1
14,3.0,3.0,1.0,2.0,13.0,66.0,6.317e-11,6.988e-11,6.653e-11,25.0,1
15,3.0,3.0,1.0,2.0,15.0,48.0,6.354e-11,6.988e-11,6.671e-11,25.0,1
16,3.0,3.0,1.0,2.0,15.0,51.0,6.349e-11,6.99e-11,6.669e-11,25.0,1
17,3.0,3.0,1.0,2.0,15.0,54.0,6.348e-11,6.995e-11,6.672e-11,25.0,1
18,3.0,3.0,1.0,2.0,15.0,57.0,6.35e-11,7.002e-11,6.676e-11,25.0,1
19,3.0,3.0,1.0,2.0,15.0,60.0,6.354e-11,7.012e-11,6.683e-11,25.0,1
20,3.0,3.0,1.0,2.0,15.0,63.0,6.361e-11,7.022e-11,6.692e-11,25.0,1
21,3.0,3.0,1.0,2.0,15.0,66.0,6.369e-11,7.034e-11,6.702e-11,25.0,1
22,3.0,3.0,1.0,3.0,11.0,48.0,6.114e-11,6.936e-11,6.525e-11,25.0,1
23,3.0,3.0,1.0,3.0,11.0,51.0,6.114e-11,6.946e-11,6.53e-11,25.0,1
24,3.0,3.0,1.0,3.0,11.0,54.0,6.119e-11,6.957e-11,6.538e-11,25.0,1
25,3.0,3.0,1.0,3.0,11.0,57.0,6.127e-11,6.97e-11,6.549e-11,25.0,1
26,3.0,3.0,1.0,3.0,11.0,60.0,6.136e-11,6.987e-11,6.561e-11,25.0,1
27,3.0,3.0,1.0,3.0,11.0,63.0,6.149e-11,7.005e-11,6.577e-11,25.0,1
28,3.0,3.0,1.0,3.0,11.0,66.0,6.162e-11,7.022e-11,6.592e-11,25.0,1
29,3.0,3.0,1.0,3.0,13.0,48.0,6.122e-11,6.947e-11,6.534e-11,25.0,1
30,3.0,3.0,1.0,3.0,13.0,51.0,6.118e-11,6.952e-11,6.535e-11,25.0,1
31,3.0,3.0,1.0,3.0,13.0,54.0,6.118e-11,6.959e-11,6.539e-11,25.0,1
32,3.0,3.0,1.0,3.0,13.0,57.0,6.121e-11,6.969e-11,6.545e-11,25.0,1
33,3.0,3.0,1.0,3.0,13.0,60.0,6.128e-11,6.981e-11,6.554e-11,25.0,1
34,3.0,3.0,1.0,3.0,13.0,63.0,6.136e-11,6.994e-11,6.565e-11,25.0,1
35,3.0,3.0,1.0,3.0,13.0,66.0,6.145e-11,7.008e-11,6.577e-11,25.0,1
36,3.0,3.0,1.0,3.0,15.0,48.0,6.149e-11,6.98e-11,6.564e-11,25.0,1
37,3.0,3.0,1.0,3.0,15.0,51.0,6.143e-11,6.981e-11,6.562e-11,25.0,1
38,3.0,3.0,1.0,3.0,15.0,54.0,6.14e-11,6.985e-11,6.562e-11,25.0,1
39,3.0,3.0,1.0,3.0,15.0,57.0,6.14e-11,6.991e-11,6.566e-11,25.0,1
40,3.0,3.0,1.0,3.0,15.0,60.0,6.143e-11,7e-11,6.571e-11,25.0,1
41,3.0,3.0,1.0,3.0,15.0,63.0,6.148e-11,7.009e-11,6.579e-11,25.0,1
42,3.0,3.0,1.0,3.0,15.0,66.0,6.155e-11,7.02e-11,6.587e-11,25.0,1
43,3.0,3.0,1.0,4.0,11.0,48.0,6.114e-11,7.112e-11,6.613e-11,25.0,1
44,3.0,3.0,1.0,4.0,11.0,51.0,6.113e-11,7.121e-11,6.617e-11,25.0,1
45,3.0,3.0,1.0,4.0,11.0,54.0,6.117e-11,7.132e-11,6.624e-11,25.0,1
46,3.0,3.0,1.0,4.0,11.0,57.0,6.124e-11,7.147e-11,6.635e-11,25.0,1
47,3.0,3.0,1.0,4.0,11.0,60.0,6.133e-11,7.162e-11,6.648e-11,25.0,1
48,3.0,3.0,1.0,4.0,11.0,63.0,6.145e-11,7.178e-11,6.662e-11,25.0,1
49,3.0,3.0,1.0,4.0,11.0,66.0,6.158e-11,7.198e-11,6.678e-11,25.0,1
50,3.0,3.0,1.0,4.0,13.0,48.0,6.101e-11,7.104e-11,6.603e-11,25.0,1
51,3.0,3.0,1.0,4.0,13.0,51.0,6.097e-11,7.109e-11,6.603e-11,25.0,1
52,3.0,3.0,1.0,4.0,13.0,54.0,6.096e-11,7.115e-11,6.605e-11,25.0,1
53,3.0,3.0,1.0,4.0,13.0,57.0,6.099e-11,7.125e-11,6.612e-11,25.0,1
54,3.0,3.0,1.0,4.0,13.0,60.0,6.104e-11,7.135e-11,6.619e-11,25.0,1
55,3.0,3.0,1.0,4.0,13.0,63.0,6.111e-11,7.148e-11,6.63e-11,25.0,1
56,3.0,3.0,1.0,4.0,13.0,66.0,6.12e-11,7.161e-11,6.641e-11,25.0,1
57,3.0,3.0,1.0,4.0,15.0,48.0,6.109e-11,7.118e-11,6.614e-11,25.0,1
58,3.0,3.0,1.0,4.0,15.0,51.0,6.101e-11,7.119e-11,6.61e-11,25.0,1
59,3.0,3.0,1.0,4.0,15.0,54.0,6.098e-11,7.122e-11,6.61e-11,25.0,1
60,3.0,3.0,1.0,4.0,15.0,57.0,6.098e-11,7.128e-11,6.613e-11,25.0,1
61,3.0,3.0,1.0,4.0,15.0,60.0,6.099e-11,7.136e-11,6.618e-11,25.0,1
62,3.0,3.0,1.0,4.0,15.0,63.0,6.104e-11,7.144e-11,6.624e-11,25.0,1
63,3.0,3.0,1.0,4.0,15.0,66.0,6.11e-11,7.155e-11,6.633e-11,25.0,1
64,3.0,3.0,2.0,2.0,11.0,48.0,8.571e-11,9.131e-11,8.851e-11,25.0,1
65,3.0,3.0,2.0,2.0,11.0,51.0,8.573e-11,9.143e-11,8.858e-11,25.0,1
66,3.0,3.0,2.0,2.0,11.0,54.0,8.578e-11,9.155e-11,8.867e-11,25.0,1
67,3.0,3.0,2.0,2.0,11.0,57.0,8.588e-11,9.171e-11,8.88e-11,25.0,1
68,3.0,3.0,2.0,2.0,11.0,60.0,8.599e-11,9.187e-11,8.893e-11,25.0,1
69,3.0,3.0,2.0,2.0,11.0,63.0,8.612e-11,9.206e-11,8.909e-11,25.0,1
70,3.0,3.0,2.0,2.0,11.0,66.0,8.627e-11,9.226e-11,8.926e-11,25.0,1
71,3.0,3.0,2.0,2.0,13.0,48.0,8.619e-11,9.171e-11,8.895e-11,25.0,1
72,3.0,3.0,2.0,2.0,13.0,51.0,8.617e-11,9.177e-11,8.897e-11,25.0,1
73,3.0,3.0,2.0,2.0,13.0,54.0,8.619e-11,9.186e-11,8.903e-11,25.0,1
74,3.0,3.0,2.0,2.0,13.0,57.0,8.624e-11,9.197e-11,8.91e-11,25.0,1
75,3.0,3.0,2.0,2.0,13.0,60.0,8.631e-11,9.21e-11,8.92e-11,25.0,1
76,3.0,3.0,2.0,2.0,13.0,63.0,8.64e-11,9.222e-11,8.931e-11,25.0,1
77,3.0,3.0,2.0,2.0,13.0,66.0,8.651e-11,9.237e-11,8.944e-11,25.0,1
78,3.0,3.0,2.0,2.0,15.0,48.0,8.688e-11,9.229e-11,8.959e-11,25.0,1
79,3.0,3.0,2.0,2.0,15.0,51.0,8.683e-11,9.232e-11,8.957e-11,25.0,1
80,3.0,3.0,2.0,2.0,15.0,54.0,8.681e-11,9.238e-11,8.96e-11,25.0,1
81,3.0,3.0,2.0,2.0,15.0,57.0,8.683e-11,9.246e-11,8.965e-11,25.0,1
82,3.0,3.0,2.0,2.0,15.0,60.0,8.688e-11,9.255e-11,8.971e-11,25.0,1
83,3.0,3.0,2.0,2.0,15.0,63.0,8.694e-11,9.265e-11,8.98e-11,25.0,1
84,3.0,3.0,2.0,2.0,15.0,66.0,8.703e-11,9.277e-11,8.99e-11,25.0,1
85,3.0,3.0,2.0,3.0,11.0,48.0,8.403e-11,9.04e-11,8.722e-11,25.0,1
86,3.0,3.0,2.0,3.0,11.0,51.0,8.404e-11,9.05e-11,8.727e-11,25.0,1
87,3.0,3.0,2.0,3.0,11.0,54.0,8.409e-11,9.063e-11,8.736e-11,25.0,1
88,3.0,3.0,2.0,3.0,11.0,57.0,8.416e-11,9.077e-11,8.747e-11,25.0,1
89,3.0,3.0,2.0,3.0,11.0,60.0,8.426e-11,9.093e-11,8.759e-11,25.0,1
90,3.0,3.0,2.0,3.0,11.0,63.0,8.438e-11,9.11e-11,8.774e-11,25.0,1
91,3.0,3.0,2.0,3.0,11.0,66.0,8.452e-11,9.13e-11,8.791e-11,25.0,1
92,3.0,3.0,2.0,3.0,13.0,48.0,8.409e-11,9.043e-11,8.726e-11,25.0,1
93,3.0,3.0,2.0,3.0,13.0,51.0,8.405e-11,9.049e-11,8.727e-11,25.0,1
94,3.0,3.0,2.0,3.0,13.0,54.0,8.405e-11,9.057e-11,8.731e-11,25.0,1
95,3.0,3.0,2.0,3.0,13.0,57.0,8.409e-11,9.067e-11,8.738e-11,25.0,1
96,3.0,3.0,2.0,3.0,13.0,60.0,8.415e-11,9.078e-11,8.747e-11,25.0,1
97,3.0,3.0,2.0,3.0,13.0,63.0,8.423e-11,9.09e-11,8.757e-11,25.0,1
98,3.0,3.0,2.0,3.0,13.0,66.0,8.433e-11,9.106e-11,8.769e-11,25.0,1
99,3.0,3.0,2.0,3.0,15.0,48.0,8.435e-11,9.069e-11,8.752e-11,25.0,1
100,3.0,3.0,2.0,3.0,15.0,51.0,8.428e-11,9.07e-11,8.749e-11,25.0,1
101,3.0,3.0,2.0,3.0,15.0,54.0,8.425e-11,9.076e-11,8.75e-11,25.0,1
102,3.0,3.0,2.0,3.0,15.0,57.0,8.426e-11,9.082e-11,8.754e-11,25.0,1
103,3.0,3.0,2.0,3.0,15.0,60.0,8.429e-11,9.09e-11,8.759e-11,25.0,1
104,3.0,3.0,2.0,3.0,15.0,63.0,8.434e-11,9.099e-11,8.766e-11,25.0,1
105,3.0,3.0,2.0,3.0,15.0,66.0,8.441e-11,9.11e-11,8.776e-11,25.0,1
106,3.0,3.0,2.0,4.0,11.0,48.0,8.362e-11,9.062e-11,8.712e-11,25.0,1
107,3.0,3.0,2.0,4.0,11.0,51.0,8.361e-11,9.072e-11,8.717e-11,25.0,1
108,3.0,3.0,2.0,4.0,11.0,54.0,8.365e-11,9.083e-11,8.724e-11,25.0,1
109,3.0,3.0,2.0,4.0,11.0,57.0,8.372e-11,9.099e-11,8.735e-11,25.0,1
110,3.0,3.0,2.0,4.0,11.0,60.0,8.381e-11,9.114e-11,8.748e-11,25.0,1
111,3.0,3.0,2.0,4.0,11.0,63.0,8.393e-11,9.131e-11,8.762e-11,25.0,1
112,3.0,3.0,2.0,4.0,11.0,66.0,8.406e-11,9.15e-11,8.778e-11,25.0,1
113,3.0,3.0,2.0,4.0,13.0,48.0,8.346e-11,9.047e-11,8.696e-11,25.0,1
114,3.0,3.0,2.0,4.0,13.0,51.0,8.341e-11,9.052e-11,8.697e-11,25.0,1
115,3.0,3.0,2.0,4.0,13.0,54.0,8.34e-11,9.06e-11,8.7e-11,25.0,1
116,3.0,3.0,2.0,4.0,13.0,57.0,8.343e-11,9.07e-11,8.707e-11,25.0,1
117,3.0,3.0,2.0,4.0,13.0,60.0,8.349e-11,9.079e-11,8.714e-11,25.0,1
118,3.0,3.0,2.0,4.0,13.0,63.0,8.356e-11,9.092e-11,8.724e-11,25.0,1
119,3.0,3.0,2.0,4.0,13.0,66.0,8.365e-11,9.106e-11,8.736e-11,25.0,1
120,3.0,3.0,2.0,4.0,15.0,48.0,8.351e-11,9.054e-11,8.702e-11,25.0,1
121,3.0,3.0,2.0,4.0,15.0,51.0,8.343e-11,9.056e-11,8.7e-11,25.0,1
122,3.0,3.0,2.0,4.0,15.0,54.0,8.34e-11,9.061e-11,8.7e-11,25.0,1
123,3.0,3.0,2.0,4.0,15.0,57.0,8.339e-11,9.067e-11,8.703e-11,25.0,1
124,3.0,3.0,2.0,4.0,15.0,60.0,8.341e-11,9.074e-11,8.708e-11,25.0,1
125,3.0,3.0,2.0,4.0,15.0,63.0,8.346e-11,9.083e-11,8.715e-11,25.0,1
126,3.0,3.0,2.0,4.0,15.0,66.0,8.352e-11,9.093e-11,8.723e-11,25.0,1
127,3.0,4.0,1.0,2.0,11.0,48.0,6.237e-11,6.877e-11,6.557e-11,25.0,1
128,3.0,4.0,1.0,2.0,11.0,51.0,6.239e-11,6.887e-11,6.563e-11,25.0,1
129,3.0,4.0,1.0,2.0,11.0,54.0,6.245e-11,6.899e-11,6.572e-11,25.0,1
130,3.0,4.0,1.0,2.0,11.0,57.0,6.254e-11,6.914e-11,6.584e-11,25.0,1
131,3.0,4.0,1.0,2.0,11.0,60.0,6.265e-11,6.932e-11,6.598e-11,25.0,1
132,3.0,4.0,1.0,2.0,11.0,63.0,6.278e-11,6.95e-11,6.614e-11,25.0,1
133,3.0,4.0,1.0,2.0,11.0,66.0,6.293e-11,6.968e-11,6.631e-11,25.0,1
134,3.0,4.0,1.0,2.0,13.0,48.0,6.286e-11,6.922e-11,6.604e-11,25.0,1
135,3.0,4.0,1.0,2.0,13.0,51.0,6.284e-11,6.928e-11,6.606e-11,25.0,1
136,3.0,4.0,1.0,2.0,13.0,54.0,6.286e-11,6.936e-11,6.611e-11,25.0,1
137,3.0,4.0,1.0,2.0,13.0,57.0,6.291e-11,6.947e-11,6.619e-11,25.0,1
138,3.0,4.0,1.0,2.0,13.0,60.0,6.298e-11,6.959e-11,6.629e-11,25.0,1
139,3.0,4.0,1.0,2.0,13.0,63.0,6.307e-11,6.973e-11,6.64e-11,25.0,1
140,3.0,4.0,1.0,2.0,13.0,66.0,6.318e-11,6.987e-11,6.653e-11,25.0,1
141,3.0,4.0,1.0,2.0,15.0,48.0,6.356e-11,6.986e-11,6.671e-11,25.0,1
142,3.0,4.0,1.0,2.0,15.0,51.0,6.351e-11,6.989e-11,6.67e-11,25.0,1
143,3.0,4.0,1.0,2.0,15.0,54.0,6.349e-11,6.994e-11,6.671e-11,25.0,1
144,3.0,4.0,1.0,2.0,15.0,57.0,6.351e-11,7.001e-11,6.676e-11,25.0,1
145,3.0,4.0,1.0,2.0,15.0,60.0,6.356e-11,7.011e-11,6.683e-11,25.0,1
146,3.0,4.0,1.0,2.0,15.0,63.0,6.362e-11,7.021e-11,6.691e-11,25.0,1
147,3.0,4.0,1.0,2.0,15.0,66.0,6.371e-11,7.032e-11,6.701e-11,25.0,1
148,3.0,4.0,1.0,3.0,11.0,48.0,6.115e-11,6.934e-11,6.524e-11,25.0,1
149,3.0,4.0,1.0,3.0,11.0,51.0,6.115e-11,6.944e-11,6.53e-11,25.0,1
150,3.0,4.0,1.0,3.0,11.0,54.0,6.12e-11,6.955e-11,6.538e-11,25.0,1
151,3.0,4.0,1.0,3.0,11.0,57.0,6.127e-11,6.97e-11,6.549e-11,25.0,1
152,3.0,4.0,1.0,3.0,11.0,60.0,6.137e-11,6.986e-11,6.562e-11,25.0,1
153,3.0,4.0,1.0,3.0,11.0,63.0,6.15e-11,7.003e-11,6.576e-11,25.0,1
154,3.0,4.0,1.0,3.0,11.0,66.0,6.163e-11,7.021e-11,6.592e-11,25.0,1
155,3.0,4.0,1.0,3.0,13.0,48.0,6.122e-11,6.946e-11,6.534e-11,25.0,1
156,3.0,4.0,1.0,3.0,13.0,51.0,6.119e-11,6.951e-11,6.535e-11,25.0,1
157,3.0,4.0,1.0,3.0,13.0,54.0,6.119e-11,6.958e-11,6.538e-11,25.0,1
158,3.0,4.0,1.0,3.0,13.0,57.0,6.123e-11,6.967e-11,6.545e-11,25.0,1
159,3.0,4.0,1.0,3.0,13.0,60.0,6.128e-11,6.979e-11,6.554e-11,25.0,1
160,3.0,4.0,1.0,3.0,13.0,63.0,6.136e-11,6.992e-11,6.564e-11,25.0,1
161,3.0,4.0,1.0,3.0,13.0,66.0,6.146e-11,7.005e-11,6.576e-11,25.0,1
162,3.0,4.0,1.0,3.0,15.0,48.0,6.15e-11,6.978e-11,6.564e-11,25.0,1
163,3.0,4.0,1.0,3.0,15.0,51.0,6.143e-11,6.98e-11,6.561e-11,25.0,1
164,3.0,4.0,1.0,3.0,15.0,54.0,6.141e-11,6.983e-11,6.562e-11,25.0,1
165,3.0,4.0,1.0,3.0,15.0,57.0,6.141e-11,6.99e-11,6.565e-11,25.0,1
166,3.0,4.0,1.0,3.0,15.0,60.0,6.144e-11,6.998e-11,6.571e-11,25.0,1
167,3.0,4.0,1.0,3.0,15.0,63.0,6.149e-11,7.007e-11,6.578e-11,25.0,1
168,3.0,4.0,1.0,3.0,15.0,66.0,6.156e-11,7.018e-11,6.587e-11,25.0,1
169,3.0,4.0,1.0,4.0,11.0,48.0,6.114e-11,7.111e-11,6.612e-11,25.0,1
170,3.0,4.0,1.0,4.0,11.0,51.0,6.114e-11,7.119e-11,6.616e-11,25.0,1
171,3.0,4.0,1.0,4.0,11.0,54.0,6.118e-11,7.13e-11,6.624e-11,25.0,1
172,3.0,4.0,1.0,4.0,11.0,57.0,6.125e-11,7.145e-11,6.635e-11,25.0,1
173,3.0,4.0,1.0,4.0,11.0,60.0,6.135e-11,7.16e-11,6.647e-11,25.0,1
174,3.0,4.0,1.0,4.0,11.0,63.0,6.146e-11,7.177e-11,6.662e-11,25.0,1
175,3.0,4.0,1.0,4.0,11.0,66.0,6.159e-11,7.196e-11,6.677e-11,25.0,1
176,3.0,4.0,1.0,4.0,13.0,48.0,6.102e-11,7.102e-11,6.602e-11,25.0,1
177,3.0,4.0,1.0,4.0,13.0,51.0,6.097e-11,7.105e-11,6.601e-11,25.0,1
178,3.0,4.0,1.0,4.0,13.0,54.0,6.097e-11,7.113e-11,6.605e-11,25.0,1
179,3.0,4.0,1.0,4.0,13.0,57.0,6.099e-11,7.122e-11,6.611e-11,25.0,1
180,3.0,4.0,1.0,4.0,13.0,60.0,6.105e-11,7.133e-11,6.619e-11,25.0,1
181,3.0,4.0,1.0,4.0,13.0,63.0,6.112e-11,7.146e-11,6.629e-11,25.0,1
182,3.0,4.0,1.0,4.0,13.0,66.0,6.121e-11,7.16e-11,6.64e-11,25.0,1
183,3.0,4.0,1.0,4.0,15.0,48.0,6.11e-11,7.117e-11,6.613e-11,25.0,1
184,3.0,4.0,1.0,4.0,15.0,51.0,6.102e-11,7.117e-11,6.61e-11,25.0,1
185,3.0,4.0,1.0,4.0,15.0,54.0,6.098e-11,7.12e-11,6.609e-11,25.0,1
186,3.0,4.0,1.0,4.0,15.0,57.0,6.098e-11,7.126e-11,6.612e-11,25.0,1
187,3.0,4.0,1.0,4.0,15.0,60.0,6.1e-11,7.133e-11,6.617e-11,25.0,1
188,3.0,4.0,1.0,4.0,15.0,63.0,6.105e-11,7.142e-11,6.624e-11,25.0,1
189,3.0,4.0,1.0,4.0,15.0,66.0,6.11e-11,7.153e-11,6.632e-11,25.0,1
190,3.0,4.0,2.0,2.0,11.0,48.0,8.573e-11,9.132e-11,8.852e-11,25.0,1
191,3.0,4.0,2.0,2.0,11.0,51.0,8.574e-11,9.143e-11,8.858e-11,25.0,1
192,3.0,4.0,2.0,2.0,11.0,54.0,8.58e-11,9.157e-11,8.868e-11,25.0,1
193,3.0,4.0,2.0,2.0,11.0,57.0,8.589e-11,9.171e-11,8.88e-11,25.0,1
194,3.0,4.0,2.0,2.0,11.0,60.0,8.6e-11,9.188e-11,8.894e-11,25.0,1
195,3.0,4.0,2.0,2.0,11.0,63.0,8.614e-11,9.206e-11,8.91e-11,25.0,1
196,3.0,4.0,2.0,2.0,11.0,66.0,8.628e-11,9.226e-11,8.927e-11,25.0,1
197,3.0,4.0,2.0,2.0,13.0,48.0,8.62e-11,9.171e-11,8.895e-11,25.0,1
198,3.0,4.0,2.0,2.0,13.0,51.0,8.618e-11,9.177e-11,8.897e-11,25.0,1
199,3.0,4.0,2.0,2.0,13.0,54.0,8.62e-11,9.187e-11,8.904e-11,25.0,1
200,3.0,4.0,2.0,2.0,13.0,57.0,8.625e-11,9.197e-11,8.911e-11,25.0,1
201,3.0,4.0,2.0,2.0,13.0,60.0,8.632e-11,9.208e-11,8.92e-11,25.0,1
202,3.0,4.0,2.0,2.0,13.0,63.0,8.642e-11,9.223e-11,8.932e-11,25.0,1
203,3.0,4.0,2.0,2.0,13.0,66.0,8.652e-11,9.237e-11,8.945e-11,25.0,1
204,3.0,4.0,2.0,2.0,15.0,48.0,8.69e-11,9.229e-11,8.959e-11,25.0,1
205,3.0,4.0,2.0,2.0,15.0,51.0,8.684e-11,9.234e-11,8.959e-11,25.0,1
206,3.0,4.0,2.0,2.0,15.0,54.0,8.683e-11,9.239e-11,8.961e-11,25.0,1
207,3.0,4.0,2.0,2.0,15.0,57.0,8.684e-11,9.245e-11,8.965e-11,25.0,1
208,3.0,4.0,2.0,2.0,15.0,60.0,8.689e-11,9.255e-11,8.972e-11,25.0,1
209,3.0,4.0,2.0,2.0,15.0,63.0,8.696e-11,9.265e-11,8.981e-11,25.0,1
210,3.0,4.0,2.0,2.0,15.0,66.0,8.704e-11,9.277e-11,8.991e-11,25.0,1
211,3.0,4.0,2.0,3.0,11.0,48.0,8.405e-11,9.041e-11,8.723e-11,25.0,1
212,3.0,4.0,2.0,3.0,11.0,51.0,8.405e-11,9.049e-11,8.727e-11,25.0,1
213,3.0,4.0,2.0,3.0,11.0,54.0,8.41e-11,9.062e-11,8.736e-11,25.0,1
214,3.0,4.0,2.0,3.0,11.0,57.0,8.418e-11,9.077e-11,8.747e-11,25.0,1
215,3.0,4.0,2.0,3.0,11.0,60.0,8.427e-11,9.092e-11,8.76e-11,25.0,1
216,3.0,4.0,2.0,3.0,11.0,63.0,8.44e-11,9.11e-11,8.775e-11,25.0,1
217,3.0,4.0,2.0,3.0,11.0,66.0,8.454e-11,9.129e-11,8.791e-11,25.0,1
218,3.0,4.0,2.0,3.0,13.0,48.0,8.41e-11,9.043e-11,8.727e-11,25.0,1
219,3.0,4.0,2.0,3.0,13.0,51.0,8.407e-11,9.049e-11,8.728e-11,25.0,1
220,3.0,4.0,2.0,3.0,13.0,54.0,8.407e-11,9.056e-11,8.732e-11,25.0,1
221,3.0,4.0,2.0,3.0,13.0,57.0,8.41e-11,9.066e-11,8.738e-11,25.0,1
222,3.0,4.0,2.0,3.0,13.0,60.0,8.417e-11,9.078e-11,8.747e-11,25.0,1
223,3.0,4.0,2.0,3.0,13.0,63.0,8.425e-11,9.09e-11,8.757e-11,25.0,1
224,3.0,4.0,2.0,3.0,13.0,66.0,8.434e-11,9.104e-11,8.769e-11,25.0,1
225,3.0,4.0,2.0,3.0,15.0,48.0,8.436e-11,9.069e-11,8.753e-11,25.0,1
226,3.0,4.0,2.0,3.0,15.0,51.0,8.429e-11,9.07e-11,8.749e-11,25.0,1
227,3.0,4.0,2.0,3.0,15.0,54.0,8.427e-11,9.074e-11,8.751e-11,25.0,1
228,3.0,4.0,2.0,3.0,15.0,57.0,8.427e-11,9.081e-11,8.754e-11,25.0,1
229,3.0,4.0,2.0,3.0,15.0,60.0,8.43e-11,9.089e-11,8.76e-11,25.0,1
230,3.0,4.0,2.0,3.0,15.0,63.0,8.436e-11,9.098e-11,8.767e-11,25.0,1
231,3.0,4.0,2.0,3.0,15.0,66.0,8.443e-11,9.109e-11,8.776e-11,25.0,1
232,3.0,4.0,2.0,4.0,11.0,48.0,8.363e-11,9.061e-11,8.712e-11,25.0,1
233,3.0,4.0,2.0,4.0,11.0,51.0,8.363e-11,9.071e-11,8.717e-11,25.0,1
234,3.0,4.0,2.0,4.0,11.0,54.0,8.367e-11,9.082e-11,8.724e-11,25.0,1
235,3.0,4.0,2.0,4.0,11.0,57.0,8.373e-11,9.097e-11,8.735e-11,25.0,1
236,3.0,4.0,2.0,4.0,11.0,60.0,8.383e-11,9.112e-11,8.747e-11,25.0,1
237,3.0,4.0,2.0,4.0,11.0,63.0,8.394e-11,9.13e-11,8.762e-11,25.0,1
238,3.0,4.0,2.0,4.0,11.0,66.0,8.408e-11,9.149e-11,8.778e-11,25.0,1
239,3.0,4.0,2.0,4.0,13.0,48.0,8.347e-11,9.046e-11,8.696e-11,25.0,1
240,3.0,4.0,2.0,4.0,13.0,51.0,8.342e-11,9.051e-11,8.697e-11,25.0,1
241,3.0,4.0,2.0,4.0,13.0,54.0,8.342e-11,9.06e-11,8.701e-11,25.0,1
242,3.0,4.0,2.0,4.0,13.0,57.0,8.345e-11,9.068e-11,8.706e-11,25.0,1
243,3.0,4.0,2.0,4.0,13.0,60.0,8.35e-11,9.08e-11,8.715e-11,25.0,1
244,3.0,4.0,2.0,4.0,13.0,63.0,8.358e-11,9.091e-11,8.724e-11,25.0,1
245,3.0,4.0,2.0,4.0,13.0,66.0,8.367e-11,9.105e-11,8.736e-11,25.0,1
246,3.0,4.0,2.0,4.0,15.0,48.0,8.352e-11,9.054e-11,8.703e-11,25.0,1
247,3.0,4.0,2.0,4.0,15.0,51.0,8.345e-11,9.055e-11,8.7e-11,25.0,1
248,3.0,4.0,2.0,4.0,15.0,54.0,8.341e-11,9.059e-11,8.7e-11,25.0,1
249,3.0,4.0,2.0,4.0,15.0,57.0,8.341e-11,9.066e-11,8.703e-11,25.0,1
250,3.0,4.0,2.0,4.0,15.0,60.0,8.343e-11,9.072e-11,8.707e-11,25.0,1
251,3.0,4.0,2.0,4.0,15.0,63.0,8.347e-11,9.082e-11,8.714e-11,25.0,1
252,3.0,4.0,2.0,4.0,15.0,66.0,8.354e-11,9.092e-11,8.723e-11,25.0,1
253,3.0,5.0,1.0,2.0,11.0,48.0,6.238e-11,6.875e-11,6.556e-11,25.0,1
254,3.0,5.0,1.0,2.0,11.0,51.0,6.24e-11,6.886e-11,6.563e-11,25.0,1
255,3.0,5.0,1.0,2.0,11.0,54.0,6.245e-11,6.898e-11,6.572e-11,25.0,1
256,3.0,5.0,1.0,2.0,11.0,57.0,6.254e-11,6.913e-11,6.584e-11,25.0,1
257,3.0,5.0,1.0,2.0,11.0,60.0,6.265e-11,6.93e-11,6.598e-11,25.0,1
258,3.0,5.0,1.0,2.0,11.0,63.0,6.279e-11,6.947e-11,6.613e-11,25.0,1
259,3.0,5.0,1.0,2.0,11.0,66.0,6.294e-11,6.967e-11,6.63e-11,25.0,1
260,3.0,5.0,1.0,2.0,13.0,48.0,6.287e-11,6.921e-11,6.604e-11,25.0,1
261,3.0,5.0,1.0,2.0,13.0,51.0,6.284e-11,6.926e-11,6.605e-11,25.0,1
262,3.0,5.0,1.0,2.0,13.0,54.0,6.286e-11,6.934e-11,6.61e-11,25.0,1
263,3.0,5.0,1.0,2.0,13.0,57.0,6.291e-11,6.945e-11,6.618e-11,25.0,1
264,3.0,5.0,1.0,2.0,13.0,60.0,6.299e-11,6.958e-11,6.628e-11,25.0,1
265,3.0,5.0,1.0,2.0,13.0,63.0,6.308e-11,6.972e-11,6.64e-11,25.0,1
266,3.0,5.0,1.0,2.0,13.0,66.0,6.319e-11,6.985e-11,6.652e-11,25.0,1
267,3.0,5.0,1.0,2.0,15.0,48.0,6.356e-11,6.986e-11,6.671e-11,25.0,1
268,3.0,5.0,1.0,2.0,15.0,51.0,6.351e-11,6.988e-11,6.669e-11,25.0,1
269,3.0,5.0,1.0,2.0,15.0,54.0,6.35e-11,6.993e-11,6.672e-11,25.0,1
270,3.0,5.0,1.0,2.0,15.0,57.0,6.352e-11,7e-11,6.676e-11,25.0,1
271,3.0,5.0,1.0,2.0,15.0,60.0,6.356e-11,7.01e-11,6.683e-11,25.0,1
272,3.0,5.0,1.0,2.0,15.0,63.0,6.363e-11,7.02e-11,6.691e-11,25.0,1
273,3.0,5.0,1.0,2.0,15.0,66.0,6.371e-11,7.031e-11,6.701e-11,25.0,1
274,3.0,5.0,1.0,3.0,11.0,48.0,6.115e-11,6.933e-11,6.524e-11,25.0,1
275,3.0,5.0,1.0,3.0,11.0,51.0,6.116e-11,6.943e-11,6.529e-11,25.0,1
276,3.0,5.0,1.0,3.0,11.0,54.0,6.12e-11,6.954e-11,6.537e-11,25.0,1
277,3.0,5.0,1.0,3.0,11.0,57.0,6.128e-11,6.968e-11,6.548e-11,25.0,1
278,3.0,5.0,1.0,3.0,11.0,60.0,6.138e-11,6.985e-11,6.562e-11,25.0,1
279,3.0,5.0,1.0,3.0,11.0,63.0,6.15e-11,7.001e-11,6.576e-11,25.0,1
280,3.0,5.0,1.0,3.0,11.0,66.0,6.164e-11,7.021e-11,6.592e-11,25.0,1
281,3.0,5.0,1.0,3.0,13.0,48.0,6.123e-11,6.944e-11,6.534e-11,25.0,1
282,3.0,5.0,1.0,3.0,13.0,51.0,6.119e-11,6.949e-11,6.534e-11,25.0,1
283,3.0,5.0,1.0,3.0,13.0,54.0,6.119e-11,6.956e-11,6.538e-11,25.0,1
284,3.0,5.0,1.0,3.0,13.0,57.0,6.123e-11,6.966e-11,6.545e-11,25.0,1
285,3.0,5.0,1.0,3.0,13.0,60.0,6.129e-11,6.978e-11,6.553e-11,25.0,1
286,3.0,5.0,1.0,3.0,13.0,63.0,6.137e-11,6.991e-11,6.564e-11,25.0,1
287,3.0,5.0,1.0,3.0,13.0,66.0,6.147e-11,7.004e-11,6.576e-11,25.0,1
288,3.0,5.0,1.0,3.0,15.0,48.0,6.15e-11,6.977e-11,6.564e-11,25.0,1
289,3.0,5.0,1.0,3.0,15.0,51.0,6.144e-11,6.978e-11,6.561e-11,25.0,1
290,3.0,5.0,1.0,3.0,15.0,54.0,6.141e-11,6.983e-11,6.562e-11,25.0,1
291,3.0,5.0,1.0,3.0,15.0,57.0,6.142e-11,6.989e-11,6.565e-11,25.0,1
292,3.0,5.0,1.0,3.0,15.0,60.0,6.145e-11,6.996e-11,6.571e-11,25.0,1
293,3.0,5.0,1.0,3.0,15.0,63.0,6.15e-11,7.006e-11,6.578e-11,25.0,1
294,3.0,5.0,1.0,3.0,15.0,66.0,6.157e-11,7.017e-11,6.587e-11,25.0,1
295,3.0,5.0,1.0,4.0,11.0,48.0,6.115e-11,7.108e-11,6.611e-11,25.0,1
296,3.0,5.0,1.0,4.0,11.0,51.0,6.115e-11,7.117e-11,6.616e-11,25.0,1
297,3.0,5.0,1.0,4.0,11.0,54.0,6.119e-11,7.129e-11,6.624e-11,25.0,1
298,3.0,5.0,1.0,4.0,11.0,57.0,6.125e-11,7.143e-11,6.634e-11,25.0,1
299,3.0,5.0,1.0,4.0,11.0,60.0,6.135e-11,7.158e-11,6.647e-11,25.0,1
300,3.0,5.0,1.0,4.0,11.0,63.0,6.146e-11,7.176e-11,6.661e-11,25.0,1
301,3.0,5.0,1.0,4.0,11.0,66.0,6.159e-11,7.194e-11,6.677e-11,25.0,1
302,3.0,5.0,1.0,4.0,13.0,48.0,6.103e-11,7.101e-11,6.602e-11,25.0,1
303,3.0,5.0,1.0,4.0,13.0,51.0,6.098e-11,7.105e-11,6.601e-11,25.0,1
304,3.0,5.0,1.0,4.0,13.0,54.0,6.097e-11,7.111e-11,6.604e-11,25.0,1
305,3.0,5.0,1.0,4.0,13.0,57.0,6.1e-11,7.121e-11,6.61e-11,25.0,1
306,3.0,5.0,1.0,4.0,13.0,60.0,6.105e-11,7.132e-11,6.618e-11,25.0,1
307,3.0,5.0,1.0,4.0,13.0,63.0,6.113e-11,7.144e-11,6.629e-11,25.0,1
308,3.0,5.0,1.0,4.0,13.0,66.0,6.121e-11,7.158e-11,6.64e-11,25.0,1
309,3.0,5.0,1.0,4.0,15.0,48.0,6.11e-11,7.115e-11,6.612e-11,25.0,1
310,3.0,5.0,1.0,4.0,15.0,51.0,6.103e-11,7.115e-11,6.609e-11,25.0,1
311,3.0,5.0,1.0,4.0,15.0,54.0,6.099e-11,7.12e-11,6.609e-11,25.0,1
312,3.0,5.0,1.0,4.0,15.0,57.0,6.099e-11,7.125e-11,6.612e-11,25.0,1
313,3.0,5.0,1.0,4.0,15.0,60.0,6.101e-11,7.132e-11,6.617e-11,25.0,1
314,3.0,5.0,1.0,4.0,15.0,63.0,6.105e-11,7.141e-11,6.623e-11,25.0,1
315,3.0,5.0,1.0,4.0,15.0,66.0,6.112e-11,7.152e-11,6.632e-11,25.0,1
316,3.0,5.0,2.0,2.0,11.0,48.0,8.573e-11,9.132e-11,8.853e-11,25.0,1
317,3.0,5.0,2.0,2.0,11.0,51.0,8.576e-11,9.143e-11,8.859e-11,25.0,1
318,3.0,5.0,2.0,2.0,11.0,54.0,8.581e-11,9.157e-11,8.869e-11,25.0,1
319,3.0,5.0,2.0,2.0,11.0,57.0,8.591e-11,9.171e-11,8.881e-11,25.0,1
320,3.0,5.0,2.0,2.0,11.0,60.0,8.601e-11,9.187e-11,8.894e-11,25.0,1
321,3.0,5.0,2.0,2.0,11.0,63.0,8.614e-11,9.206e-11,8.91e-11,25.0,1
322,3.0,5.0,2.0,2.0,11.0,66.0,8.629e-11,9.226e-11,8.927e-11,25.0,1
323,3.0,5.0,2.0,2.0,13.0,48.0,8.621e-11,9.171e-11,8.896e-11,25.0,1
324,3.0,5.0,2.0,2.0,13.0,51.0,8.619e-11,9.177e-11,8.898e-11,25.0,1
325,3.0,5.0,2.0,2.0,13.0,54.0,8.621e-11,9.185e-11,8.903e-11,25.0,1
326,3.0,5.0,2.0,2.0,13.0,57.0,8.626e-11,9.196e-11,8.911e-11,25.0,1
327,3.0,5.0,2.0,2.0,13.0,60.0,8.634e-11,9.209e-11,8.921e-11,25.0,1
328,3.0,5.0,2.0,2.0,13.0,63.0,8.643e-11,9.222e-11,8.933e-11,25.0,1
329,3.0,5.0,2.0,2.0,13.0,66.0,8.654e-11,9.237e-11,8.945e-11,25.0,1
330,3.0,5.0,2.0,2.0,15.0,48.0,8.69e-11,9.23e-11,8.96e-11,25.0,1
331,3.0,5.0,2.0,2.0,15.0,51.0,8.685e-11,9.233e-11,8.959e-11,25.0,1
332,3.0,5.0,2.0,2.0,15.0,54.0,8.683e-11,9.238e-11,8.96e-11,25.0,1
333,3.0,5.0,2.0,2.0,15.0,57.0,8.686e-11,9.245e-11,8.965e-11,25.0,1
334,3.0,5.0,2.0,2.0,15.0,60.0,8.69e-11,9.254e-11,8.972e-11,25.0,1
335,3.0,5.0,2.0,2.0,15.0,63.0,8.696e-11,9.265e-11,8.981e-11,25.0,1
336,3.0,5.0,2.0,2.0,15.0,66.0,8.705e-11,9.277e-11,8.991e-11,25.0,1
337,3.0,5.0,2.0,3.0,11.0,48.0,8.406e-11,9.039e-11,8.722e-11,25.0,1
338,3.0,5.0,2.0,3.0,11.0,51.0,8.406e-11,9.05e-11,8.728e-11,25.0,1
339,3.0,5.0,2.0,3.0,11.0,54.0,8.411e-11,9.062e-11,8.736e-11,25.0,1
340,3.0,5.0,2.0,3.0,11.0,57.0,8.419e-11,9.076e-11,8.747e-11,25.0,1
341,3.0,5.0,2.0,3.0,11.0,60.0,8.428e-11,9.091e-11,8.759e-11,25.0,1
342,3.0,5.0,2.0,3.0,11.0,63.0,8.441e-11,9.109e-11,8.775e-11,25.0,1
343,3.0,5.0,2.0,3.0,11.0,66.0,8.454e-11,9.129e-11,8.792e-11,25.0,1
344,3.0,5.0,2.0,3.0,13.0,48.0,8.411e-11,9.042e-11,8.727e-11,25.0,1
345,3.0,5.0,2.0,3.0,13.0,51.0,8.408e-11,9.048e-11,8.728e-11,25.0,1
346,3.0,5.0,2.0,3.0,13.0,54.0,8.408e-11,9.055e-11,8.731e-11,25.0,1
347,3.0,5.0,2.0,3.0,13.0,57.0,8.412e-11,9.066e-11,8.739e-11,25.0,1
348,3.0,5.0,2.0,3.0,13.0,60.0,8.418e-11,9.076e-11,8.747e-11,25.0,1
349,3.0,5.0,2.0,3.0,13.0,63.0,8.425e-11,9.09e-11,8.757e-11,25.0,1
350,3.0,5.0,2.0,3.0,13.0,66.0,8.435e-11,9.105e-11,8.77e-11,25.0,1
351,3.0,5.0,2.0,3.0,15.0,48.0,8.437e-11,9.067e-11,8.752e-11,25.0,1
352,3.0,5.0,2.0,3.0,15.0,51.0,8.431e-11,9.069e-11,8.75e-11,25.0,1
353,3.0,5.0,2.0,3.0,15.0,54.0,8.428e-11,9.074e-11,8.751e-11,25.0,1
354,3.0,5.0,2.0,3.0,15.0,57.0,8.428e-11,9.081e-11,8.755e-11,25.0,1
355,3.0,5.0,2.0,3.0,15.0,60.0,8.431e-11,9.089e-11,8.76e-11,25.0,1
356,3.0,5.0,2.0,3.0,15.0,63.0,8.436e-11,9.099e-11,8.768e-11,25.0,1
357,3.0,5.0,2.0,3.0,15.0,66.0,8.444e-11,9.109e-11,8.776e-11,25.0,1
358,3.0,5.0,2.0,4.0,11.0,48.0,8.364e-11,9.06e-11,8.712e-11,25.0,1
359,3.0,5.0,2.0,4.0,11.0,51.0,8.364e-11,9.07e-11,8.717e-11,25.0,1
360,3.0,5.0,2.0,4.0,11.0,54.0,8.368e-11,9.082e-11,8.725e-11,25.0,1
361,3.0,5.0,2.0,4.0,11.0,57.0,8.374e-11,9.097e-11,8.736e-11,25.0,1
362,3.0,5.0,2.0,4.0,11.0,60.0,8.384e-11,9.112e-11,8.748e-11,25.0,1
363,3.0,5.0,2.0,4.0,11.0,63.0,8.396e-11,9.13e-11,8.763e-11,25.0,1
364,3.0,5.0,2.0,4.0,11.0,66.0,8.408e-11,9.149e-11,8.779e-11,25.0,1
365,3.0,5.0,2.0,4.0,13.0,48.0,8.348e-11,9.046e-11,8.697e-11,25.0,1
366,3.0,5.0,2.0,4.0,13.0,51.0,8.344e-11,9.05e-11,8.697e-11,25.0,1
367,3.0,5.0,2.0,4.0,13.0,54.0,8.343e-11,9.058e-11,8.701e-11,25.0,1
368,3.0,5.0,2.0,4.0,13.0,57.0,8.346e-11,9.068e-11,8.707e-11,25.0,1
369,3.0,5.0,2.0,4.0,13.0,60.0,8.351e-11,9.078e-11,8.715e-11,25.0,1
370,3.0,5.0,2.0,4.0,13.0,63.0,8.359e-11,9.09e-11,8.724e-11,25.0,1
371,3.0,5.0,2.0,4.0,13.0,66.0,8.368e-11,9.103e-11,8.736e-11,25.0,1
372,3.0,5.0,2.0,4.0,15.0,48.0,8.353e-11,9.052e-11,8.703e-11,25.0,1
373,3.0,5.0,2.0,4.0,15.0,51.0,8.346e-11,9.054e-11,8.7e-11,25.0,1
374,3.0,5.0,2.0,4.0,15.0,54.0,8.342e-11,9.058e-11,8.7e-11,25.0,1
375,3.0,5.0,2.0,4.0,15.0,57.0,8.342e-11,9.065e-11,8.703e-11,25.0,1
376,3.0,5.0,2.0,4.0,15.0,60.0,8.344e-11,9.071e-11,8.707e-11,25.0,1
377,3.0,5.0,2.0,4.0,15.0,63.0,8.348e-11,9.081e-11,8.714e-11,25.0,1
378,3.0,5.0,2.0,4.0,15.0,66.0,8.355e-11,9.091e-11,8.723e-11,25.0,1
379,4.0,3.0,1.0,2.0,11.0,48.0,6.134e-11,6.808e-11,6.471e-11,25.0,1
380,4.0,3.0,1.0,2.0,11.0,51.0,6.137e-11,6.819e-11,6.478e-11,25.0,1
381,4.0,3.0,1.0,2.0,11.0,54.0,6.143e-11,6.831e-11,6.487e-11,25.0,1
382,4.0,3.0,1.0,2.0,11.0,57.0,6.152e-11,6.845e-11,6.498e-11,25.0,1
383,4.0,3.0,1.0,2.0,11.0,60.0,6.163e-11,6.863e-11,6.513e-11,25.0,1
384,4.0,3.0,1.0,2.0,11.0,63.0,6.176e-11,6.88e-11,6.528e-11,25.0,1
385,4.0,3.0,1.0,2.0,11.0,66.0,6.19e-11,6.9e-11,6.545e-11,25.0,1
386,4.0,3.0,1.0,2.0,13.0,48.0,6.184e-11,6.852e-11,6.518e-11,25.0,1
387,4.0,3.0,1.0,2.0,13.0,51.0,6.182e-11,6.859e-11,6.521e-11,25.0,1
388,4.0,3.0,1.0,2.0,13.0,54.0,6.184e-11,6.866e-11,6.525e-11,25.0,1
389,4.0,3.0,1.0,2.0,13.0,57.0,6.188e-11,6.877e-11,6.533e-11,25.0,1
390,4.0,3.0,1.0,2.0,13.0,60.0,6.196e-11,6.889e-11,6.543e-11,25.0,1
391,4.0,3.0,1.0,2.0,13.0,63.0,6.205e-11,6.903e-11,6.554e-11,25.0,1
392,4.0,3.0,1.0,2.0,13.0,66.0,6.216e-11,6.917e-11,6.567e-11,25.0,1
393,4.0,3.0,1.0,2.0,15.0,48.0,6.254e-11,6.917e-11,6.585e-11,25.0,1
394,4.0,3.0,1.0,2.0,15.0,51.0,6.248e-11,6.919e-11,6.584e-11,25.0,1
395,4.0,3.0,1.0,2.0,15.0,54.0,6.247e-11,6.924e-11,6.586e-11,25.0,1
396,4.0,3.0,1.0,2.0,15.0,57.0,6.249e-11,6.933e-11,6.591e-11,25.0,1
397,4.0,3.0,1.0,2.0,15.0,60.0,6.253e-11,6.941e-11,6.597e-11,25.0,1
398,4.0,3.0,1.0,2.0,15.0,63.0,6.26e-11,6.952e-11,6.606e-11,25.0,1
399,4.0,3.0,1.0,2.0,15.0,66.0,6.268e-11,6.963e-11,6.616e-11,25.0,1
400,4.0,3.0,1.0,3.0,11.0,48.0,6.007e-11,6.866e-11,6.437e-11,25.0,1
401,4.0,3.0,1.0,3.0,11.0,51.0,6.008e-11,6.876e-11,6.442e-11,25.0,1
402,4.0,3.0,1.0,3.0,11.0,54.0,6.012e-11,6.887e-11,6.449e-11,25.0,1
403,4.0,3.0,1.0,3.0,11.0,57.0,6.019e-11,6.901e-11,6.46e-11,25.0,1
404,4.0,3.0,1.0,3.0,11.0,60.0,6.03e-11,6.917e-11,6.473e-11,25.0,1
405,4.0,3.0,1.0,3.0,11.0,63.0,6.041e-11,6.935e-11,6.488e-11,25.0,1
406,4.0,3.0,1.0,3.0,11.0,66.0,6.055e-11,6.953e-11,6.504e-11,25.0,1
407,4.0,3.0,1.0,3.0,13.0,48.0,6.014e-11,6.878e-11,6.446e-11,25.0,1
408,4.0,3.0,1.0,3.0,13.0,51.0,6.011e-11,6.882e-11,6.446e-11,25.0,1
409,4.0,3.0,1.0,3.0,13.0,54.0,6.011e-11,6.89e-11,6.451e-11,25.0,1
410,4.0,3.0,1.0,3.0,13.0,57.0,6.015e-11,6.9e-11,6.457e-11,25.0,1
411,4.0,3.0,1.0,3.0,13.0,60.0,6.02e-11,6.911e-11,6.466e-11,25.0,1
412,4.0,3.0,1.0,3.0,13.0,63.0,6.028e-11,6.924e-11,6.476e-11,25.0,1
413,4.0,3.0,1.0,3.0,13.0,66.0,6.039e-11,6.938e-11,6.488e-11,25.0,1
414,4.0,3.0,1.0,3.0,15.0,48.0,6.042e-11,6.909e-11,6.476e-11,25.0,1
415,4.0,3.0,1.0,3.0,15.0,51.0,6.035e-11,6.911e-11,6.473e-11,25.0,1
416,4.0,3.0,1.0,3.0,15.0,54.0,6.033e-11,6.915e-11,6.474e-11,25.0,1
417,4.0,3.0,1.0,3.0,15.0,57.0,6.033e-11,6.921e-11,6.477e-11,25.0,1
418,4.0,3.0,1.0,3.0,15.0,60.0,6.036e-11,6.93e-11,6.483e-11,25.0,1
419,4.0,3.0,1.0,3.0,15.0,63.0,6.041e-11,6.939e-11,6.49e-11,25.0,1
420,4.0,3.0,1.0,3.0,15.0,66.0,6.049e-11,6.95e-11,6.499e-11,25.0,1
421,4.0,3.0,1.0,4.0,11.0,48.0,6.001e-11,7.043e-11,6.522e-11,25.0,1
422,4.0,3.0,1.0,4.0,11.0,51.0,6.001e-11,7.052e-11,6.527e-11,25.0,1
423,4.0,3.0,1.0,4.0,11.0,54.0,6.005e-11,7.063e-11,6.534e-11,25.0,1
424,4.0,3.0,1.0,4.0,11.0,57.0,6.012e-11,7.078e-11,6.545e-11,25.0,1
425,4.0,3.0,1.0,4.0,11.0,60.0,6.021e-11,7.094e-11,6.557e-11,25.0,1
426,4.0,3.0,1.0,4.0,11.0,63.0,6.033e-11,7.109e-11,6.571e-11,25.0,1
427,4.0,3.0,1.0,4.0,11.0,66.0,6.046e-11,7.129e-11,6.587e-11,25.0,1
428,4.0,3.0,1.0,4.0,13.0,48.0,5.99e-11,7.035e-11,6.512e-11,25.0,1
429,4.0,3.0,1.0,4.0,13.0,51.0,5.985e-11,7.039e-11,6.512e-11,25.0,1
430,4.0,3.0,1.0,4.0,13.0,54.0,5.984e-11,7.046e-11,6.515e-11,25.0,1
431,4.0,3.0,1.0,4.0,13.0,57.0,5.987e-11,7.054e-11,6.521e-11,25.0,1
432,4.0,3.0,1.0,4.0,13.0,60.0,5.992e-11,7.066e-11,6.529e-11,25.0,1
433,4.0,3.0,1.0,4.0,13.0,63.0,5.999e-11,7.078e-11,6.539e-11,25.0,1
434,4.0,3.0,1.0,4.0,13.0,66.0,6.008e-11,7.093e-11,6.551e-11,25.0,1
435,4.0,3.0,1.0,4.0,15.0,48.0,5.997e-11,7.049e-11,6.523e-11,25.0,1
436,4.0,3.0,1.0,4.0,15.0,51.0,5.989e-11,7.049e-11,6.519e-11,25.0,1
437,4.0,3.0,1.0,4.0,15.0,54.0,5.986e-11,7.052e-11,6.519e-11,25.0,1
438,4.0,3.0,1.0,4.0,15.0,57.0,5.986e-11,7.058e-11,6.522e-11,25.0,1
439,4.0,3.0,1.0,4.0,15.0,60.0,5.988e-11,7.067e-11,6.527e-11,25.0,1
440,4.0,3.0,1.0,4.0,15.0,63.0,5.992e-11,7.076e-11,6.534e-11,25.0,1
441,4.0,3.0,1.0,4.0,15.0,66.0,5.999e-11,7.085e-11,6.542e-11,25.0,1
442,4.0,3.0,2.0,2.0,11.0,48.0,8.293e-11,8.869e-11,8.581e-11,25.0,1
443,4.0,3.0,2.0,2.0,11.0,51.0,8.295e-11,8.879e-11,8.587e-11,25.0,1
444,4.0,3.0,2.0,2.0,11.0,54.0,8.301e-11,8.894e-11,8.597e-11,25.0,1
445,4.0,3.0,2.0,2.0,11.0,57.0,8.31e-11,8.908e-11,8.609e-11,25.0,1
446,4.0,3.0,2.0,2.0,11.0,60.0,8.321e-11,8.924e-11,8.623e-11,25.0,1
447,4.0,3.0,2.0,2.0,11.0,63.0,8.334e-11,8.942e-11,8.638e-11,25.0,1
448,4.0,3.0,2.0,2.0,11.0,66.0,8.348e-11,8.962e-11,8.655e-11,25.0,1
449,4.0,3.0,2.0,2.0,13.0,48.0,8.341e-11,8.907e-11,8.624e-11,25.0,1
450,4.0,3.0,2.0,2.0,13.0,51.0,8.339e-11,8.913e-11,8.626e-11,25.0,1
451,4.0,3.0,2.0,2.0,13.0,54.0,8.341e-11,8.922e-11,8.632e-11,25.0,1
452,4.0,3.0,2.0,2.0,13.0,57.0,8.346e-11,8.933e-11,8.64e-11,25.0,1
453,4.0,3.0,2.0,2.0,13.0,60.0,8.353e-11,8.945e-11,8.649e-11,25.0,1
454,4.0,3.0,2.0,2.0,13.0,63.0,8.363e-11,8.958e-11,8.661e-11,25.0,1
455,4.0,3.0,2.0,2.0,13.0,66.0,8.374e-11,8.975e-11,8.674e-11,25.0,1
456,4.0,3.0,2.0,2.0,15.0,48.0,8.41e-11,8.966e-11,8.688e-11,25.0,1
457,4.0,3.0,2.0,2.0,15.0,51.0,8.405e-11,8.969e-11,8.687e-11,25.0,1
458,4.0,3.0,2.0,2.0,15.0,54.0,8.404e-11,8.974e-11,8.689e-11,25.0,1
459,4.0,3.0,2.0,2.0,15.0,57.0,8.406e-11,8.981e-11,8.693e-11,25.0,1
460,4.0,3.0,2.0,2.0,15.0,60.0,8.41e-11,8.991e-11,8.7e-11,25.0,1
461,4.0,3.0,2.0,2.0,15.0,63.0,8.417e-11,9.001e-11,8.709e-11,25.0,1
462,4.0,3.0,2.0,2.0,15.0,66.0,8.425e-11,9.013e-11,8.719e-11,25.0,1
463,4.0,3.0,2.0,3.0,11.0,48.0,8.118e-11,8.777e-11,8.447e-11,25.0,1
464,4.0,3.0,2.0,3.0,11.0,51.0,8.119e-11,8.787e-11,8.453e-11,25.0,1
465,4.0,3.0,2.0,3.0,11.0,54.0,8.124e-11,8.798e-11,8.461e-11,25.0,1
466,4.0,3.0,2.0,3.0,11.0,57.0,8.131e-11,8.813e-11,8.472e-11,25.0,1
467,4.0,3.0,2.0,3.0,11.0,60.0,8.142e-11,8.83e-11,8.486e-11,25.0,1
468,4.0,3.0,2.0,3.0,11.0,63.0,8.154e-11,8.848e-11,8.501e-11,25.0,1
469,4.0,3.0,2.0,3.0,11.0,66.0,8.167e-11,8.866e-11,8.516e-11,25.0,1
470,4.0,3.0,2.0,3.0,13.0,48.0,8.125e-11,8.78e-11,8.452e-11,25.0,1
471,4.0,3.0,2.0,3.0,13.0,51.0,8.121e-11,8.785e-11,8.453e-11,25.0,1
472,4.0,3.0,2.0,3.0,13.0,54.0,8.121e-11,8.794e-11,8.457e-11,25.0,1
473,4.0,3.0,2.0,3.0,13.0,57.0,8.125e-11,8.802e-11,8.464e-11,25.0,1
474,4.0,3.0,2.0,3.0,13.0,60.0,8.131e-11,8.815e-11,8.473e-11,25.0,1
475,4.0,3.0,2.0,3.0,13.0,63.0,8.138e-11,8.828e-11,8.483e-11,25.0,1
476,4.0,3.0,2.0,3.0,13.0,66.0,8.148e-11,8.842e-11,8.495e-11,25.0,1
477,4.0,3.0,2.0,3.0,15.0,48.0,8.15e-11,8.805e-11,8.478e-11,25.0,1
478,4.0,3.0,2.0,3.0,15.0,51.0,8.144e-11,8.807e-11,8.475e-11,25.0,1
479,4.0,3.0,2.0,3.0,15.0,54.0,8.141e-11,8.812e-11,8.476e-11,25.0,1
480,4.0,3.0,2.0,3.0,15.0,57.0,8.142e-11,8.818e-11,8.48e-11,25.0,1
481,4.0,3.0,2.0,3.0,15.0,60.0,8.145e-11,8.826e-11,8.485e-11,25.0,1
482,4.0,3.0,2.0,3.0,15.0,63.0,8.15e-11,8.836e-11,8.493e-11,25.0,1
483,4.0,3.0,2.0,3.0,15.0,66.0,8.157e-11,8.845e-11,8.501e-11,25.0,1
484,4.0,3.0,2.0,4.0,11.0,48.0,8.07e-11,8.799e-11,8.434e-11,25.0,1
485,4.0,3.0,2.0,4.0,11.0,51.0,8.07e-11,8.807e-11,8.439e-11,25.0,1
486,4.0,3.0,2.0,4.0,11.0,54.0,8.073e-11,8.821e-11,8.447e-11,25.0,1
487,4.0,3.0,2.0,4.0,11.0,57.0,8.08e-11,8.833e-11,8.457e-11,25.0,1
488,4.0,3.0,2.0,4.0,11.0,60.0,8.09e-11,8.85e-11,8.47e-11,25.0,1
489,4.0,3.0,2.0,4.0,11.0,63.0,8.102e-11,8.868e-11,8.485e-11,25.0,1
490,4.0,3.0,2.0,4.0,11.0,66.0,8.115e-11,8.885e-11,8.5e-11,25.0,1
491,4.0,3.0,2.0,4.0,13.0,48.0,8.055e-11,8.784e-11,8.419e-11,25.0,1
492,4.0,3.0,2.0,4.0,13.0,51.0,8.05e-11,8.788e-11,8.419e-11,25.0,1
493,4.0,3.0,2.0,4.0,13.0,54.0,8.049e-11,8.797e-11,8.423e-11,25.0,1
494,4.0,3.0,2.0,4.0,13.0,57.0,8.052e-11,8.805e-11,8.429e-11,25.0,1
495,4.0,3.0,2.0,4.0,13.0,60.0,8.057e-11,8.816e-11,8.437e-11,25.0,1
496,4.0,3.0,2.0,4.0,13.0,63.0,8.066e-11,8.828e-11,8.447e-11,25.0,1
497,4.0,3.0,2.0,4.0,13.0,66.0,8.074e-11,8.843e-11,8.458e-11,25.0,1
498,4.0,3.0,2.0,4.0,15.0,48.0,8.06e-11,8.791e-11,8.426e-11,25.0,1
499,4.0,3.0,2.0,4.0,15.0,51.0,8.053e-11,8.793e-11,8.423e-11,25.0,1
500,4.0,3.0,2.0,4.0,15.0,54.0,8.048e-11,8.796e-11,8.422e-11,25.0,1
501,4.0,3.0,2.0,4.0,15.0,57.0,8.048e-11,8.802e-11,8.425e-11,25.0,1
502,4.0,3.0,2.0,4.0,15.0,60.0,8.051e-11,8.809e-11,8.43e-11,25.0,1
503,4.0,3.0,2.0,4.0,15.0,63.0,8.055e-11,8.818e-11,8.437e-11,25.0,1
504,4.0,3.0,2.0,4.0,15.0,66.0,8.061e-11,8.829e-11,8.445e-11,25.0,1
505,4.0,4.0,1.0,2.0,11.0,48.0,6.135e-11,6.807e-11,6.471e-11,25.0,1
506,4.0,4.0,1.0,2.0,11.0,51.0,6.138e-11,6.817e-11,6.477e-11,25.0,1
507,4.0,4.0,1.0,2.0,11.0,54.0,6.144e-11,6.83e-11,6.487e-11,25.0,1
508,4.0,4.0,1.0,2.0,11.0,57.0,6.152e-11,6.844e-11,6.498e-11,25.0,1
509,4.0,4.0,1.0,2.0,11.0,60.0,6.164e-11,6.861e-11,6.513e-11,25.0,1
510,4.0,4.0,1.0,2.0,11.0,63.0,6.176e-11,6.879e-11,6.528e-11,25.0,1
511,4.0,4.0,1.0,2.0,11.0,66.0,6.192e-11,6.898e-11,6.545e-11,25.0,1
512,4.0,4.0,1.0,2.0,13.0,48.0,6.184e-11,6.851e-11,6.518e-11,25.0,1
513,4.0,4.0,1.0,2.0,13.0,51.0,6.183e-11,6.858e-11,6.52e-11,25.0,1
514,4.0,4.0,1.0,2.0,13.0,54.0,6.185e-11,6.866e-11,6.525e-11,25.0,1
515,4.0,4.0,1.0,2.0,13.0,57.0,6.189e-11,6.876e-11,6.533e-11,25.0,1
516,4.0,4.0,1.0,2.0,13.0,60.0,6.197e-11,6.888e-11,6.543e-11,25.0,1
517,4.0,4.0,1.0,2.0,13.0,63.0,6.206e-11,6.902e-11,6.554e-11,25.0,1
518,4.0,4.0,1.0,2.0,13.0,66.0,6.217e-11,6.916e-11,6.567e-11,25.0,1
519,4.0,4.0,1.0,2.0,15.0,48.0,6.254e-11,6.917e-11,6.586e-11,25.0,1
520,4.0,4.0,1.0,2.0,15.0,51.0,6.249e-11,6.918e-11,6.584e-11,25.0,1
521,4.0,4.0,1.0,2.0,15.0,54.0,6.248e-11,6.924e-11,6.586e-11,25.0,1
522,4.0,4.0,1.0,2.0,15.0,57.0,6.25e-11,6.931e-11,6.59e-11,25.0,1
523,4.0,4.0,1.0,2.0,15.0,60.0,6.254e-11,6.941e-11,6.598e-11,25.0,1
524,4.0,4.0,1.0,2.0,15.0,63.0,6.261e-11,6.951e-11,6.606e-11,25.0,1
525,4.0,4.0,1.0,2.0,15.0,66.0,6.269e-11,6.963e-11,6.616e-11,25.0,1
526,4.0,4.0,1.0,3.0,11.0,48.0,6.007e-11,6.865e-11,6.436e-11,25.0,1
527,4.0,4.0,1.0,3.0,11.0,51.0,6.008e-11,6.875e-11,6.441e-11,25.0,1
528,4.0,4.0,1.0,3.0,11.0,54.0,6.013e-11,6.886e-11,6.449e-11,25.0,1
529,4.0,4.0,1.0,3.0,11.0,57.0,6.02e-11,6.899e-11,6.46e-11,25.0,1
530,4.0,4.0,1.0,3.0,11.0,60.0,6.03e-11,6.916e-11,6.473e-11,25.0,1
531,4.0,4.0,1.0,3.0,11.0,63.0,6.042e-11,6.934e-11,6.488e-11,25.0,1
532,4.0,4.0,1.0,3.0,11.0,66.0,6.056e-11,6.951e-11,6.504e-11,25.0,1
533,4.0,4.0,1.0,3.0,13.0,48.0,6.015e-11,6.877e-11,6.446e-11,25.0,1
534,4.0,4.0,1.0,3.0,13.0,51.0,6.011e-11,6.88e-11,6.446e-11,25.0,1
535,4.0,4.0,1.0,3.0,13.0,54.0,6.012e-11,6.888e-11,6.45e-11,25.0,1
536,4.0,4.0,1.0,3.0,13.0,57.0,6.015e-11,6.899e-11,6.457e-11,25.0,1
537,4.0,4.0,1.0,3.0,13.0,60.0,6.021e-11,6.91e-11,6.465e-11,25.0,1
538,4.0,4.0,1.0,3.0,13.0,63.0,6.029e-11,6.922e-11,6.475e-11,25.0,1
539,4.0,4.0,1.0,3.0,13.0,66.0,6.039e-11,6.936e-11,6.488e-11,25.0,1
540,4.0,4.0,1.0,3.0,15.0,48.0,6.043e-11,6.908e-11,6.475e-11,25.0,1
541,4.0,4.0,1.0,3.0,15.0,51.0,6.036e-11,6.909e-11,6.473e-11,25.0,1
542,4.0,4.0,1.0,3.0,15.0,54.0,6.034e-11,6.914e-11,6.474e-11,25.0,1
543,4.0,4.0,1.0,3.0,15.0,57.0,6.034e-11,6.919e-11,6.477e-11,25.0,1
544,4.0,4.0,1.0,3.0,15.0,60.0,6.037e-11,6.928e-11,6.482e-11,25.0,1
545,4.0,4.0,1.0,3.0,15.0,63.0,6.042e-11,6.937e-11,6.49e-11,25.0,1
546,4.0,4.0,1.0,3.0,15.0,66.0,6.049e-11,6.949e-11,6.499e-11,25.0,1
547,4.0,4.0,1.0,4.0,11.0,48.0,6.002e-11,7.04e-11,6.521e-11,25.0,1
548,4.0,4.0,1.0,4.0,11.0,51.0,6.002e-11,7.049e-11,6.526e-11,25.0,1
549,4.0,4.0,1.0,4.0,11.0,54.0,6.006e-11,7.061e-11,6.534e-11,25.0,1
550,4.0,4.0,1.0,4.0,11.0,57.0,6.013e-11,7.075e-11,6.544e-11,25.0,1
551,4.0,4.0,1.0,4.0,11.0,60.0,6.022e-11,7.091e-11,6.556e-11,25.0,1
552,4.0,4.0,1.0,4.0,11.0,63.0,6.034e-11,7.108e-11,6.571e-11,25.0,1
553,4.0,4.0,1.0,4.0,11.0,66.0,6.047e-11,7.126e-11,6.587e-11,25.0,1
554,4.0,4.0,1.0,4.0,13.0,48.0,5.99e-11,7.033e-11,6.512e-11,25.0,1
555,4.0,4.0,1.0,4.0,13.0,51.0,5.986e-11,7.036e-11,6.511e-11,25.0,1
556,4.0,4.0,1.0,4.0,13.0,54.0,5.985e-11,7.044e-11,6.515e-11,25.0,1
557,4.0,4.0,1.0,4.0,13.0,57.0,5.988e-11,7.053e-11,6.521e-11,25.0,1
558,4.0,4.0,1.0,4.0,13.0,60.0,5.993e-11,7.064e-11,6.529e-11,25.0,1
559,4.0,4.0,1.0,4.0,13.0,63.0,6e-11,7.076e-11,6.538e-11,25.0,1
560,4.0,4.0,1.0,4.0,13.0,66.0,6.009e-11,7.09e-11,6.55e-11,25.0,1
561,4.0,4.0,1.0,4.0,15.0,48.0,5.998e-11,7.048e-11,6.523e-11,25.0,1
562,4.0,4.0,1.0,4.0,15.0,51.0,5.99e-11,7.047e-11,6.519e-11,25.0,1
563,4.0,4.0,1.0,4.0,15.0,54.0,5.987e-11,7.051e-11,6.519e-11,25.0,1
564,4.0,4.0,1.0,4.0,15.0,57.0,5.986e-11,7.058e-11,6.522e-11,25.0,1
565,4.0,4.0,1.0,4.0,15.0,60.0,5.989e-11,7.064e-11,6.526e-11,25.0,1
566,4.0,4.0,1.0,4.0,15.0,63.0,5.993e-11,7.073e-11,6.533e-11,25.0,1
567,4.0,4.0,1.0,4.0,15.0,66.0,5.999e-11,7.084e-11,6.542e-11,25.0,1
568,4.0,4.0,2.0,2.0,11.0,48.0,8.295e-11,8.869e-11,8.582e-11,25.0,1
569,4.0,4.0,2.0,2.0,11.0,51.0,8.297e-11,8.879e-11,8.588e-11,25.0,1
570,4.0,4.0,2.0,2.0,11.0,54.0,8.303e-11,8.893e-11,8.598e-11,25.0,1
571,4.0,4.0,2.0,2.0,11.0,57.0,8.311e-11,8.908e-11,8.61e-11,25.0,1
572,4.0,4.0,2.0,2.0,11.0,60.0,8.323e-11,8.924e-11,8.623e-11,25.0,1
573,4.0,4.0,2.0,2.0,11.0,63.0,8.335e-11,8.943e-11,8.639e-11,25.0,1
574,4.0,4.0,2.0,2.0,11.0,66.0,8.351e-11,8.963e-11,8.657e-11,25.0,1
575,4.0,4.0,2.0,2.0,13.0,48.0,8.343e-11,8.907e-11,8.625e-11,25.0,1
576,4.0,4.0,2.0,2.0,13.0,51.0,8.341e-11,8.914e-11,8.627e-11,25.0,1
577,4.0,4.0,2.0,2.0,13.0,54.0,8.343e-11,8.923e-11,8.633e-11,25.0,1
578,4.0,4.0,2.0,2.0,13.0,57.0,8.347e-11,8.934e-11,8.641e-11,25.0,1
579,4.0,4.0,2.0,2.0,13.0,60.0,8.354e-11,8.945e-11,8.65e-11,25.0,1
580,4.0,4.0,2.0,2.0,13.0,63.0,8.364e-11,8.959e-11,8.661e-11,25.0,1
581,4.0,4.0,2.0,2.0,13.0,66.0,8.375e-11,8.975e-11,8.675e-11,25.0,1
582,4.0,4.0,2.0,2.0,15.0,48.0,8.411e-11,8.965e-11,8.688e-11,25.0,1
583,4.0,4.0,2.0,2.0,15.0,51.0,8.406e-11,8.968e-11,8.687e-11,25.0,1
584,4.0,4.0,2.0,2.0,15.0,54.0,8.405e-11,8.975e-11,8.69e-11,25.0,1
585,4.0,4.0,2.0,2.0,15.0,57.0,8.407e-11,8.981e-11,8.694e-11,25.0,1
586,4.0,4.0,2.0,2.0,15.0,60.0,8.412e-11,8.991e-11,8.701e-11,25.0,1
587,4.0,4.0,2.0,2.0,15.0,63.0,8.418e-11,9.001e-11,8.709e-11,25.0,1
588,4.0,4.0,2.0,2.0,15.0,66.0,8.426e-11,9.013e-11,8.72e-11,25.0,1
589,4.0,4.0,2.0,3.0,11.0,48.0,8.12e-11,8.777e-11,8.449e-11,25.0,1
590,4.0,4.0,2.0,3.0,11.0,51.0,8.121e-11,8.787e-11,8.454e-11,25.0,1
591,4.0,4.0,2.0,3.0,11.0,54.0,8.125e-11,8.799e-11,8.462e-11,25.0,1
592,4.0,4.0,2.0,3.0,11.0,57.0,8.133e-11,8.813e-11,8.473e-11,25.0,1
593,4.0,4.0,2.0,3.0,11.0,60.0,8.143e-11,8.829e-11,8.486e-11,25.0,1
594,4.0,4.0,2.0,3.0,11.0,63.0,8.155e-11,8.846e-11,8.501e-11,25.0,1
595,4.0,4.0,2.0,3.0,11.0,66.0,8.168e-11,8.865e-11,8.517e-11,25.0,1
596,4.0,4.0,2.0,3.0,13.0,48.0,8.125e-11,8.78e-11,8.453e-11,25.0,1
597,4.0,4.0,2.0,3.0,13.0,51.0,8.121e-11,8.784e-11,8.453e-11,25.0,1
598,4.0,4.0,2.0,3.0,13.0,54.0,8.122e-11,8.794e-11,8.458e-11,25.0,1
599,4.0,4.0,2.0,3.0,13.0,57.0,8.126e-11,8.802e-11,8.464e-11,25.0,1
600,4.0,4.0,2.0,3.0,13.0,60.0,8.132e-11,8.814e-11,8.473e-11,25.0,1
601,4.0,4.0,2.0,3.0,13.0,63.0,8.139e-11,8.827e-11,8.483e-11,25.0,1
602,4.0,4.0,2.0,3.0,13.0,66.0,8.15e-11,8.842e-11,8.496e-11,25.0,1
603,4.0,4.0,2.0,3.0,15.0,48.0,8.152e-11,8.805e-11,8.478e-11,25.0,1
604,4.0,4.0,2.0,3.0,15.0,51.0,8.145e-11,8.806e-11,8.475e-11,25.0,1
605,4.0,4.0,2.0,3.0,15.0,54.0,8.142e-11,8.811e-11,8.477e-11,25.0,1
606,4.0,4.0,2.0,3.0,15.0,57.0,8.143e-11,8.817e-11,8.48e-11,25.0,1
607,4.0,4.0,2.0,3.0,15.0,60.0,8.146e-11,8.825e-11,8.486e-11,25.0,1
608,4.0,4.0,2.0,3.0,15.0,63.0,8.151e-11,8.835e-11,8.493e-11,25.0,1
609,4.0,4.0,2.0,3.0,15.0,66.0,8.158e-11,8.846e-11,8.502e-11,25.0,1
610,4.0,4.0,2.0,4.0,11.0,48.0,8.072e-11,8.798e-11,8.435e-11,25.0,1
611,4.0,4.0,2.0,4.0,11.0,51.0,8.071e-11,8.807e-11,8.439e-11,25.0,1
612,4.0,4.0,2.0,4.0,11.0,54.0,8.075e-11,8.818e-11,8.447e-11,25.0,1
613,4.0,4.0,2.0,4.0,11.0,57.0,8.082e-11,8.832e-11,8.457e-11,25.0,1
614,4.0,4.0,2.0,4.0,11.0,60.0,8.092e-11,8.849e-11,8.47e-11,25.0,1
615,4.0,4.0,2.0,4.0,11.0,63.0,8.103e-11,8.865e-11,8.484e-11,25.0,1
616,4.0,4.0,2.0,4.0,11.0,66.0,8.116e-11,8.885e-11,8.5e-11,25.0,1
617,4.0,4.0,2.0,4.0,13.0,48.0,8.056e-11,8.782e-11,8.419e-11,25.0,1
618,4.0,4.0,2.0,4.0,13.0,51.0,8.052e-11,8.788e-11,8.42e-11,25.0,1
619,4.0,4.0,2.0,4.0,13.0,54.0,8.051e-11,8.795e-11,8.423e-11,25.0,1
620,4.0,4.0,2.0,4.0,13.0,57.0,8.054e-11,8.804e-11,8.429e-11,25.0,1
621,4.0,4.0,2.0,4.0,13.0,60.0,8.059e-11,8.814e-11,8.437e-11,25.0,1
622,4.0,4.0,2.0,4.0,13.0,63.0,8.067e-11,8.827e-11,8.447e-11,25.0,1
623,4.0,4.0,2.0,4.0,13.0,66.0,8.076e-11,8.842e-11,8.459e-11,25.0,1
624,4.0,4.0,2.0,4.0,15.0,48.0,8.061e-11,8.79e-11,8.425e-11,25.0,1
625,4.0,4.0,2.0,4.0,15.0,51.0,8.054e-11,8.792e-11,8.423e-11,25.0,1
626,4.0,4.0,2.0,4.0,15.0,54.0,8.05e-11,8.795e-11,8.423e-11,25.0,1
627,4.0,4.0,2.0,4.0,15.0,57.0,8.05e-11,8.8e-11,8.425e-11,25.0,1
628,4.0,4.0,2.0,4.0,15.0,60.0,8.052e-11,8.808e-11,8.43e-11,25.0,1
629,4.0,4.0,2.0,4.0,15.0,63.0,8.057e-11,8.817e-11,8.437e-11,25.0,1
630,4.0,4.0,2.0,4.0,15.0,66.0,8.063e-11,8.828e-11,8.446e-11,25.0,1
631,4.0,5.0,1.0,2.0,11.0,48.0,6.136e-11,6.806e-11,6.471e-11,25.0,1
632,4.0,5.0,1.0,2.0,11.0,51.0,6.138e-11,6.816e-11,6.477e-11,25.0,1
633,4.0,5.0,1.0,2.0,11.0,54.0,6.144e-11,6.829e-11,6.486e-11,25.0,1
634,4.0,5.0,1.0,2.0,11.0,57.0,6.153e-11,6.844e-11,6.498e-11,25.0,1
635,4.0,5.0,1.0,2.0,11.0,60.0,6.164e-11,6.861e-11,6.512e-11,25.0,1
636,4.0,5.0,1.0,2.0,11.0,63.0,6.177e-11,6.878e-11,6.528e-11,25.0,1
637,4.0,5.0,1.0,2.0,11.0,66.0,6.192e-11,6.897e-11,6.544e-11,25.0,1
638,4.0,5.0,1.0,2.0,13.0,48.0,6.185e-11,6.85e-11,6.517e-11,25.0,1
639,4.0,5.0,1.0,2.0,13.0,51.0,6.183e-11,6.856e-11,6.519e-11,25.0,1
640,4.0,5.0,1.0,2.0,13.0,54.0,6.185e-11,6.864e-11,6.525e-11,25.0,1
641,4.0,5.0,1.0,2.0,13.0,57.0,6.189e-11,6.876e-11,6.533e-11,25.0,1
642,4.0,5.0,1.0,2.0,13.0,60.0,6.197e-11,6.888e-11,6.543e-11,25.0,1
643,4.0,5.0,1.0,2.0,13.0,63.0,6.206e-11,6.902e-11,6.554e-11,25.0,1
644,4.0,5.0,1.0,2.0,13.0,66.0,6.218e-11,6.915e-11,6.567e-11,25.0,1
645,4.0,5.0,1.0,2.0,15.0,48.0,6.255e-11,6.915e-11,6.585e-11,25.0,1
646,4.0,5.0,1.0,2.0,15.0,51.0,6.25e-11,6.917e-11,6.583e-11,25.0,1
647,4.0,5.0,1.0,2.0,15.0,54.0,6.248e-11,6.923e-11,6.586e-11,25.0,1
648,4.0,5.0,1.0,2.0,15.0,57.0,6.25e-11,6.931e-11,6.59e-11,25.0,1
649,4.0,5.0,1.0,2.0,15.0,60.0,6.255e-11,6.94e-11,6.597e-11,25.0,1
650,4.0,5.0,1.0,2.0,15.0,63.0,6.261e-11,6.95e-11,6.605e-11,25.0,1
651,4.0,5.0,1.0,2.0,15.0,66.0,6.269e-11,6.961e-11,6.615e-11,25.0,1
652,4.0,5.0,1.0,3.0,11.0,48.0,6.008e-11,6.864e-11,6.436e-11,25.0,1
653,4.0,5.0,1.0,3.0,11.0,51.0,6.009e-11,6.873e-11,6.441e-11,25.0,1
654,4.0,5.0,1.0,3.0,11.0,54.0,6.013e-11,6.885e-11,6.449e-11,25.0,1
655,4.0,5.0,1.0,3.0,11.0,57.0,6.02e-11,6.899e-11,6.459e-11,25.0,1
656,4.0,5.0,1.0,3.0,11.0,60.0,6.031e-11,6.915e-11,6.473e-11,25.0,1
657,4.0,5.0,1.0,3.0,11.0,63.0,6.043e-11,6.933e-11,6.488e-11,25.0,1
658,4.0,5.0,1.0,3.0,11.0,66.0,6.057e-11,6.951e-11,6.504e-11,25.0,1
659,4.0,5.0,1.0,3.0,13.0,48.0,6.016e-11,6.875e-11,6.445e-11,25.0,1
660,4.0,5.0,1.0,3.0,13.0,51.0,6.012e-11,6.88e-11,6.446e-11,25.0,1
661,4.0,5.0,1.0,3.0,13.0,54.0,6.012e-11,6.887e-11,6.45e-11,25.0,1
662,4.0,5.0,1.0,3.0,13.0,57.0,6.016e-11,6.896e-11,6.456e-11,25.0,1
663,4.0,5.0,1.0,3.0,13.0,60.0,6.022e-11,6.908e-11,6.465e-11,25.0,1
664,4.0,5.0,1.0,3.0,13.0,63.0,6.03e-11,6.921e-11,6.475e-11,25.0,1
665,4.0,5.0,1.0,3.0,13.0,66.0,6.04e-11,6.935e-11,6.487e-11,25.0,1
666,4.0,5.0,1.0,3.0,15.0,48.0,6.044e-11,6.907e-11,6.475e-11,25.0,1
667,4.0,5.0,1.0,3.0,15.0,51.0,6.037e-11,6.909e-11,6.473e-11,25.0,1
668,4.0,5.0,1.0,3.0,15.0,54.0,6.034e-11,6.912e-11,6.473e-11,25.0,1
669,4.0,5.0,1.0,3.0,15.0,57.0,6.035e-11,6.918e-11,6.476e-11,25.0,1
670,4.0,5.0,1.0,3.0,15.0,60.0,6.038e-11,6.927e-11,6.482e-11,25.0,1
671,4.0,5.0,1.0,3.0,15.0,63.0,6.043e-11,6.937e-11,6.49e-11,25.0,1
672,4.0,5.0,1.0,3.0,15.0,66.0,6.05e-11,6.948e-11,6.499e-11,25.0,1
673,4.0,5.0,1.0,4.0,11.0,48.0,6.003e-11,7.04e-11,6.521e-11,25.0,1
674,4.0,5.0,1.0,4.0,11.0,51.0,6.003e-11,7.049e-11,6.526e-11,25.0,1
675,4.0,5.0,1.0,4.0,11.0,54.0,6.007e-11,7.061e-11,6.534e-11,25.0,1
676,4.0,5.0,1.0,4.0,11.0,57.0,6.014e-11,7.075e-11,6.544e-11,25.0,1
677,4.0,5.0,1.0,4.0,11.0,60.0,6.023e-11,7.089e-11,6.556e-11,25.0,1
678,4.0,5.0,1.0,4.0,11.0,63.0,6.035e-11,7.106e-11,6.57e-11,25.0,1
679,4.0,5.0,1.0,4.0,11.0,66.0,6.048e-11,7.125e-11,6.586e-11,25.0,1
680,4.0,5.0,1.0,4.0,13.0,48.0,5.99e-11,7.032e-11,6.511e-11,25.0,1
681,4.0,5.0,1.0,4.0,13.0,51.0,5.986e-11,7.036e-11,6.511e-11,25.0,1
682,4.0,5.0,1.0,4.0,13.0,54.0,5.986e-11,7.042e-11,6.514e-11,25.0,1
683,4.0,5.0,1.0,4.0,13.0,57.0,5.988e-11,7.051e-11,6.52e-11,25.0,1
684,4.0,5.0,1.0,4.0,13.0,60.0,5.993e-11,7.064e-11,6.528e-11,25.0,1
685,4.0,5.0,1.0,4.0,13.0,63.0,6.001e-11,7.075e-11,6.538e-11,25.0,1
686,4.0,5.0,1.0,4.0,13.0,66.0,6.01e-11,7.089e-11,6.55e-11,25.0,1
687,4.0,5.0,1.0,4.0,15.0,48.0,5.998e-11,7.046e-11,6.522e-11,25.0,1
688,4.0,5.0,1.0,4.0,15.0,51.0,5.991e-11,7.046e-11,6.519e-11,25.0,1
689,4.0,5.0,1.0,4.0,15.0,54.0,5.987e-11,7.05e-11,6.519e-11,25.0,1
690,4.0,5.0,1.0,4.0,15.0,57.0,5.987e-11,7.056e-11,6.521e-11,25.0,1
691,4.0,5.0,1.0,4.0,15.0,60.0,5.989e-11,7.064e-11,6.526e-11,25.0,1
692,4.0,5.0,1.0,4.0,15.0,63.0,5.993e-11,7.072e-11,6.533e-11,25.0,1
693,4.0,5.0,1.0,4.0,15.0,66.0,6e-11,7.083e-11,6.541e-11,25.0,1
694,4.0,5.0,2.0,2.0,11.0,48.0,8.296e-11,8.869e-11,8.582e-11,25.0,1
695,4.0,5.0,2.0,2.0,11.0,51.0,8.298e-11,8.879e-11,8.589e-11,25.0,1
696,4.0,5.0,2.0,2.0,11.0,54.0,8.303e-11,8.894e-11,8.599e-11,25.0,1
697,4.0,5.0,2.0,2.0,11.0,57.0,8.313e-11,8.907e-11,8.61e-11,25.0,1
698,4.0,5.0,2.0,2.0,11.0,60.0,8.323e-11,8.924e-11,8.624e-11,25.0,1
699,4.0,5.0,2.0,2.0,11.0,63.0,8.337e-11,8.942e-11,8.639e-11,25.0,1
700,4.0,5.0,2.0,2.0,11.0,66.0,8.351e-11,8.963e-11,8.657e-11,25.0,1
701,4.0,5.0,2.0,2.0,13.0,48.0,8.344e-11,8.906e-11,8.625e-11,25.0,1
702,4.0,5.0,2.0,2.0,13.0,51.0,8.341e-11,8.913e-11,8.627e-11,25.0,1
703,4.0,5.0,2.0,2.0,13.0,54.0,8.344e-11,8.922e-11,8.633e-11,25.0,1
704,4.0,5.0,2.0,2.0,13.0,57.0,8.348e-11,8.933e-11,8.641e-11,25.0,1
705,4.0,5.0,2.0,2.0,13.0,60.0,8.356e-11,8.946e-11,8.651e-11,25.0,1
706,4.0,5.0,2.0,2.0,13.0,63.0,8.365e-11,8.958e-11,8.662e-11,25.0,1
707,4.0,5.0,2.0,2.0,13.0,66.0,8.376e-11,8.974e-11,8.675e-11,25.0,1
708,4.0,5.0,2.0,2.0,15.0,48.0,8.412e-11,8.966e-11,8.689e-11,25.0,1
709,4.0,5.0,2.0,2.0,15.0,51.0,8.408e-11,8.968e-11,8.688e-11,25.0,1
710,4.0,5.0,2.0,2.0,15.0,54.0,8.407e-11,8.974e-11,8.69e-11,25.0,1
711,4.0,5.0,2.0,2.0,15.0,57.0,8.408e-11,8.981e-11,8.694e-11,25.0,1
712,4.0,5.0,2.0,2.0,15.0,60.0,8.413e-11,8.991e-11,8.702e-11,25.0,1
713,4.0,5.0,2.0,2.0,15.0,63.0,8.419e-11,9e-11,8.71e-11,25.0,1
714,4.0,5.0,2.0,2.0,15.0,66.0,8.427e-11,9.013e-11,8.72e-11,25.0,1
715,4.0,5.0,2.0,3.0,11.0,48.0,8.121e-11,8.775e-11,8.448e-11,25.0,1
716,4.0,5.0,2.0,3.0,11.0,51.0,8.122e-11,8.786e-11,8.454e-11,25.0,1
717,4.0,5.0,2.0,3.0,11.0,54.0,8.126e-11,8.799e-11,8.463e-11,25.0,1
718,4.0,5.0,2.0,3.0,11.0,57.0,8.133e-11,8.812e-11,8.472e-11,25.0,1
719,4.0,5.0,2.0,3.0,11.0,60.0,8.144e-11,8.827e-11,8.485e-11,25.0,1
720,4.0,5.0,2.0,3.0,11.0,63.0,8.156e-11,8.846e-11,8.501e-11,25.0,1
721,4.0,5.0,2.0,3.0,11.0,66.0,8.169e-11,8.864e-11,8.517e-11,25.0,1
722,4.0,5.0,2.0,3.0,13.0,48.0,8.127e-11,8.779e-11,8.453e-11,25.0,1
723,4.0,5.0,2.0,3.0,13.0,51.0,8.123e-11,8.785e-11,8.454e-11,25.0,1
724,4.0,5.0,2.0,3.0,13.0,54.0,8.123e-11,8.791e-11,8.457e-11,25.0,1
725,4.0,5.0,2.0,3.0,13.0,57.0,8.127e-11,8.802e-11,8.464e-11,25.0,1
726,4.0,5.0,2.0,3.0,13.0,60.0,8.133e-11,8.814e-11,8.473e-11,25.0,1
727,4.0,5.0,2.0,3.0,13.0,63.0,8.141e-11,8.826e-11,8.484e-11,25.0,1
728,4.0,5.0,2.0,3.0,13.0,66.0,8.151e-11,8.84e-11,8.496e-11,25.0,1
729,4.0,5.0,2.0,3.0,15.0,48.0,8.153e-11,8.803e-11,8.478e-11,25.0,1
730,4.0,5.0,2.0,3.0,15.0,51.0,8.147e-11,8.805e-11,8.476e-11,25.0,1
731,4.0,5.0,2.0,3.0,15.0,54.0,8.142e-11,8.81e-11,8.476e-11,25.0,1
732,4.0,5.0,2.0,3.0,15.0,57.0,8.144e-11,8.816e-11,8.48e-11,25.0,1
733,4.0,5.0,2.0,3.0,15.0,60.0,8.147e-11,8.824e-11,8.486e-11,25.0,1
734,4.0,5.0,2.0,3.0,15.0,63.0,8.152e-11,8.834e-11,8.493e-11,25.0,1
735,4.0,5.0,2.0,3.0,15.0,66.0,8.159e-11,8.846e-11,8.502e-11,25.0,1
736,4.0,5.0,2.0,4.0,11.0,48.0,8.072e-11,8.797e-11,8.435e-11,25.0,1
737,4.0,5.0,2.0,4.0,11.0,51.0,8.072e-11,8.806e-11,8.439e-11,25.0,1
738,4.0,5.0,2.0,4.0,11.0,54.0,8.076e-11,8.817e-11,8.447e-11,25.0,1
739,4.0,5.0,2.0,4.0,11.0,57.0,8.082e-11,8.831e-11,8.457e-11,25.0,1
740,4.0,5.0,2.0,4.0,11.0,60.0,8.092e-11,8.848e-11,8.47e-11,25.0,1
741,4.0,5.0,2.0,4.0,11.0,63.0,8.104e-11,8.865e-11,8.484e-11,25.0,1
742,4.0,5.0,2.0,4.0,11.0,66.0,8.117e-11,8.883e-11,8.5e-11,25.0,1
743,4.0,5.0,2.0,4.0,13.0,48.0,8.057e-11,8.781e-11,8.419e-11,25.0,1
744,4.0,5.0,2.0,4.0,13.0,51.0,8.053e-11,8.787e-11,8.42e-11,25.0,1
745,4.0,5.0,2.0,4.0,13.0,54.0,8.052e-11,8.793e-11,8.422e-11,25.0,1
746,4.0,5.0,2.0,4.0,13.0,57.0,8.055e-11,8.803e-11,8.429e-11,25.0,1
747,4.0,5.0,2.0,4.0,13.0,60.0,8.06e-11,8.813e-11,8.437e-11,25.0,1
748,4.0,5.0,2.0,4.0,13.0,63.0,8.068e-11,8.826e-11,8.447e-11,25.0,1
749,4.0,5.0,2.0,4.0,13.0,66.0,8.077e-11,8.841e-11,8.459e-11,25.0,1
750,4.0,5.0,2.0,4.0,15.0,48.0,8.062e-11,8.789e-11,8.426e-11,25.0,1
751,4.0,5.0,2.0,4.0,15.0,51.0,8.055e-11,8.791e-11,8.423e-11,25.0,1
752,4.0,5.0,2.0,4.0,15.0,54.0,8.051e-11,8.794e-11,8.422e-11,25.0,1
753,4.0,5.0,2.0,4.0,15.0,57.0,8.051e-11,8.799e-11,8.425e-11,25.0,1
754,4.0,5.0,2.0,4.0,15.0,60.0,8.053e-11,8.807e-11,8.43e-11,25.0,1
755,4.0,5.0,2.0,4.0,15.0,63.0,8.058e-11,8.816e-11,8.437e-11,25.0,1
756,4.0,5.0,2.0,4.0,15.0,66.0,8.064e-11,8.827e-11,8.446e-11,25.0,1
757,5.0,3.0,1.0,2.0,11.0,48.0,6.108e-11,6.802e-11,6.455e-11,25.0,1
758,5.0,3.0,1.0,2.0,11.0,51.0,6.11e-11,6.813e-11,6.461e-11,25.0,1
759,5.0,3.0,1.0,2.0,11.0,54.0,6.116e-11,6.826e-11,6.471e-11,25.0,1
760,5.0,3.0,1.0,2.0,11.0,57.0,6.125e-11,6.84e-11,6.482e-11,25.0,1
761,5.0,3.0,1.0,2.0,11.0,60.0,6.136e-11,6.858e-11,6.497e-11,25.0,1
762,5.0,3.0,1.0,2.0,11.0,63.0,6.149e-11,6.875e-11,6.512e-11,25.0,1
763,5.0,3.0,1.0,2.0,11.0,66.0,6.164e-11,6.895e-11,6.529e-11,25.0,1
764,5.0,3.0,1.0,2.0,13.0,48.0,6.157e-11,6.847e-11,6.502e-11,25.0,1
765,5.0,3.0,1.0,2.0,13.0,51.0,6.155e-11,6.854e-11,6.504e-11,25.0,1
766,5.0,3.0,1.0,2.0,13.0,54.0,6.157e-11,6.861e-11,6.509e-11,25.0,1
767,5.0,3.0,1.0,2.0,13.0,57.0,6.162e-11,6.873e-11,6.517e-11,25.0,1
768,5.0,3.0,1.0,2.0,13.0,60.0,6.169e-11,6.885e-11,6.527e-11,25.0,1
769,5.0,3.0,1.0,2.0,13.0,63.0,6.179e-11,6.899e-11,6.539e-11,25.0,1
770,5.0,3.0,1.0,2.0,13.0,66.0,6.189e-11,6.913e-11,6.551e-11,25.0,1
771,5.0,3.0,1.0,2.0,15.0,48.0,6.227e-11,6.912e-11,6.569e-11,25.0,1
772,5.0,3.0,1.0,2.0,15.0,51.0,6.222e-11,6.915e-11,6.568e-11,25.0,1
773,5.0,3.0,1.0,2.0,15.0,54.0,6.221e-11,6.92e-11,6.57e-11,25.0,1
774,5.0,3.0,1.0,2.0,15.0,57.0,6.223e-11,6.927e-11,6.575e-11,25.0,1
775,5.0,3.0,1.0,2.0,15.0,60.0,6.227e-11,6.937e-11,6.582e-11,25.0,1
776,5.0,3.0,1.0,2.0,15.0,63.0,6.234e-11,6.947e-11,6.59e-11,25.0,1
777,5.0,3.0,1.0,2.0,15.0,66.0,6.242e-11,6.958e-11,6.6e-11,25.0,1
778,5.0,3.0,1.0,3.0,11.0,48.0,5.977e-11,6.862e-11,6.419e-11,25.0,1
779,5.0,3.0,1.0,3.0,11.0,51.0,5.977e-11,6.871e-11,6.424e-11,25.0,1
780,5.0,3.0,1.0,3.0,11.0,54.0,5.982e-11,6.883e-11,6.432e-11,25.0,1
781,5.0,3.0,1.0,3.0,11.0,57.0,5.989e-11,6.896e-11,6.443e-11,25.0,1
782,5.0,3.0,1.0,3.0,11.0,60.0,5.999e-11,6.913e-11,6.456e-11,25.0,1
783,5.0,3.0,1.0,3.0,11.0,63.0,6.011e-11,6.929e-11,6.47e-11,25.0,1
784,5.0,3.0,1.0,3.0,11.0,66.0,6.025e-11,6.948e-11,6.487e-11,25.0,1
785,5.0,3.0,1.0,3.0,13.0,48.0,5.985e-11,6.873e-11,6.429e-11,25.0,1
786,5.0,3.0,1.0,3.0,13.0,51.0,5.981e-11,6.878e-11,6.429e-11,25.0,1
787,5.0,3.0,1.0,3.0,13.0,54.0,5.981e-11,6.885e-11,6.433e-11,25.0,1
788,5.0,3.0,1.0,3.0,13.0,57.0,5.985e-11,6.894e-11,6.44e-11,25.0,1
789,5.0,3.0,1.0,3.0,13.0,60.0,5.99e-11,6.906e-11,6.448e-11,25.0,1
790,5.0,3.0,1.0,3.0,13.0,63.0,5.999e-11,6.919e-11,6.459e-11,25.0,1
791,5.0,3.0,1.0,3.0,13.0,66.0,6.008e-11,6.932e-11,6.47e-11,25.0,1
792,5.0,3.0,1.0,3.0,15.0,48.0,6.012e-11,6.905e-11,6.459e-11,25.0,1
793,5.0,3.0,1.0,3.0,15.0,51.0,6.005e-11,6.907e-11,6.456e-11,25.0,1
794,5.0,3.0,1.0,3.0,15.0,54.0,6.003e-11,6.91e-11,6.457e-11,25.0,1
795,5.0,3.0,1.0,3.0,15.0,57.0,6.004e-11,6.917e-11,6.46e-11,25.0,1
796,5.0,3.0,1.0,3.0,15.0,60.0,6.006e-11,6.925e-11,6.466e-11,25.0,1
797,5.0,3.0,1.0,3.0,15.0,63.0,6.011e-11,6.935e-11,6.473e-11,25.0,1
798,5.0,3.0,1.0,3.0,15.0,66.0,6.019e-11,6.945e-11,6.482e-11,25.0,1
799,5.0,3.0,1.0,4.0,11.0,48.0,5.969e-11,7.038e-11,6.503e-11,25.0,1
800,5.0,3.0,1.0,4.0,11.0,51.0,5.969e-11,7.047e-11,6.508e-11,25.0,1
801,5.0,3.0,1.0,4.0,11.0,54.0,5.972e-11,7.058e-11,6.515e-11,25.0,1
802,5.0,3.0,1.0,4.0,11.0,57.0,5.98e-11,7.073e-11,6.526e-11,25.0,1
803,5.0,3.0,1.0,4.0,11.0,60.0,5.989e-11,7.088e-11,6.538e-11,25.0,1
804,5.0,3.0,1.0,4.0,11.0,63.0,6.001e-11,7.106e-11,6.553e-11,25.0,1
805,5.0,3.0,1.0,4.0,11.0,66.0,6.013e-11,7.124e-11,6.569e-11,25.0,1
806,5.0,3.0,1.0,4.0,13.0,48.0,5.957e-11,7.03e-11,6.493e-11,25.0,1
807,5.0,3.0,1.0,4.0,13.0,51.0,5.953e-11,7.034e-11,6.493e-11,25.0,1
808,5.0,3.0,1.0,4.0,13.0,54.0,5.952e-11,7.041e-11,6.496e-11,25.0,1
809,5.0,3.0,1.0,4.0,13.0,57.0,5.955e-11,7.05e-11,6.502e-11,25.0,1
810,5.0,3.0,1.0,4.0,13.0,60.0,5.96e-11,7.062e-11,6.511e-11,25.0,1
811,5.0,3.0,1.0,4.0,13.0,63.0,5.967e-11,7.073e-11,6.52e-11,25.0,1
812,5.0,3.0,1.0,4.0,13.0,66.0,5.976e-11,7.087e-11,6.532e-11,25.0,1
813,5.0,3.0,1.0,4.0,15.0,48.0,5.965e-11,7.044e-11,6.505e-11,25.0,1
814,5.0,3.0,1.0,4.0,15.0,51.0,5.957e-11,7.045e-11,6.501e-11,25.0,1
815,5.0,3.0,1.0,4.0,15.0,54.0,5.954e-11,7.048e-11,6.501e-11,25.0,1
816,5.0,3.0,1.0,4.0,15.0,57.0,5.953e-11,7.054e-11,6.504e-11,25.0,1
817,5.0,3.0,1.0,4.0,15.0,60.0,5.955e-11,7.062e-11,6.509e-11,25.0,1
818,5.0,3.0,1.0,4.0,15.0,63.0,5.96e-11,7.071e-11,6.516e-11,25.0,1
819,5.0,3.0,1.0,4.0,15.0,66.0,5.966e-11,7.081e-11,6.523e-11,25.0,1
820,5.0,3.0,2.0,2.0,11.0,48.0,8.149e-11,8.738e-11,8.443e-11,25.0,1
821,5.0,3.0,2.0,2.0,11.0,51.0,8.151e-11,8.749e-11,8.45e-11,25.0,1
822,5.0,3.0,2.0,2.0,11.0,54.0,8.156e-11,8.762e-11,8.459e-11,25.0,1
823,5.0,3.0,2.0,2.0,11.0,57.0,8.165e-11,8.775e-11,8.47e-11,25.0,1
824,5.0,3.0,2.0,2.0,11.0,60.0,8.176e-11,8.793e-11,8.485e-11,25.0,1
825,5.0,3.0,2.0,2.0,11.0,63.0,8.189e-11,8.812e-11,8.5e-11,25.0,1
826,5.0,3.0,2.0,2.0,11.0,66.0,8.205e-11,8.83e-11,8.518e-11,25.0,1
827,5.0,3.0,2.0,2.0,13.0,48.0,8.196e-11,8.775e-11,8.486e-11,25.0,1
828,5.0,3.0,2.0,2.0,13.0,51.0,8.194e-11,8.781e-11,8.488e-11,25.0,1
829,5.0,3.0,2.0,2.0,13.0,54.0,8.196e-11,8.79e-11,8.493e-11,25.0,1
830,5.0,3.0,2.0,2.0,13.0,57.0,8.202e-11,8.8e-11,8.501e-11,25.0,1
831,5.0,3.0,2.0,2.0,13.0,60.0,8.209e-11,8.814e-11,8.512e-11,25.0,1
832,5.0,3.0,2.0,2.0,13.0,63.0,8.218e-11,8.827e-11,8.522e-11,25.0,1
833,5.0,3.0,2.0,2.0,13.0,66.0,8.229e-11,8.843e-11,8.536e-11,25.0,1
834,5.0,3.0,2.0,2.0,15.0,48.0,8.266e-11,8.834e-11,8.55e-11,25.0,1
835,5.0,3.0,2.0,2.0,15.0,51.0,8.261e-11,8.837e-11,8.549e-11,25.0,1
836,5.0,3.0,2.0,2.0,15.0,54.0,8.26e-11,8.842e-11,8.551e-11,25.0,1
837,5.0,3.0,2.0,2.0,15.0,57.0,8.261e-11,8.848e-11,8.555e-11,25.0,1
838,5.0,3.0,2.0,2.0,15.0,60.0,8.266e-11,8.859e-11,8.563e-11,25.0,1
839,5.0,3.0,2.0,2.0,15.0,63.0,8.273e-11,8.869e-11,8.571e-11,25.0,1
840,5.0,3.0,2.0,2.0,15.0,66.0,8.281e-11,8.882e-11,8.581e-11,25.0,1
841,5.0,3.0,2.0,3.0,11.0,48.0,7.969e-11,8.644e-11,8.307e-11,25.0,1
842,5.0,3.0,2.0,3.0,11.0,51.0,7.97e-11,8.655e-11,8.313e-11,25.0,1
843,5.0,3.0,2.0,3.0,11.0,54.0,7.974e-11,8.666e-11,8.32e-11,25.0,1
844,5.0,3.0,2.0,3.0,11.0,57.0,7.982e-11,8.681e-11,8.331e-11,25.0,1
845,5.0,3.0,2.0,3.0,11.0,60.0,7.992e-11,8.698e-11,8.345e-11,25.0,1
846,5.0,3.0,2.0,3.0,11.0,63.0,8.004e-11,8.716e-11,8.36e-11,25.0,1
847,5.0,3.0,2.0,3.0,11.0,66.0,8.018e-11,8.734e-11,8.376e-11,25.0,1
848,5.0,3.0,2.0,3.0,13.0,48.0,7.975e-11,8.649e-11,8.312e-11,25.0,1
849,5.0,3.0,2.0,3.0,13.0,51.0,7.972e-11,8.653e-11,8.312e-11,25.0,1
850,5.0,3.0,2.0,3.0,13.0,54.0,7.972e-11,8.661e-11,8.316e-11,25.0,1
851,5.0,3.0,2.0,3.0,13.0,57.0,7.976e-11,8.671e-11,8.323e-11,25.0,1
852,5.0,3.0,2.0,3.0,13.0,60.0,7.982e-11,8.682e-11,8.332e-11,25.0,1
853,5.0,3.0,2.0,3.0,13.0,63.0,7.99e-11,8.695e-11,8.342e-11,25.0,1
854,5.0,3.0,2.0,3.0,13.0,66.0,7.999e-11,8.71e-11,8.355e-11,25.0,1
855,5.0,3.0,2.0,3.0,15.0,48.0,8.001e-11,8.672e-11,8.337e-11,25.0,1
856,5.0,3.0,2.0,3.0,15.0,51.0,7.995e-11,8.674e-11,8.335e-11,25.0,1
857,5.0,3.0,2.0,3.0,15.0,54.0,7.992e-11,8.679e-11,8.336e-11,25.0,1
858,5.0,3.0,2.0,3.0,15.0,57.0,7.992e-11,8.685e-11,8.339e-11,25.0,1
859,5.0,3.0,2.0,3.0,15.0,60.0,7.996e-11,8.693e-11,8.344e-11,25.0,1
860,5.0,3.0,2.0,3.0,15.0,63.0,8.001e-11,8.704e-11,8.352e-11,25.0,1
861,5.0,3.0,2.0,3.0,15.0,66.0,8.008e-11,8.715e-11,8.361e-11,25.0,1
862,5.0,3.0,2.0,4.0,11.0,48.0,7.917e-11,8.667e-11,8.292e-11,25.0,1
863,5.0,3.0,2.0,4.0,11.0,51.0,7.917e-11,8.677e-11,8.297e-11,25.0,1
864,5.0,3.0,2.0,4.0,11.0,54.0,7.92e-11,8.687e-11,8.304e-11,25.0,1
865,5.0,3.0,2.0,4.0,11.0,57.0,7.928e-11,8.702e-11,8.315e-11,25.0,1
866,5.0,3.0,2.0,4.0,11.0,60.0,7.937e-11,8.718e-11,8.328e-11,25.0,1
867,5.0,3.0,2.0,4.0,11.0,63.0,7.949e-11,8.735e-11,8.342e-11,25.0,1
868,5.0,3.0,2.0,4.0,11.0,66.0,7.962e-11,8.755e-11,8.358e-11,25.0,1
869,5.0,3.0,2.0,4.0,13.0,48.0,7.902e-11,8.652e-11,8.277e-11,25.0,1
870,5.0,3.0,2.0,4.0,13.0,51.0,7.897e-11,8.657e-11,8.277e-11,25.0,1
871,5.0,3.0,2.0,4.0,13.0,54.0,7.897e-11,8.665e-11,8.281e-11,25.0,1
872,5.0,3.0,2.0,4.0,13.0,57.0,7.9e-11,8.673e-11,8.286e-11,25.0,1
873,5.0,3.0,2.0,4.0,13.0,60.0,7.905e-11,8.685e-11,8.295e-11,25.0,1
874,5.0,3.0,2.0,4.0,13.0,63.0,7.912e-11,8.698e-11,8.305e-11,25.0,1
875,5.0,3.0,2.0,4.0,13.0,66.0,7.922e-11,8.71e-11,8.316e-11,25.0,1
876,5.0,3.0,2.0,4.0,15.0,48.0,7.908e-11,8.66e-11,8.284e-11,25.0,1
877,5.0,3.0,2.0,4.0,15.0,51.0,7.9e-11,8.66e-11,8.28e-11,25.0,1
878,5.0,3.0,2.0,4.0,15.0,54.0,7.896e-11,8.664e-11,8.28e-11,25.0,1
879,5.0,3.0,2.0,4.0,15.0,57.0,7.896e-11,8.67e-11,8.283e-11,25.0,1
880,5.0,3.0,2.0,4.0,15.0,60.0,7.898e-11,8.678e-11,8.288e-11,25.0,1
881,5.0,3.0,2.0,4.0,15.0,63.0,7.903e-11,8.688e-11,8.295e-11,25.0,1
882,5.0,3.0,2.0,4.0,15.0,66.0,7.909e-11,8.698e-11,8.303e-11,25.0,1
883,5.0,4.0,1.0,2.0,11.0,48.0,6.109e-11,6.802e-11,6.455e-11,25.0,1
884,5.0,4.0,1.0,2.0,11.0,51.0,6.111e-11,6.813e-11,6.462e-11,25.0,1
885,5.0,4.0,1.0,2.0,11.0,54.0,6.116e-11,6.825e-11,6.471e-11,25.0,1
886,5.0,4.0,1.0,2.0,11.0,57.0,6.125e-11,6.839e-11,6.482e-11,25.0,1
887,5.0,4.0,1.0,2.0,11.0,60.0,6.137e-11,6.857e-11,6.497e-11,25.0,1
888,5.0,4.0,1.0,2.0,11.0,63.0,6.15e-11,6.875e-11,6.513e-11,25.0,1
889,5.0,4.0,1.0,2.0,11.0,66.0,6.164e-11,6.894e-11,6.529e-11,25.0,1
890,5.0,4.0,1.0,2.0,13.0,48.0,6.158e-11,6.846e-11,6.502e-11,25.0,1
891,5.0,4.0,1.0,2.0,13.0,51.0,6.156e-11,6.852e-11,6.504e-11,25.0,1
892,5.0,4.0,1.0,2.0,13.0,54.0,6.157e-11,6.861e-11,6.509e-11,25.0,1
893,5.0,4.0,1.0,2.0,13.0,57.0,6.163e-11,6.871e-11,6.517e-11,25.0,1
894,5.0,4.0,1.0,2.0,13.0,60.0,6.17e-11,6.884e-11,6.527e-11,25.0,1
895,5.0,4.0,1.0,2.0,13.0,63.0,6.179e-11,6.898e-11,6.539e-11,25.0,1
896,5.0,4.0,1.0,2.0,13.0,66.0,6.19e-11,6.912e-11,6.551e-11,25.0,1
897,5.0,4.0,1.0,2.0,15.0,48.0,6.228e-11,6.912e-11,6.57e-11,25.0,1
898,5.0,4.0,1.0,2.0,15.0,51.0,6.222e-11,6.914e-11,6.568e-11,25.0,1
899,5.0,4.0,1.0,2.0,15.0,54.0,6.221e-11,6.919e-11,6.57e-11,25.0,1
900,5.0,4.0,1.0,2.0,15.0,57.0,6.224e-11,6.927e-11,6.575e-11,25.0,1
901,5.0,4.0,1.0,2.0,15.0,60.0,6.228e-11,6.935e-11,6.581e-11,25.0,1
902,5.0,4.0,1.0,2.0,15.0,63.0,6.234e-11,6.946e-11,6.59e-11,25.0,1
903,5.0,4.0,1.0,2.0,15.0,66.0,6.243e-11,6.957e-11,6.6e-11,25.0,1
904,5.0,4.0,1.0,3.0,11.0,48.0,5.977e-11,6.86e-11,6.419e-11,25.0,1
905,5.0,4.0,1.0,3.0,11.0,51.0,5.978e-11,6.87e-11,6.424e-11,25.0,1
906,5.0,4.0,1.0,3.0,11.0,54.0,5.983e-11,6.882e-11,6.432e-11,25.0,1
907,5.0,4.0,1.0,3.0,11.0,57.0,5.99e-11,6.896e-11,6.443e-11,25.0,1
908,5.0,4.0,1.0,3.0,11.0,60.0,5.999e-11,6.911e-11,6.455e-11,25.0,1
909,5.0,4.0,1.0,3.0,11.0,63.0,6.012e-11,6.93e-11,6.471e-11,25.0,1
910,5.0,4.0,1.0,3.0,11.0,66.0,6.025e-11,6.947e-11,6.486e-11,25.0,1
911,5.0,4.0,1.0,3.0,13.0,48.0,5.985e-11,6.872e-11,6.429e-11,25.0,1
912,5.0,4.0,1.0,3.0,13.0,51.0,5.982e-11,6.876e-11,6.429e-11,25.0,1
913,5.0,4.0,1.0,3.0,13.0,54.0,5.982e-11,6.883e-11,6.433e-11,25.0,1
914,5.0,4.0,1.0,3.0,13.0,57.0,5.986e-11,6.894e-11,6.44e-11,25.0,1
915,5.0,4.0,1.0,3.0,13.0,60.0,5.991e-11,6.905e-11,6.448e-11,25.0,1
916,5.0,4.0,1.0,3.0,13.0,63.0,5.999e-11,6.917e-11,6.458e-11,25.0,1
917,5.0,4.0,1.0,3.0,13.0,66.0,6.009e-11,6.931e-11,6.47e-11,25.0,1
918,5.0,4.0,1.0,3.0,15.0,48.0,6.013e-11,6.903e-11,6.458e-11,25.0,1
919,5.0,4.0,1.0,3.0,15.0,51.0,6.006e-11,6.906e-11,6.456e-11,25.0,1
920,5.0,4.0,1.0,3.0,15.0,54.0,6.004e-11,6.909e-11,6.456e-11,25.0,1
921,5.0,4.0,1.0,3.0,15.0,57.0,6.004e-11,6.915e-11,6.459e-11,25.0,1
922,5.0,4.0,1.0,3.0,15.0,60.0,6.007e-11,6.924e-11,6.465e-11,25.0,1
923,5.0,4.0,1.0,3.0,15.0,63.0,6.012e-11,6.933e-11,6.473e-11,25.0,1
924,5.0,4.0,1.0,3.0,15.0,66.0,6.019e-11,6.944e-11,6.482e-11,25.0,1
925,5.0,4.0,1.0,4.0,11.0,48.0,5.969e-11,7.036e-11,6.503e-11,25.0,1
926,5.0,4.0,1.0,4.0,11.0,51.0,5.969e-11,7.046e-11,6.508e-11,25.0,1
927,5.0,4.0,1.0,4.0,11.0,54.0,5.973e-11,7.056e-11,6.515e-11,25.0,1
928,5.0,4.0,1.0,4.0,11.0,57.0,5.981e-11,7.071e-11,6.526e-11,25.0,1
929,5.0,4.0,1.0,4.0,11.0,60.0,5.99e-11,7.087e-11,6.538e-11,25.0,1
930,5.0,4.0,1.0,4.0,11.0,63.0,6.001e-11,7.104e-11,6.552e-11,25.0,1
931,5.0,4.0,1.0,4.0,11.0,66.0,6.015e-11,7.122e-11,6.569e-11,25.0,1
932,5.0,4.0,1.0,4.0,13.0,48.0,5.957e-11,7.028e-11,6.493e-11,25.0,1
933,5.0,4.0,1.0,4.0,13.0,51.0,5.953e-11,7.032e-11,6.493e-11,25.0,1
934,5.0,4.0,1.0,4.0,13.0,54.0,5.952e-11,7.039e-11,6.496e-11,25.0,1
935,5.0,4.0,1.0,4.0,13.0,57.0,5.955e-11,7.048e-11,6.502e-11,25.0,1
936,5.0,4.0,1.0,4.0,13.0,60.0,5.961e-11,7.059e-11,6.51e-11,25.0,1
937,5.0,4.0,1.0,4.0,13.0,63.0,5.968e-11,7.073e-11,6.52e-11,25.0,1
938,5.0,4.0,1.0,4.0,13.0,66.0,5.977e-11,7.085e-11,6.531e-11,25.0,1
939,5.0,4.0,1.0,4.0,15.0,48.0,5.966e-11,7.043e-11,6.504e-11,25.0,1
940,5.0,4.0,1.0,4.0,15.0,51.0,5.958e-11,7.043e-11,6.501e-11,25.0,1
941,5.0,4.0,1.0,4.0,15.0,54.0,5.955e-11,7.046e-11,6.5e-11,25.0,1
942,5.0,4.0,1.0,4.0,15.0,57.0,5.954e-11,7.052e-11,6.503e-11,25.0,1
943,5.0,4.0,1.0,4.0,15.0,60.0,5.956e-11,7.06e-11,6.508e-11,25.0,1
944,5.0,4.0,1.0,4.0,15.0,63.0,5.961e-11,7.069e-11,6.515e-11,25.0,1
945,5.0,4.0,1.0,4.0,15.0,66.0,5.967e-11,7.079e-11,6.523e-11,25.0,1
946,5.0,4.0,2.0,2.0,11.0,48.0,8.15e-11,8.738e-11,8.444e-11,25.0,1
947,5.0,4.0,2.0,2.0,11.0,51.0,8.152e-11,8.748e-11,8.45e-11,25.0,1
948,5.0,4.0,2.0,2.0,11.0,54.0,8.158e-11,8.762e-11,8.46e-11,25.0,1
949,5.0,4.0,2.0,2.0,11.0,57.0,8.167e-11,8.776e-11,8.471e-11,25.0,1
950,5.0,4.0,2.0,2.0,11.0,60.0,8.178e-11,8.794e-11,8.486e-11,25.0,1
951,5.0,4.0,2.0,2.0,11.0,63.0,8.191e-11,8.811e-11,8.501e-11,25.0,1
952,5.0,4.0,2.0,2.0,11.0,66.0,8.206e-11,8.831e-11,8.518e-11,25.0,1
953,5.0,4.0,2.0,2.0,13.0,48.0,8.198e-11,8.775e-11,8.487e-11,25.0,1
954,5.0,4.0,2.0,2.0,13.0,51.0,8.196e-11,8.782e-11,8.489e-11,25.0,1
955,5.0,4.0,2.0,2.0,13.0,54.0,8.198e-11,8.791e-11,8.495e-11,25.0,1
956,5.0,4.0,2.0,2.0,13.0,57.0,8.203e-11,8.801e-11,8.502e-11,25.0,1
957,5.0,4.0,2.0,2.0,13.0,60.0,8.21e-11,8.813e-11,8.512e-11,25.0,1
958,5.0,4.0,2.0,2.0,13.0,63.0,8.219e-11,8.828e-11,8.524e-11,25.0,1
959,5.0,4.0,2.0,2.0,13.0,66.0,8.231e-11,8.843e-11,8.537e-11,25.0,1
960,5.0,4.0,2.0,2.0,15.0,48.0,8.267e-11,8.833e-11,8.55e-11,25.0,1
961,5.0,4.0,2.0,2.0,15.0,51.0,8.262e-11,8.837e-11,8.549e-11,25.0,1
962,5.0,4.0,2.0,2.0,15.0,54.0,8.261e-11,8.843e-11,8.552e-11,25.0,1
963,5.0,4.0,2.0,2.0,15.0,57.0,8.263e-11,8.849e-11,8.556e-11,25.0,1
964,5.0,4.0,2.0,2.0,15.0,60.0,8.267e-11,8.859e-11,8.563e-11,25.0,1
965,5.0,4.0,2.0,2.0,15.0,63.0,8.274e-11,8.87e-11,8.572e-11,25.0,1
966,5.0,4.0,2.0,2.0,15.0,66.0,8.282e-11,8.882e-11,8.582e-11,25.0,1
967,5.0,4.0,2.0,3.0,11.0,48.0,7.971e-11,8.644e-11,8.308e-11,25.0,1
968,5.0,4.0,2.0,3.0,11.0,51.0,7.971e-11,8.655e-11,8.313e-11,25.0,1
969,5.0,4.0,2.0,3.0,11.0,54.0,7.976e-11,8.667e-11,8.321e-11,25.0,1
970,5.0,4.0,2.0,3.0,11.0,57.0,7.984e-11,8.681e-11,8.333e-11,25.0,1
971,5.0,4.0,2.0,3.0,11.0,60.0,7.993e-11,8.698e-11,8.345e-11,25.0,1
972,5.0,4.0,2.0,3.0,11.0,63.0,8.006e-11,8.716e-11,8.361e-11,25.0,1
973,5.0,4.0,2.0,3.0,11.0,66.0,8.02e-11,8.734e-11,8.377e-11,25.0,1
974,5.0,4.0,2.0,3.0,13.0,48.0,7.976e-11,8.648e-11,8.312e-11,25.0,1
975,5.0,4.0,2.0,3.0,13.0,51.0,7.973e-11,8.654e-11,8.313e-11,25.0,1
976,5.0,4.0,2.0,3.0,13.0,54.0,7.974e-11,8.661e-11,8.317e-11,25.0,1
977,5.0,4.0,2.0,3.0,13.0,57.0,7.977e-11,8.671e-11,8.324e-11,25.0,1
978,5.0,4.0,2.0,3.0,13.0,60.0,7.983e-11,8.682e-11,8.332e-11,25.0,1
979,5.0,4.0,2.0,3.0,13.0,63.0,7.991e-11,8.695e-11,8.343e-11,25.0,1
980,5.0,4.0,2.0,3.0,13.0,66.0,8.001e-11,8.71e-11,8.355e-11,25.0,1
981,5.0,4.0,2.0,3.0,15.0,48.0,8.003e-11,8.672e-11,8.337e-11,25.0,1
982,5.0,4.0,2.0,3.0,15.0,51.0,7.996e-11,8.674e-11,8.335e-11,25.0,1
983,5.0,4.0,2.0,3.0,15.0,54.0,7.994e-11,8.678e-11,8.336e-11,25.0,1
984,5.0,4.0,2.0,3.0,15.0,57.0,7.994e-11,8.685e-11,8.34e-11,25.0,1
985,5.0,4.0,2.0,3.0,15.0,60.0,7.997e-11,8.693e-11,8.345e-11,25.0,1
986,5.0,4.0,2.0,3.0,15.0,63.0,8.002e-11,8.704e-11,8.353e-11,25.0,1
987,5.0,4.0,2.0,3.0,15.0,66.0,8.01e-11,8.715e-11,8.362e-11,25.0,1
988,5.0,4.0,2.0,4.0,11.0,48.0,7.918e-11,8.665e-11,8.292e-11,25.0,1
989,5.0,4.0,2.0,4.0,11.0,51.0,7.918e-11,8.674e-11,8.296e-11,25.0,1
990,5.0,4.0,2.0,4.0,11.0,54.0,7.922e-11,8.688e-11,8.305e-11,25.0,1
991,5.0,4.0,2.0,4.0,11.0,57.0,7.929e-11,8.701e-11,8.315e-11,25.0,1
992,5.0,4.0,2.0,4.0,11.0,60.0,7.938e-11,8.716e-11,8.327e-11,25.0,1
993,5.0,4.0,2.0,4.0,11.0,63.0,7.95e-11,8.734e-11,8.342e-11,25.0,1
994,5.0,4.0,2.0,4.0,11.0,66.0,7.963e-11,8.752e-11,8.358e-11,25.0,1
995,5.0,4.0,2.0,4.0,13.0,48.0,7.903e-11,8.651e-11,8.277e-11,25.0,1
996,5.0,4.0,2.0,4.0,13.0,51.0,7.899e-11,8.655e-11,8.277e-11,25.0,1
997,5.0,4.0,2.0,4.0,13.0,54.0,7.899e-11,8.663e-11,8.281e-11,25.0,1
998,5.0,4.0,2.0,4.0,13.0,57.0,7.901e-11,8.672e-11,8.287e-11,25.0,1
999,5.0,4.0,2.0,4.0,13.0,60.0,7.906e-11,8.683e-11,8.295e-11,25.0,1
1000,5.0,4.0,2.0,4.0,13.0,63.0,7.914e-11,8.697e-11,8.305e-11,25.0,1
1001,5.0,4.0,2.0,4.0,13.0,66.0,7.923e-11,8.709e-11,8.316e-11,25.0,1
1002,5.0,4.0,2.0,4.0,15.0,48.0,7.909e-11,8.659e-11,8.284e-11,25.0,1
1003,5.0,4.0,2.0,4.0,15.0,51.0,7.901e-11,8.66e-11,8.281e-11,25.0,1
1004,5.0,4.0,2.0,4.0,15.0,54.0,7.898e-11,8.663e-11,8.28e-11,25.0,1
1005,5.0,4.0,2.0,4.0,15.0,57.0,7.897e-11,8.669e-11,8.283e-11,25.0,1
1006,5.0,4.0,2.0,4.0,15.0,60.0,7.9e-11,8.678e-11,8.289e-11,25.0,1
1007,5.0,4.0,2.0,4.0,15.0,63.0,7.904e-11,8.687e-11,8.295e-11,25.0,1
1008,5.0,4.0,2.0,4.0,15.0,66.0,7.91e-11,8.697e-11,8.304e-11,25.0,1
1009,5.0,5.0,1.0,2.0,11.0,48.0,6.109e-11,6.801e-11,6.455e-11,25.0,1
1010,5.0,5.0,1.0,2.0,11.0,51.0,6.111e-11,6.812e-11,6.462e-11,25.0,1
1011,5.0,5.0,1.0,2.0,11.0,54.0,6.117e-11,6.824e-11,6.471e-11,25.0,1
1012,5.0,5.0,1.0,2.0,11.0,57.0,6.126e-11,6.839e-11,6.483e-11,25.0,1
1013,5.0,5.0,1.0,2.0,11.0,60.0,6.137e-11,6.856e-11,6.497e-11,25.0,1
1014,5.0,5.0,1.0,2.0,11.0,63.0,6.15e-11,6.874e-11,6.512e-11,25.0,1
1015,5.0,5.0,1.0,2.0,11.0,66.0,6.165e-11,6.892e-11,6.529e-11,25.0,1
1016,5.0,5.0,1.0,2.0,13.0,48.0,6.158e-11,6.846e-11,6.502e-11,25.0,1
1017,5.0,5.0,1.0,2.0,13.0,51.0,6.156e-11,6.852e-11,6.504e-11,25.0,1
1018,5.0,5.0,1.0,2.0,13.0,54.0,6.158e-11,6.861e-11,6.509e-11,25.0,1
1019,5.0,5.0,1.0,2.0,13.0,57.0,6.163e-11,6.872e-11,6.517e-11,25.0,1
1020,5.0,5.0,1.0,2.0,13.0,60.0,6.171e-11,6.883e-11,6.527e-11,25.0,1
1021,5.0,5.0,1.0,2.0,13.0,63.0,6.18e-11,6.897e-11,6.538e-11,25.0,1
1022,5.0,5.0,1.0,2.0,13.0,66.0,6.191e-11,6.911e-11,6.551e-11,25.0,1
1023,5.0,5.0,1.0,2.0,15.0,48.0,6.228e-11,6.91e-11,6.569e-11,25.0,1
1024,5.0,5.0,1.0,2.0,15.0,51.0,6.223e-11,6.914e-11,6.568e-11,25.0,1
1025,5.0,5.0,1.0,2.0,15.0,54.0,6.222e-11,6.918e-11,6.57e-11,25.0,1
1026,5.0,5.0,1.0,2.0,15.0,57.0,6.224e-11,6.926e-11,6.575e-11,25.0,1
1027,5.0,5.0,1.0,2.0,15.0,60.0,6.228e-11,6.935e-11,6.582e-11,25.0,1
1028,5.0,5.0,1.0,2.0,15.0,63.0,6.235e-11,6.945e-11,6.59e-11,25.0,1
1029,5.0,5.0,1.0,2.0,15.0,66.0,6.243e-11,6.956e-11,6.6e-11,25.0,1
1030,5.0,5.0,1.0,3.0,11.0,48.0,5.978e-11,6.86e-11,6.419e-11,25.0,1
1031,5.0,5.0,1.0,3.0,11.0,51.0,5.978e-11,6.868e-11,6.423e-11,25.0,1
1032,5.0,5.0,1.0,3.0,11.0,54.0,5.983e-11,6.88e-11,6.431e-11,25.0,1
1033,5.0,5.0,1.0,3.0,11.0,57.0,5.99e-11,6.895e-11,6.443e-11,25.0,1
1034,5.0,5.0,1.0,3.0,11.0,60.0,6.001e-11,6.911e-11,6.456e-11,25.0,1
1035,5.0,5.0,1.0,3.0,11.0,63.0,6.012e-11,6.929e-11,6.47e-11,25.0,1
1036,5.0,5.0,1.0,3.0,11.0,66.0,6.026e-11,6.946e-11,6.486e-11,25.0,1
1037,5.0,5.0,1.0,3.0,13.0,48.0,5.986e-11,6.871e-11,6.428e-11,25.0,1
1038,5.0,5.0,1.0,3.0,13.0,51.0,5.982e-11,6.876e-11,6.429e-11,25.0,1
1039,5.0,5.0,1.0,3.0,13.0,54.0,5.982e-11,6.883e-11,6.433e-11,25.0,1
1040,5.0,5.0,1.0,3.0,13.0,57.0,5.986e-11,6.893e-11,6.439e-11,25.0,1
1041,5.0,5.0,1.0,3.0,13.0,60.0,5.992e-11,6.904e-11,6.448e-11,25.0,1
1042,5.0,5.0,1.0,3.0,13.0,63.0,6e-11,6.916e-11,6.458e-11,25.0,1
1043,5.0,5.0,1.0,3.0,13.0,66.0,6.01e-11,6.93e-11,6.47e-11,25.0,1
1044,5.0,5.0,1.0,3.0,15.0,48.0,6.013e-11,6.902e-11,6.458e-11,25.0,1
1045,5.0,5.0,1.0,3.0,15.0,51.0,6.007e-11,6.904e-11,6.455e-11,25.0,1
1046,5.0,5.0,1.0,3.0,15.0,54.0,6.004e-11,6.908e-11,6.456e-11,25.0,1
1047,5.0,5.0,1.0,3.0,15.0,57.0,6.005e-11,6.914e-11,6.459e-11,25.0,1
1048,5.0,5.0,1.0,3.0,15.0,60.0,6.008e-11,6.923e-11,6.465e-11,25.0,1
1049,5.0,5.0,1.0,3.0,15.0,63.0,6.012e-11,6.932e-11,6.472e-11,25.0,1
1050,5.0,5.0,1.0,3.0,15.0,66.0,6.02e-11,6.943e-11,6.481e-11,25.0,1
1051,5.0,5.0,1.0,4.0,11.0,48.0,5.97e-11,7.035e-11,6.502e-11,25.0,1
1052,5.0,5.0,1.0,4.0,11.0,51.0,5.97e-11,7.045e-11,6.507e-11,25.0,1
1053,5.0,5.0,1.0,4.0,11.0,54.0,5.974e-11,7.057e-11,6.515e-11,25.0,1
1054,5.0,5.0,1.0,4.0,11.0,57.0,5.981e-11,7.07e-11,6.525e-11,25.0,1
1055,5.0,5.0,1.0,4.0,11.0,60.0,5.99e-11,7.085e-11,6.538e-11,25.0,1
1056,5.0,5.0,1.0,4.0,11.0,63.0,6.002e-11,7.103e-11,6.552e-11,25.0,1
1057,5.0,5.0,1.0,4.0,11.0,66.0,6.015e-11,7.121e-11,6.568e-11,25.0,1
1058,5.0,5.0,1.0,4.0,13.0,48.0,5.958e-11,7.027e-11,6.493e-11,25.0,1
1059,5.0,5.0,1.0,4.0,13.0,51.0,5.954e-11,7.032e-11,6.493e-11,25.0,1
1060,5.0,5.0,1.0,4.0,13.0,54.0,5.953e-11,7.038e-11,6.496e-11,25.0,1
1061,5.0,5.0,1.0,4.0,13.0,57.0,5.955e-11,7.047e-11,6.501e-11,25.0,1
1062,5.0,5.0,1.0,4.0,13.0,60.0,5.961e-11,7.059e-11,6.51e-11,25.0,1
1063,5.0,5.0,1.0,4.0,13.0,63.0,5.968e-11,7.071e-11,6.52e-11,25.0,1
1064,5.0,5.0,1.0,4.0,13.0,66.0,5.977e-11,7.084e-11,6.531e-11,25.0,1
1065,5.0,5.0,1.0,4.0,15.0,48.0,5.966e-11,7.041e-11,6.503e-11,25.0,1
1066,5.0,5.0,1.0,4.0,15.0,51.0,5.959e-11,7.042e-11,6.5e-11,25.0,1
1067,5.0,5.0,1.0,4.0,15.0,54.0,5.955e-11,7.045e-11,6.5e-11,25.0,1
1068,5.0,5.0,1.0,4.0,15.0,57.0,5.954e-11,7.052e-11,6.503e-11,25.0,1
1069,5.0,5.0,1.0,4.0,15.0,60.0,5.957e-11,7.058e-11,6.508e-11,25.0,1
1070,5.0,5.0,1.0,4.0,15.0,63.0,5.961e-11,7.068e-11,6.514e-11,25.0,1
1071,5.0,5.0,1.0,4.0,15.0,66.0,5.967e-11,7.078e-11,6.523e-11,25.0,1
1072,5.0,5.0,2.0,2.0,11.0,48.0,8.15e-11,8.737e-11,8.443e-11,25.0,1
1073,5.0,5.0,2.0,2.0,11.0,51.0,8.153e-11,8.748e-11,8.451e-11,25.0,1
1074,5.0,5.0,2.0,2.0,11.0,54.0,8.159e-11,8.762e-11,8.46e-11,25.0,1
1075,5.0,5.0,2.0,2.0,11.0,57.0,8.168e-11,8.777e-11,8.472e-11,25.0,1
1076,5.0,5.0,2.0,2.0,11.0,60.0,8.179e-11,8.792e-11,8.485e-11,25.0,1
1077,5.0,5.0,2.0,2.0,11.0,63.0,8.192e-11,8.811e-11,8.502e-11,25.0,1
1078,5.0,5.0,2.0,2.0,11.0,66.0,8.207e-11,8.83e-11,8.519e-11,25.0,1
1079,5.0,5.0,2.0,2.0,13.0,48.0,8.199e-11,8.775e-11,8.487e-11,25.0,1
1080,5.0,5.0,2.0,2.0,13.0,51.0,8.197e-11,8.781e-11,8.489e-11,25.0,1
1081,5.0,5.0,2.0,2.0,13.0,54.0,8.199e-11,8.791e-11,8.495e-11,25.0,1
1082,5.0,5.0,2.0,2.0,13.0,57.0,8.204e-11,8.801e-11,8.502e-11,25.0,1
1083,5.0,5.0,2.0,2.0,13.0,60.0,8.211e-11,8.813e-11,8.512e-11,25.0,1
1084,5.0,5.0,2.0,2.0,13.0,63.0,8.221e-11,8.827e-11,8.524e-11,25.0,1
1085,5.0,5.0,2.0,2.0,13.0,66.0,8.232e-11,8.843e-11,8.537e-11,25.0,1
1086,5.0,5.0,2.0,2.0,15.0,48.0,8.268e-11,8.833e-11,8.551e-11,25.0,1
1087,5.0,5.0,2.0,2.0,15.0,51.0,8.263e-11,8.836e-11,8.549e-11,25.0,1
1088,5.0,5.0,2.0,2.0,15.0,54.0,8.261e-11,8.842e-11,8.551e-11,25.0,1
1089,5.0,5.0,2.0,2.0,15.0,57.0,8.264e-11,8.849e-11,8.557e-11,25.0,1
1090,5.0,5.0,2.0,2.0,15.0,60.0,8.269e-11,8.858e-11,8.563e-11,25.0,1
1091,5.0,5.0,2.0,2.0,15.0,63.0,8.275e-11,8.87e-11,8.572e-11,25.0,1
1092,5.0,5.0,2.0,2.0,15.0,66.0,8.283e-11,8.881e-11,8.582e-11,25.0,1
1093,5.0,5.0,2.0,3.0,11.0,48.0,7.972e-11,8.645e-11,8.308e-11,25.0,1
1094,5.0,5.0,2.0,3.0,11.0,51.0,7.973e-11,8.654e-11,8.313e-11,25.0,1
1095,5.0,5.0,2.0,3.0,11.0,54.0,7.977e-11,8.666e-11,8.322e-11,25.0,1
1096,5.0,5.0,2.0,3.0,11.0,57.0,7.985e-11,8.68e-11,8.333e-11,25.0,1
1097,5.0,5.0,2.0,3.0,11.0,60.0,7.995e-11,8.697e-11,8.346e-11,25.0,1
1098,5.0,5.0,2.0,3.0,11.0,63.0,8.007e-11,8.714e-11,8.361e-11,25.0,1
1099,5.0,5.0,2.0,3.0,11.0,66.0,8.021e-11,8.734e-11,8.377e-11,25.0,1
1100,5.0,5.0,2.0,3.0,13.0,48.0,7.978e-11,8.648e-11,8.313e-11,25.0,1
1101,5.0,5.0,2.0,3.0,13.0,51.0,7.974e-11,8.652e-11,8.313e-11,25.0,1
1102,5.0,5.0,2.0,3.0,13.0,54.0,7.975e-11,8.66e-11,8.317e-11,25.0,1
1103,5.0,5.0,2.0,3.0,13.0,57.0,7.978e-11,8.67e-11,8.324e-11,25.0,1
1104,5.0,5.0,2.0,3.0,13.0,60.0,7.984e-11,8.681e-11,8.333e-11,25.0,1
1105,5.0,5.0,2.0,3.0,13.0,63.0,7.992e-11,8.695e-11,8.344e-11,25.0,1
1106,5.0,5.0,2.0,3.0,13.0,66.0,8.002e-11,8.708e-11,8.355e-11,25.0,1
1107,5.0,5.0,2.0,3.0,15.0,48.0,8.004e-11,8.673e-11,8.338e-11,25.0,1
1108,5.0,5.0,2.0,3.0,15.0,51.0,7.997e-11,8.673e-11,8.335e-11,25.0,1
1109,5.0,5.0,2.0,3.0,15.0,54.0,7.995e-11,8.678e-11,8.337e-11,25.0,1
1110,5.0,5.0,2.0,3.0,15.0,57.0,7.995e-11,8.684e-11,8.34e-11,25.0,1
1111,5.0,5.0,2.0,3.0,15.0,60.0,7.999e-11,8.692e-11,8.345e-11,25.0,1
1112,5.0,5.0,2.0,3.0,15.0,63.0,8.004e-11,8.703e-11,8.353e-11,25.0,1
1113,5.0,5.0,2.0,3.0,15.0,66.0,8.01e-11,8.714e-11,8.362e-11,25.0,1
1114,5.0,5.0,2.0,4.0,11.0,48.0,7.919e-11,8.665e-11,8.292e-11,25.0,1
1115,5.0,5.0,2.0,4.0,11.0,51.0,7.919e-11,8.675e-11,8.297e-11,25.0,1
1116,5.0,5.0,2.0,4.0,11.0,54.0,7.923e-11,8.687e-11,8.305e-11,25.0,1
1117,5.0,5.0,2.0,4.0,11.0,57.0,7.93e-11,8.7e-11,8.315e-11,25.0,1
1118,5.0,5.0,2.0,4.0,11.0,60.0,7.94e-11,8.717e-11,8.328e-11,25.0,1
1119,5.0,5.0,2.0,4.0,11.0,63.0,7.951e-11,8.733e-11,8.342e-11,25.0,1
1120,5.0,5.0,2.0,4.0,11.0,66.0,7.964e-11,8.752e-11,8.358e-11,25.0,1
1121,5.0,5.0,2.0,4.0,13.0,48.0,7.904e-11,8.65e-11,8.277e-11,25.0,1
1122,5.0,5.0,2.0,4.0,13.0,51.0,7.9e-11,8.655e-11,8.277e-11,25.0,1
1123,5.0,5.0,2.0,4.0,13.0,54.0,7.9e-11,8.662e-11,8.281e-11,25.0,1
1124,5.0,5.0,2.0,4.0,13.0,57.0,7.902e-11,8.671e-11,8.286e-11,25.0,1
1125,5.0,5.0,2.0,4.0,13.0,60.0,7.907e-11,8.682e-11,8.295e-11,25.0,1
1126,5.0,5.0,2.0,4.0,13.0,63.0,7.915e-11,8.696e-11,8.305e-11,25.0,1
1127,5.0,5.0,2.0,4.0,13.0,66.0,7.924e-11,8.708e-11,8.316e-11,25.0,1
1128,5.0,5.0,2.0,4.0,15.0,48.0,7.909e-11,8.657e-11,8.283e-11,25.0,1
1129,5.0,5.0,2.0,4.0,15.0,51.0,7.902e-11,8.658e-11,8.28e-11,25.0,1
1130,5.0,5.0,2.0,4.0,15.0,54.0,7.899e-11,8.663e-11,8.281e-11,25.0,1
1131,5.0,5.0,2.0,4.0,15.0,57.0,7.898e-11,8.668e-11,8.283e-11,25.0,1
1132,5.0,5.0,2.0,4.0,15.0,60.0,7.901e-11,8.677e-11,8.289e-11,25.0,1
1133,5.0,5.0,2.0,4.0,15.0,63.0,7.905e-11,8.686e-11,8.295e-11,25.0,1
1134,5.0,5.0,2.0,4.0,15.0,66.0,7.911e-11,8.695e-11,8.303e-11,25.0,1
