index,f2,f3,f4,f5,tplh1,tphl1,tp1,tplh2,tphl2,tp2,tplh3,tphl3,tp3,tplh4,tphl4,tp4,tplh5,tphl5,tp5,tp_total,temper,alter#
1,3,9,27,80,7.881E-12,6.94E-12,7.41E-12,5.665E-12,5.336E-12,5.501E-12,5.436E-12,5.16E-12,5.298E-12,5.402E-12,5.124E-12,5.263E-12,5.845E-12,5.44E-12,5.642E-12,2.911E-11,25,1
2,3,9,27,84,7.88E-12,6.935E-12,7.408E-12,5.669E-12,5.337E-12,5.503E-12,5.434E-12,5.158E-12,5.296E-12,5.556E-12,5.267E-12,5.411E-12,5.738E-12,5.362E-12,5.55E-12,2.917E-11,25,1
3,3,9,27,88,7.885E-12,6.939E-12,7.412E-12,5.669E-12,5.335E-12,5.502E-12,5.432E-12,5.157E-12,5.295E-12,5.709E-12,5.407E-12,5.558E-12,5.647E-12,5.285E-12,5.466E-12,2.923E-11,25,1
4,3,9,25,80,7.882E-12,6.939E-12,7.411E-12,5.67E-12,5.338E-12,5.504E-12,5.206E-12,4.946E-12,5.076E-12,5.547E-12,5.25E-12,5.398E-12,5.932E-12,5.535E-12,5.734E-12,2.912E-11,25,1
5,3,9,25,84,7.879E-12,6.94E-12,7.41E-12,5.669E-12,5.339E-12,5.504E-12,5.205E-12,4.945E-12,5.075E-12,5.71E-12,5.399E-12,5.554E-12,5.824E-12,5.455E-12,5.64E-12,2.918E-11,25,1
6,3,9,25,88,7.89E-12,6.936E-12,7.413E-12,5.67E-12,5.338E-12,5.504E-12,5.205E-12,4.944E-12,5.075E-12,5.872E-12,5.546E-12,5.709E-12,5.737E-12,5.384E-12,5.561E-12,2.926E-11,25,1
7,3,9,29,80,7.885E-12,6.929E-12,7.407E-12,5.655E-12,5.337E-12,5.496E-12,5.664E-12,5.372E-12,5.518E-12,5.278E-12,5.022E-12,5.15E-12,5.771E-12,5.359E-12,5.565E-12,2.914E-11,25,1
8,3,9,29,84,7.882E-12,6.935E-12,7.409E-12,5.664E-12,5.334E-12,5.499E-12,5.663E-12,5.369E-12,5.516E-12,5.424E-12,5.156E-12,5.29E-12,5.677E-12,5.273E-12,5.475E-12,2.919E-11,25,1
9,3,9,29,88,7.881E-12,6.934E-12,7.408E-12,5.666E-12,5.334E-12,5.5E-12,5.66E-12,5.367E-12,5.513E-12,5.568E-12,5.292E-12,5.43E-12,5.57E-12,5.198E-12,5.384E-12,2.923E-11,25,1
10,3,7,27,80,7.902E-12,6.953E-12,7.428E-12,4.98E-12,4.687E-12,4.834E-12,6.02E-12,5.633E-12,5.827E-12,5.691E-12,5.453E-12,5.572E-12,5.913E-12,5.482E-12,5.697E-12,2.936E-11,25,1
11,3,7,27,84,7.902E-12,6.948E-12,7.425E-12,4.984E-12,4.686E-12,4.835E-12,6.014E-12,5.632E-12,5.823E-12,5.85E-12,5.602E-12,5.726E-12,5.81E-12,5.399E-12,5.604E-12,2.941E-11,25,1
12,3,7,27,88,7.907E-12,6.948E-12,7.427E-12,4.984E-12,4.687E-12,4.835E-12,6.013E-12,5.63E-12,5.822E-12,6.007E-12,5.748E-12,5.878E-12,5.72E-12,5.326E-12,5.523E-12,2.948E-11,25,1
13,3,7,25,80,7.903E-12,6.949E-12,7.426E-12,4.985E-12,4.688E-12,4.836E-12,5.732E-12,5.378E-12,5.555E-12,5.828E-12,5.567E-12,5.697E-12,5.983E-12,5.577E-12,5.78E-12,2.929E-11,25,1
14,3,7,25,84,7.897E-12,6.95E-12,7.423E-12,4.984E-12,4.693E-12,4.838E-12,5.73E-12,5.376E-12,5.553E-12,5.992E-12,5.722E-12,5.857E-12,5.89E-12,5.491E-12,5.691E-12,2.936E-11,25,1
15,3,7,25,88,7.905E-12,6.949E-12,7.427E-12,4.985E-12,4.69E-12,4.837E-12,5.728E-12,5.375E-12,5.551E-12,6.157E-12,5.875E-12,6.016E-12,5.805E-12,5.421E-12,5.613E-12,2.944E-11,25,1
16,3,7,29,80,7.902E-12,6.948E-12,7.425E-12,4.982E-12,4.686E-12,4.834E-12,6.304E-12,5.889E-12,6.097E-12,5.59E-12,5.362E-12,5.476E-12,5.861E-12,5.403E-12,5.632E-12,2.946E-11,25,1
17,3,7,29,84,7.902E-12,6.949E-12,7.426E-12,4.981E-12,4.686E-12,4.833E-12,6.302E-12,5.887E-12,6.094E-12,5.739E-12,5.501E-12,5.62E-12,5.744E-12,5.32E-12,5.532E-12,2.951E-11,25,1
18,3,7,29,88,7.906E-12,6.949E-12,7.427E-12,4.981E-12,4.69E-12,4.836E-12,6.296E-12,5.885E-12,6.09E-12,5.887E-12,5.641E-12,5.764E-12,5.652E-12,5.244E-12,5.448E-12,2.957E-11,25,1
19,3,11,27,80,7.866E-12,6.929E-12,7.398E-12,6.346E-12,5.965E-12,6.156E-12,5.133E-12,4.888E-12,5.011E-12,5.234E-12,4.92E-12,5.077E-12,5.805E-12,5.415E-12,5.61E-12,2.925E-11,25,1
20,3,11,27,84,7.862E-12,6.907E-12,7.385E-12,6.354E-12,5.966E-12,6.16E-12,5.13E-12,4.89E-12,5.01E-12,5.379E-12,5.055E-12,5.217E-12,5.7E-12,5.335E-12,5.518E-12,2.929E-11,25,1
21,3,11,27,88,7.869E-12,6.925E-12,7.397E-12,6.348E-12,5.964E-12,6.156E-12,5.129E-12,4.89E-12,5.009E-12,5.533E-12,5.191E-12,5.362E-12,5.605E-12,5.264E-12,5.435E-12,2.936E-11,25,1
22,3,11,25,80,7.867E-12,6.926E-12,7.396E-12,6.355E-12,5.969E-12,6.162E-12,4.936E-12,4.702E-12,4.819E-12,5.394E-12,5.054E-12,5.224E-12,5.892E-12,5.512E-12,5.702E-12,2.93E-11,25,1
23,3,11,25,84,7.859E-12,6.929E-12,7.394E-12,6.347E-12,5.969E-12,6.158E-12,4.935E-12,4.7E-12,4.817E-12,5.554E-12,5.198E-12,5.376E-12,5.788E-12,5.435E-12,5.611E-12,2.936E-11,25,1
24,3,11,25,88,7.873E-12,6.929E-12,7.401E-12,6.353E-12,5.969E-12,6.161E-12,4.934E-12,4.702E-12,4.818E-12,5.713E-12,5.343E-12,5.528E-12,5.701E-12,5.362E-12,5.531E-12,2.944E-11,25,1
25,3,11,29,80,7.864E-12,6.926E-12,7.395E-12,6.344E-12,5.961E-12,6.153E-12,5.329E-12,5.077E-12,5.203E-12,5.103E-12,4.811E-12,4.957E-12,5.727E-12,5.329E-12,5.528E-12,2.924E-11,25,1
26,3,11,29,84,7.865E-12,6.929E-12,7.397E-12,6.341E-12,5.962E-12,6.152E-12,5.331E-12,5.077E-12,5.204E-12,5.244E-12,4.94E-12,5.092E-12,5.621E-12,5.245E-12,5.433E-12,2.928E-11,25,1
27,3,11,29,88,7.865E-12,6.926E-12,7.395E-12,6.343E-12,5.961E-12,6.152E-12,5.325E-12,5.076E-12,5.2E-12,5.386E-12,5.071E-12,5.228E-12,5.519E-12,5.171E-12,5.345E-12,2.932E-11,25,1
28,2,9,27,80,6.437E-12,5.573E-12,6.005E-12,6.741E-12,6.271E-12,6.506E-12,5.971E-12,5.739E-12,5.855E-12,5.533E-12,5.202E-12,5.368E-12,5.852E-12,5.441E-12,5.647E-12,2.938E-11,25,1
29,2,9,27,84,6.439E-12,5.573E-12,6.006E-12,6.741E-12,6.27E-12,6.505E-12,5.966E-12,5.738E-12,5.852E-12,5.686E-12,5.344E-12,5.515E-12,5.746E-12,5.363E-12,5.554E-12,2.943E-11,25,1
30,2,9,27,88,6.437E-12,5.573E-12,6.005E-12,6.741E-12,6.271E-12,6.506E-12,5.964E-12,5.736E-12,5.85E-12,5.838E-12,5.485E-12,5.661E-12,5.662E-12,5.297E-12,5.48E-12,2.95E-11,25,1
31,2,9,25,80,6.435E-12,5.573E-12,6.004E-12,6.748E-12,6.278E-12,6.513E-12,5.729E-12,5.508E-12,5.619E-12,5.68E-12,5.328E-12,5.504E-12,5.937E-12,5.538E-12,5.737E-12,2.938E-11,25,1
32,2,9,25,84,6.439E-12,5.567E-12,6.003E-12,6.747E-12,6.274E-12,6.51E-12,5.725E-12,5.507E-12,5.616E-12,5.838E-12,5.477E-12,5.658E-12,5.836E-12,5.457E-12,5.646E-12,2.943E-11,25,1
33,2,9,25,88,6.439E-12,5.573E-12,6.006E-12,6.748E-12,6.273E-12,6.511E-12,5.723E-12,5.505E-12,5.614E-12,6.006E-12,5.626E-12,5.816E-12,5.742E-12,5.387E-12,5.565E-12,2.951E-11,25,1
34,2,9,29,80,6.436E-12,5.573E-12,6.004E-12,6.735E-12,6.269E-12,6.502E-12,6.21E-12,5.969E-12,6.089E-12,5.413E-12,5.098E-12,5.256E-12,5.777E-12,5.372E-12,5.575E-12,2.943E-11,25,1
35,2,9,29,84,6.439E-12,5.57E-12,6.005E-12,6.73E-12,6.274E-12,6.502E-12,6.207E-12,5.967E-12,6.087E-12,5.555E-12,5.233E-12,5.394E-12,5.67E-12,5.28E-12,5.475E-12,2.946E-11,25,1
36,2,9,29,88,6.44E-12,5.573E-12,6.007E-12,6.735E-12,6.267E-12,6.501E-12,6.206E-12,5.963E-12,6.085E-12,5.699E-12,5.367E-12,5.533E-12,5.577E-12,5.21E-12,5.393E-12,2.952E-11,25,1
37,2,7,27,80,6.446E-12,5.58E-12,6.013E-12,5.756E-12,5.393E-12,5.575E-12,6.457E-12,6.146E-12,6.301E-12,5.784E-12,5.502E-12,5.643E-12,5.923E-12,5.494E-12,5.709E-12,2.924E-11,25,1
38,2,7,27,84,6.447E-12,5.581E-12,6.014E-12,5.755E-12,5.391E-12,5.573E-12,6.453E-12,6.143E-12,6.298E-12,5.942E-12,5.651E-12,5.797E-12,5.815E-12,5.415E-12,5.615E-12,2.93E-11,25,1
39,2,7,27,88,6.445E-12,5.58E-12,6.013E-12,5.756E-12,5.398E-12,5.577E-12,6.45E-12,6.142E-12,6.296E-12,6.099E-12,5.798E-12,5.948E-12,5.725E-12,5.33E-12,5.527E-12,2.936E-11,25,1
40,2,7,25,80,6.447E-12,5.574E-12,6.01E-12,5.756E-12,5.393E-12,5.575E-12,6.162E-12,5.875E-12,6.019E-12,5.917E-12,5.615E-12,5.766E-12,5.995E-12,5.575E-12,5.785E-12,2.915E-11,25,1
41,2,7,25,84,6.449E-12,5.58E-12,6.015E-12,5.758E-12,5.398E-12,5.578E-12,6.158E-12,5.874E-12,6.016E-12,6.08E-12,5.771E-12,5.926E-12,5.895E-12,5.494E-12,5.695E-12,2.923E-11,25,1
42,2,7,25,88,6.451E-12,5.581E-12,6.016E-12,5.758E-12,5.398E-12,5.578E-12,6.156E-12,5.872E-12,6.014E-12,6.247E-12,5.926E-12,6.086E-12,5.81E-12,5.424E-12,5.617E-12,2.931E-11,25,1
43,2,7,29,80,6.449E-12,5.565E-12,6.007E-12,5.748E-12,5.395E-12,5.571E-12,6.753E-12,6.412E-12,6.582E-12,5.683E-12,5.407E-12,5.545E-12,5.865E-12,5.409E-12,5.637E-12,2.934E-11,25,1
44,2,7,29,84,6.451E-12,5.58E-12,6.015E-12,5.751E-12,5.387E-12,5.569E-12,6.747E-12,6.41E-12,6.579E-12,5.832E-12,5.55E-12,5.691E-12,5.749E-12,5.331E-12,5.54E-12,2.939E-11,25,1
45,2,7,29,88,6.449E-12,5.581E-12,6.015E-12,5.753E-12,5.395E-12,5.574E-12,6.745E-12,6.408E-12,6.576E-12,5.98E-12,5.691E-12,5.835E-12,5.657E-12,5.25E-12,5.454E-12,2.945E-11,25,1
46,2,11,27,80,6.433E-12,5.556E-12,5.994E-12,7.738E-12,7.149E-12,7.443E-12,5.734E-12,5.515E-12,5.624E-12,5.402E-12,5.03E-12,5.216E-12,5.81E-12,5.416E-12,5.613E-12,2.989E-11,25,1
47,2,11,27,84,6.433E-12,5.569E-12,6.001E-12,7.741E-12,7.142E-12,7.441E-12,5.733E-12,5.513E-12,5.623E-12,5.549E-12,5.167E-12,5.358E-12,5.711E-12,5.341E-12,5.526E-12,2.995E-11,25,1
48,2,11,27,88,6.433E-12,5.568E-12,6.001E-12,7.741E-12,7.142E-12,7.441E-12,5.731E-12,5.511E-12,5.621E-12,5.699E-12,5.305E-12,5.502E-12,5.611E-12,5.267E-12,5.439E-12,3E-11,25,1
49,2,11,25,80,6.433E-12,5.568E-12,6.001E-12,7.751E-12,7.148E-12,7.45E-12,5.523E-12,5.306E-12,5.415E-12,5.563E-12,5.166E-12,5.365E-12,5.896E-12,5.517E-12,5.707E-12,2.994E-11,25,1
50,2,11,25,84,6.433E-12,5.565E-12,5.999E-12,7.754E-12,7.148E-12,7.451E-12,5.521E-12,5.305E-12,5.413E-12,5.719E-12,5.312E-12,5.516E-12,5.798E-12,5.438E-12,5.618E-12,3E-11,25,1
51,2,11,25,88,6.429E-12,5.569E-12,5.999E-12,7.751E-12,7.152E-12,7.451E-12,5.519E-12,5.303E-12,5.411E-12,5.879E-12,5.457E-12,5.668E-12,5.713E-12,5.368E-12,5.54E-12,3.007E-11,25,1
52,2,11,29,80,6.432E-12,5.568E-12,6E-12,7.732E-12,7.137E-12,7.434E-12,5.945E-12,5.719E-12,5.832E-12,5.271E-12,4.917E-12,5.094E-12,5.733E-12,5.338E-12,5.535E-12,2.99E-11,25,1
53,2,11,29,84,6.433E-12,5.568E-12,6.001E-12,7.731E-12,7.137E-12,7.434E-12,5.943E-12,5.717E-12,5.83E-12,5.411E-12,5.048E-12,5.23E-12,5.631E-12,5.254E-12,5.443E-12,2.994E-11,25,1
54,2,11,29,88,6.433E-12,5.569E-12,6.001E-12,7.73E-12,7.136E-12,7.433E-12,5.941E-12,5.716E-12,5.829E-12,5.552E-12,5.178E-12,5.365E-12,5.53E-12,5.178E-12,5.354E-12,2.998E-11,25,1
55,4,9,27,80,9.183E-12,8.155E-12,8.669E-12,5.195E-12,4.878E-12,5.036E-12,5.205E-12,4.876E-12,5.041E-12,5.347E-12,5.092E-12,5.219E-12,5.843E-12,5.437E-12,5.64E-12,2.961E-11,25,1
56,4,9,27,84,9.176E-12,8.155E-12,8.665E-12,5.195E-12,4.874E-12,5.034E-12,5.21E-12,4.875E-12,5.042E-12,5.5E-12,5.234E-12,5.367E-12,5.735E-12,5.354E-12,5.545E-12,2.965E-11,25,1
57,4,9,27,88,9.189E-12,8.155E-12,8.672E-12,5.194E-12,4.879E-12,5.036E-12,5.208E-12,4.874E-12,5.041E-12,5.648E-12,5.375E-12,5.512E-12,5.644E-12,5.281E-12,5.463E-12,2.972E-11,25,1
58,4,9,25,80,9.176E-12,8.155E-12,8.665E-12,5.196E-12,4.876E-12,5.036E-12,4.988E-12,4.671E-12,4.829E-12,5.494E-12,5.214E-12,5.354E-12,5.931E-12,5.535E-12,5.733E-12,2.962E-11,25,1
59,4,9,25,84,9.173E-12,8.154E-12,8.663E-12,5.195E-12,4.876E-12,5.035E-12,4.987E-12,4.671E-12,4.829E-12,5.656E-12,5.363E-12,5.51E-12,5.826E-12,5.453E-12,5.64E-12,2.968E-11,25,1
60,4,9,25,88,9.188E-12,8.154E-12,8.671E-12,5.195E-12,4.877E-12,5.036E-12,4.981E-12,4.67E-12,4.825E-12,5.82E-12,5.511E-12,5.665E-12,5.74E-12,5.382E-12,5.561E-12,2.976E-11,25,1
61,4,9,29,80,9.162E-12,8.153E-12,8.658E-12,5.193E-12,4.877E-12,5.035E-12,5.428E-12,5.08E-12,5.254E-12,5.227E-12,4.99E-12,5.109E-12,5.772E-12,5.368E-12,5.57E-12,2.963E-11,25,1
62,4,9,29,84,9.191E-12,8.154E-12,8.672E-12,5.19E-12,4.873E-12,5.031E-12,5.432E-12,5.078E-12,5.255E-12,5.366E-12,5.126E-12,5.246E-12,5.675E-12,5.27E-12,5.472E-12,2.968E-11,25,1
63,4,9,29,88,9.174E-12,8.154E-12,8.664E-12,5.19E-12,4.872E-12,5.031E-12,5.432E-12,5.077E-12,5.254E-12,5.51E-12,5.259E-12,5.384E-12,5.568E-12,5.195E-12,5.381E-12,2.972E-11,25,1
64,4,7,27,80,9.219E-12,8.172E-12,8.695E-12,4.639E-12,4.337E-12,4.488E-12,5.834E-12,5.395E-12,5.615E-12,5.656E-12,5.434E-12,5.545E-12,5.916E-12,5.48E-12,5.698E-12,3.004E-11,25,1
65,4,7,27,84,9.222E-12,8.174E-12,8.698E-12,4.637E-12,4.331E-12,4.484E-12,5.831E-12,5.396E-12,5.613E-12,5.814E-12,5.582E-12,5.698E-12,5.808E-12,5.402E-12,5.605E-12,3.01E-11,25,1
66,4,7,27,88,9.219E-12,8.17E-12,8.695E-12,4.641E-12,4.33E-12,4.485E-12,5.828E-12,5.394E-12,5.611E-12,5.97E-12,5.728E-12,5.849E-12,5.719E-12,5.327E-12,5.523E-12,3.016E-11,25,1
67,4,7,25,80,9.208E-12,8.172E-12,8.69E-12,4.639E-12,4.329E-12,4.484E-12,5.553E-12,5.145E-12,5.349E-12,5.786E-12,5.545E-12,5.666E-12,5.988E-12,5.571E-12,5.779E-12,2.997E-11,25,1
68,4,7,25,84,9.204E-12,8.17E-12,8.687E-12,4.64E-12,4.329E-12,4.484E-12,5.55E-12,5.143E-12,5.347E-12,5.953E-12,5.7E-12,5.827E-12,5.888E-12,5.491E-12,5.689E-12,3.003E-11,25,1
69,4,7,25,88,9.22E-12,8.171E-12,8.696E-12,4.642E-12,4.327E-12,4.484E-12,5.546E-12,5.144E-12,5.345E-12,6.121E-12,5.857E-12,5.989E-12,5.799E-12,5.42E-12,5.61E-12,3.012E-11,25,1
70,4,7,29,80,9.219E-12,8.171E-12,8.695E-12,4.639E-12,4.336E-12,4.487E-12,6.119E-12,5.645E-12,5.882E-12,5.556E-12,5.342E-12,5.449E-12,5.847E-12,5.407E-12,5.627E-12,3.014E-11,25,1
71,4,7,29,84,9.205E-12,8.172E-12,8.689E-12,4.638E-12,4.327E-12,4.483E-12,6.117E-12,5.643E-12,5.88E-12,5.702E-12,5.484E-12,5.593E-12,5.743E-12,5.318E-12,5.531E-12,3.018E-11,25,1
72,4,7,29,88,9.221E-12,8.17E-12,8.695E-12,4.64E-12,4.325E-12,4.482E-12,6.114E-12,5.641E-12,5.877E-12,5.851E-12,5.623E-12,5.737E-12,5.65E-12,5.243E-12,5.447E-12,3.024E-11,25,1
73,4,11,27,80,9.154E-12,8.14E-12,8.647E-12,5.735E-12,5.399E-12,5.567E-12,4.861E-12,4.578E-12,4.72E-12,5.155E-12,4.874E-12,5.014E-12,5.796E-12,5.416E-12,5.606E-12,2.955E-11,25,1
74,4,11,27,84,9.152E-12,8.14E-12,8.646E-12,5.73E-12,5.399E-12,5.565E-12,4.86E-12,4.578E-12,4.719E-12,5.307E-12,5.011E-12,5.159E-12,5.692E-12,5.33E-12,5.511E-12,2.96E-11,25,1
75,4,11,27,88,9.166E-12,8.141E-12,8.654E-12,5.736E-12,5.398E-12,5.567E-12,4.86E-12,4.577E-12,4.718E-12,5.456E-12,5.147E-12,5.301E-12,5.601E-12,5.259E-12,5.43E-12,2.967E-11,25,1
76,4,11,25,80,9.154E-12,8.141E-12,8.648E-12,5.74E-12,5.402E-12,5.571E-12,4.673E-12,4.4E-12,4.536E-12,5.313E-12,5.004E-12,5.159E-12,5.884E-12,5.513E-12,5.698E-12,2.961E-11,25,1
77,4,11,25,84,9.149E-12,8.142E-12,8.645E-12,5.741E-12,5.403E-12,5.572E-12,4.671E-12,4.4E-12,4.536E-12,5.475E-12,5.149E-12,5.312E-12,5.787E-12,5.433E-12,5.61E-12,2.967E-11,25,1
78,4,11,25,88,9.166E-12,8.142E-12,8.654E-12,5.741E-12,5.401E-12,5.571E-12,4.672E-12,4.399E-12,4.536E-12,5.636E-12,5.296E-12,5.466E-12,5.703E-12,5.363E-12,5.533E-12,2.976E-11,25,1
79,4,11,29,80,9.138E-12,8.14E-12,8.639E-12,5.731E-12,5.397E-12,5.564E-12,5.055E-12,4.755E-12,4.905E-12,5.028E-12,4.765E-12,4.897E-12,5.721E-12,5.336E-12,5.529E-12,2.953E-11,25,1
80,4,11,29,84,9.165E-12,8.14E-12,8.652E-12,5.727E-12,5.395E-12,5.561E-12,5.048E-12,4.754E-12,4.901E-12,5.17E-12,4.894E-12,5.032E-12,5.614E-12,5.245E-12,5.429E-12,2.958E-11,25,1
81,4,11,29,88,9.164E-12,8.14E-12,8.652E-12,5.726E-12,5.397E-12,5.562E-12,5.047E-12,4.753E-12,4.9E-12,5.311E-12,5.024E-12,5.167E-12,5.523E-12,5.169E-12,5.346E-12,2.963E-11,25,1
